block_off	str_off	speaker	text	english
0x0	0x531d		のでぞざっ\n\nけのワののの１１ワワワ	
0x0	0x54cd		ぬてづぺづぺちので１つぼ\nご１１１ワ	
0x0	0x58dd		１のでちワワ１１ワワワワワ１ワ	
0x3153	0x39c4		れぁれぁ５５５５１、１、	
0x52a4	0xed3		陳５、槌蔦４と辻４と４４５・は４５む層４む・４４	
0xa2b9	0x4a1a		ぽぽ。。。。	
0xa2b9	0x4bdb		ミこここ！	
0xa2b9	0x4c05		めぇョしョしョしラぢルめ⟨1a⟩ユぇしョしョヨぎリじしラぢルユぎユぎ⟨1a⟩めぇョ。。。。。。。。セ	
0xa2b9	0x4cc0		姫そそ永そそ\n\n。グ面そそ	
0xa2b9	0x4dd2		コ・⟨18⟩⟨18⟩！コ\nみせみみ	
0xe3f3	0x132d		ょょょ？ヱヤ	
0x114a8	0x35b4		みむむ・ばとむむ。とひへヲむ⟨18⟩とぇ	
0x14629	0x2af5		ピ。とはピ。はぶピ。は	
0x14629	0x2b0d		ピ。ボとはははは５パいドパパパメヒヱビメパ	
0x14629	0x3335		ピねはヤピねはヤピねヌヤピ。ヌヤピ。ヌヤピ。と	
0x16e27	0x4eff		ぴ！ぱナイフゴササザザゴゴサバパヘ	
0x16e27	0x5382		っ？⟨1f⟩はサが	
0x16e27	0x5654		びオオへ⟨1f⟩ーゃけニれ、⟨17⟩	
0x16e27	0x5947		シ画ィヘゐくクニぞれ派？⟨1b⟩フィニーぬ	
0x1c000	0x1ed6		くえオときえぢとオ。ぞとそ⟨1b⟩クとオ⟨1b⟩オとオ。きときえ	
0x1c000	0x383c		むむむ・ゑゑゑ１ゑゑ⟨1a⟩！モモヅ、いパヅ⟨18⟩	
0x1c000	0x43bc		むむむむゑゑゑゑゑゑゑゑモモモモいパい！	
0x1c000	0x453f		むヒごハょモヒオ！モモご。モモヒナ	
0x1e753	0x4eac		・お店を出よう。へへっケケゲコゲグケグケケグゲケココケゼゼゼゼソソゼゼ◇◇ソソグケググソソツヅゼゼツヅ銅凌芝刃グケ◇◇	
0x1e753	0x51ca		れわぅわれ？！ぅぅぅぅぅぅ？！れわわチれ？⟨1f⟩	
0x1e753	0x51e6		ぅぅぅぅ？⟨1f⟩	
0x1e753	0x520a		るチッチる？！ぉぇ唾ぇお？！るッチッる？⟨1f⟩	
0x1e753	0x524a		ゐわわぅゐ？！きが班かぎ？！ゐぅわわゐ？⟨1f⟩	
0x1e753	0x5326		ぅぅぅぅ？⟨1f⟩	
0x1e753	0x53d2		さたちざ？・トナナナ⟨18⟩！？⟨1f⟩	
0x1e753	0x5412		けしすげ？ソサヂぅゴ？ヮワ⟨1f⟩	
0x1e753	0x54d2		ゑぇぇを？セゾわぅジ？！？⟨1f⟩	
0x1e753	0x59b0		ゎりぬハゎりゅ！？・トナナナナ⟨18⟩⟨1f⟩	
0x1e753	0x59c6		・ナナナナト⟨18⟩！？ゆょらハごょゎりぅぅぅぅぅぅぅぅぅぅ	
0x1e753	0x5a05		Ιれッれチれ？！？ゆりよハごゎゎょぅぅぅぅぅぅぅぅぅぅ	
0x1e753	0x5a47		るぅるダる？！？ゆらょハごゎらゎぅぅぅぅぅぅぅぅぅぅ	
0x1e753	0x5a70		ょゎぬハゎよゅ！？！ゐゐゐチゴ？・篠貼⟨18⟩！ゐチゐッゐ？！？ゆりりハごよりゎ	
0x1e753	0x5c07		ぅぅぅぅぅ？ゲコゆりょハごゎょり	
0x1e753	0x5c47		ぅぅぅぅぅ？！？ゆぼりハごゎゎら	
0x1e753	0x5c65		ぅぅぅぅぅぅ？⟨1f⟩	
0x1e753	0x5c70		ゎょぬハゎょゅ！？！チッぅヂヂ？ぁ侍ち裁！ぅぅぅぅぅ？！？ゆゎょハごよりゎ	
0x1e753	0x5ca5		ぅぅぅぅぅぅ？⟨1f⟩	
0x1e753	0x5cb0		よゎぬハりりゅ！？！わわぅわわ？ヮヰヱヲヰワ！ぅぅぅぅぅ？！？ゆりぼハごょらゎ	
0x1e753	0x5ce5		ぅぅぅぅぅぅ？⟨1f⟩	
0x1e753	0x5d87		ナナトナナ嫉？ゆょぼハごゎりよ	
0x21473	0x9a0		は槌陳犯はにぶはぶははには	
0x21473	0xc1a		４　はは８　犯８　はは８　はに４　には８	
0x21473	0xda0		は槌陳犯はにぶはぶははにはダダダダ	
0x21473	0xe20		は槌陳犯はにぶはぶははにはダダダん	
0x21473	0x1020		は槌陳犯はにぶはぶははにはロ	
0x21473	0x2fb2		には４はレはには	
0x21473	0x4ec7		です。ザヲヲリリ	
0x21473	0x52f6		む！ポップる！ポップ砂鯨シンシア	
0x21473	0x618a		たサョ\nュぇ⟨1f⟩。\nフぇ	
0x239f2	0x4855		ざ、うぅッさうウォーリックう	
0x239f2	0x4dfb		ただぜっただぜっそぞぜっ	
0x239f2	0x53f4		レイナレイナレイナレイナ石の王国砂の海８石の王国ぅ！。せ。⟨17⟩	
0x25bca	0x603d		ろ９ゎっゎっゎぢゎつゎぱゎめゎにゎらゎ　？ルず	
0x28047	0x33e		ででょょ？？ゴゴゴゴ	
0x28047	0x1338		よょょツ？	
0x28047	0x13b8		よょょツ？	
0x28047	0x4a97		Ｚげ◇Ｙぁ、げ９♀ゴギユ	
0x2ba14	0x3848		ょょょょヤヤヤヤュレレレ⟨18⟩はははぶぶぶは？？？ヰ	
0x2ba14	0x393a		ぶぶ？？？？	
0x2df31	0x122		公ョプぶゅ？⟨18⟩しぇゴで	
0x2df31	0x331d		テむ１触、・ロレテ・モ触やヒロ	
0x2df31	0x38fe		１地の法皇よ。	
0x2df31	0x4288		ぺピヒメぺピモマ！	
0x5e8a8	0x24	ウォーリック	ふぁぁぁぁぁっ。\n・・・もう、朝かぁ。\n今日の朝御飯は何かな。	Yawn.\n...Morning already, huh.\nWhat's for breakfast?
0x5e8a8	0x7a	レイナ	おはよう、ウォーリック。	Good morning, {WARRICK}.
0x5e8a8	0x96	ウォーリック	おはよう、レイナ。	Morning, {REINA}.
0x5e8a8	0xab	レイナ	朝御飯できるまでもう少しかかるから、まだ寝てていいわよ。\nレイナ\nそうそう。\nブージさんが旅から帰って来るって、今朝ダ　ン君が言いに来たわ。	Breakfast needs a bit longer.\nGo rest some more.\p{REINA}\nOh, right.\n{DAN} says {BOOJ} is back in town.
0x5e8a8	0x10e	ウォーリック	そっか。\n御飯できるまで、ちょっと散歩行ってくるね。	I see.\nThink I'll take a walk first.
0x5e8a8	0x146	レイナ	何処に行くのウォーリック？\nもうすぐ御飯よ。	Where are you going, {WARRICK}?\nFood's almost ready.
0x5e8a8	0x16f	レイナ	御飯もうすぐできるわよ。	Almost ready, OK?
0x5e8a8	0x18c	レイナ	あらっ\nブージさん、いらっしゃい。\n朝御飯、一緒にいかが？	Oh my.\nWelcome back, {BOOJ}.\nJoin us for breakfast?
0x5e8a8	0x1bd	レイナ	おかえりなさい。\nどうしたの二人共？	Welcome home.\nWhat's wrong, you two?
0x5e8a8	0x1e5	ブージ	ウォーリック。\nとにかく大婆様の家に行こう。\nレイナさん、旦那さんを借りるぜ。	{WARRICK}.\nWe need to see {Gran}. Now.\n{REINA}, I'm borrowing your husband.
0x5e8a8	0x225	レイナ	もうっ、ウォーリックったら。\n朝御飯も食べずにどこ行ってたのよ。それより、お客さんが来てるのよ。\n誰だと思う？	Honestly, {WARRICK}!\nRunning off before breakfast.\nGuess who's here?
0x5e8a8	0x2c9	ファーニス	へへっ、ウォーリック。\nひさしぶりぃ、元気だったぁ？	{Haha}, {WARRICK}.\nLong time! How've you been?
0x5e8a8	0x300	ウォーリック	ああっ！\nファーニス。	Ah!\n{FURNIS}!
0x5e8a8	0x320	レイナ	今ファーニスは、行方不明になったお兄さんを探して１人で旅をしているそうよ。	Searching alone for\nher missing brother.
0x5e8a8	0x37d	ファーニス	うん。\n２年ほど前の事なんだけどね。\nお兄ちゃん、エルフの国に住む神官竜カーネル様の所に呼ばれたの。\nファーニス\nそれで、それっきり帰って来ないのよ。カーネル様に聞いても、何も知らないって言うし・・・。	Two years ago, my brother\nwas summoned by Karnel,\nthe Elf priest dragon.\p{FURNIS}\nHe never came back.\nKarnel claims he knows nothing...
0x5e8a8	0x40d	レイナ	ファーニスの兄さんて、かなり強い魔法剣士なんでしょ？	Your brother's a strong\nspellblade, right?
0x5e8a8	0x440	ファーニス	・・・うん。\nお兄ちゃんの事だからそう簡単に死ぬはずないし、あんまり心配してないけどね。\nファーニス\nそれよりウォーリック、どうしたの？血の匂いがするよ。\nこれって、竜の血の匂いじゃない？	...Yeah.\nHe won't die that easily.\nI'm not worried.\p{FURNIS}\n{WARRICK} - I smell blood.\nDragon blood?
0x5e8a8	0x4c9	ウォーリック	ああ。\n実は氷の洞窟で・・・・・。	Yeah.\nTruth is, at the Ice Cavern...
0x5e8a8	0x4fc		ウォーリックは氷の洞窟での出来事を話した。	{WARRICK} told them about\nthe Ice Cavern.
0x5e8a8	0x524	ファーニス	・・・なんか、すごい事になったね。	...Quite a story.
0x5e8a8	0x54d	レイナ	ウォーリック。\nそのパディッシュって人・・・探しに行くんでしょ？	{WARRICK}.\nThis Paddish guy...\nYou're going after him?
0x5e8a8	0x58b	ウォーリック	ああ。\n・・・そのつもりだ。	Yeah.\n...That's the plan.
0x5e8a8	0x5b1	レイナ	・・・わかったわ、ウォーリック。\nすぐ旅の支度するわね。	...All right, {Warrick}.\nI'll get ready right away.
0x5e8a8	0x5f9		レイナが仲間に加わった。	{REINA} joined the party.
0x5e8a8	0x618	レイナ	ごめんね、ファーニス。\nせっかく来てくれたのに・・・。	Sorry, {FURNIS}.\nAnd you came all this way...
0x5e8a8	0x64a	ファーニス	へへっ。\n苦労するね、レイナ。\nもちろん私も連れてってくれるんでしょ？\nファーニス\n私もお兄ちゃん探してるし。\nいいでしょ・・・・・ねっ。	{Haha}.\nRough day, {REINA}.\nTake me along too?\p{FURNIS}\nLooking for my brother too.\nPlease?
0x5e8a8	0x6bd		ファーニスが仲間に加わった。	{FURNIS} joined the party.
0x5e8a8	0x6e8	レイナ	ウォーリック。\nあなたの３剣７はベットの下にしまってあるわ。	{WARRICK}.\nYour sword's\nunder the bed.
0x5e8a8	0x71d	レイナ	はい、ウォーリック。\nひさしぶりだから３剣７の振り方おぼえてる？	Here, {WARRICK}.\nRemember how to swing?
0x5e8a8	0x75c		ベットの下からブロードソードを出した。	You took the broadsword\nfrom under the bed.
0x5edb9	0x10	ダ　ン	ああっ、ウォーリック。\nブージが狩りから帰って来るよ。\n・・・ランバートお兄ちゃんも早く帰って来ないかなぁ。	Ah, {WARRICK}!\n{BOOJ} is back from the hunt.\n...Wish {LAMBERT} would hurry\nhome too.
0x5edb9	0x5d	ダ　ン	ブージ　おかえりぃ。\nお兄ちゃんの事、何かわかった？\nランバート兄ちゃん・・・死んじゃったのぉ？	{BOOJ}, welcome back!\nAny news of my brother?\nIs {LAMBERT}... dead?
0x5edb9	0xad	ブージ	・・・ダ　ン。\nランバートは必ず俺が捜し出して来る。\nブージ\nだから、お前はそんな心配するな。\n・・・わかったな。	...{DAN}.\nI promise you I'll find {LAMBERT}.\p{BOOJ}\nNo more worrying.\n...Hear me?
0x5edb9	0x108	ダ　ン	・・・うん。	...OK.
0x5edb9	0x123	ダ　ン	ねえ　ブージィィ。\n今度は僕も一緒に連れて行ってよ。\n僕も、ランバート兄ちゃんを探すんだ。	{BOOJ}, take me next time.\nI'll find {LAMBERT} too.
0x5edb9	0x16f	ブージ	ランバートはじきに帰って来る。\nほんのちょっと、狩りが長引いているだけだ。\nブージ\nあいつは強い男だ・・・心配する事はない。	{LAMBERT} will be back soon.\nThe hunt ran long.\p{BOOJ}\nHe's a strong man... don't worry.
0x5edb9	0x1de		女剣士　シェリー\nおはようウォーリック。\n今から北の森にラット　ジャイア	{Swordmaid} Sherry\nMorning, {Warrick}!\nIm off to the north woods to hunt Rat Giants.\nCare to come along?
0x5edb9	0x228		朝っぱらからどこ行く気だい？\nそれにしても、いきなり冷えこんできたなぁ。\nフロスト様に何かあったのかな？	Where are you off to so early in the morning?\nIt sure got cold all of a sudden, didn't it?\nI wonder if something happened to Lord Frost?
0x5edb9	0x26d		ピート\nこのごろ魔物の活動が活発になってきてるな。\nまぁ、この辺りにゃ神官竜のフロスト様のおかげで、たいした魔物はいねぇえがな。	Pete\n{Monster}s have been getting more active lately.\nWell, thanks to Lord Frost, the {PriestDgn},\nthere at least aren't any {Monster}s around here.
0x5edb9	0x2bd		んっ、ウォーリックじゃないか。\nお前の見張り当番は来週だぞ。\nケイ	
0x5edb9	0x2e7		そろそろハンターの帰る時期だろ。\nダ　ンの奴、このところ毎日朝早くから門の回りでランバートの帰りを待ってるんだぜ。	It's about time for the {Hunter} to come back, isn't it?\nThat {Dan} guy's been waiting by the gate every\nmorning lately, waiting for {Lambert} to return.
0x5edb9	0x333		ラウニー\nさっき、超でっかいカラスがいっぱい北の方へ飛んで行ったな。\nなぁぁぁんか、嫌な予感がするぜ。	
0x5edb9	0x37d		だめだよ　ウォーリック。\n氷の洞窟に続く森は魔物が多くなったんで、危険だから誰も通すなって大婆様から言われてるんだよ。	
0x5edb9	0x3c6		どこ行くんだい、ウォーリック？\nあんまフラフラしてるとレイナに言いつけるぞ。	
0x5edb9	0x3fa		えっ、大婆様の許しがあるって。\nなら通ってもいいぜ。	
0x5edb9	0x421		あっ、ウォーリック。\n大婆様が呼んでたぜ。	
0x5edb9	0x43f	ダ　ン	ねえ、ウォーリック。\nフロスト様だったら、ランバートお兄ちゃんの事何か知ってるかな。	
0x5edb9	0x469	ダ　ン	そう言えば今朝早く北の方から、凄い音がしたんだ。\n夢だったのかな。	
0x5edb9	0x49f		ウォーリック、いいなぁ。\n俺も旅に行きたいぜ。\nハンターとしての腕がにぶっちまう。	
0x5edb9	0x4ce		ピート\n気をつけろよ、ウォーリック。\nまぁ、レイナがいるから安心だな。	
0x5edb9	0x4f7		旅に出るんだってな、ウォーリック。\n気をつけろよ。	
0x5edb9	0x515		ラウニー\n旅に行くなら、お土産は何でもいいよ。	
0x5edb9	0x53c		女剣士　シェリー\nあっ、ブージ！！\nなぁぁんだ、帰って来ちゃったのかっ。\n私ゃ、てっきりデーモンに食われたんだと思ってたよ。	
0x5edb9	0x58f	ブージ	デーモンは人間を食わんよ。	{Demon}s eat humans.
0x5edb9	0x5a5		女剣士　シェリー\nウォーリック、旅に出るんだって？\nいいなぁぁぁっ。	
0x5edb9	0x5c9		女剣士　シェリー\nブージの奴、ダ　ンを連れて旅に出ちまったんだよ。\n・・・・・私をおいてさっ・・・。	
0x5edb9	0x61a	ブージ	この氷の結晶は何だッ！？\n今までこんな現象、見たことないぞ。	What's this ice crystal?!\nNever seen anything like it.
0x5edb9	0x65b	ウォーリック	なんかヤバイ予感がする。\n早く奥へ行こう。	Bad feeling about this.\nLet's hurry deeper.
0x5edb9	0x694	レイナ	今日はそろそろ休みましょうか？	Call it a day?
0x5edb9	0x6b3		・疲れたからもう寝る。\n・まだ眠くない。	・I'm tired. Time to sleep.\n・Not sleepy yet.
0x5edb9	0x6e9	ウォーリック	おやすみなさぁぁぁい。	Goood night.
0x5edb9	0x703	ウォーリック	ふとんの中が一番幸せ。	Nothing beats a warm bed.
0x5f33e	0x2b	大婆様	ダ　ンの兄ランバートが狩りに出たきり行方不明になり、もう１年がたとうとしている。\nあの男が旅先で死ぬとは思えん。	
0x5f33e	0x7f	大婆様	んっ、ウォーリック、\n肩でも、もんでくれるのかの？	
0x5f33e	0xa6	大婆様	ブージ、ウォーリック、無茶はするでないぞ。	
0x5f33e	0xcf	大婆様	おおっ、ブージか。\n・・・よく帰ったな。\nでっ、旅の方はどうじゃった？	
0x5f33e	0x115	ブージ	どこの国もたいした変化はありませんが、旅先いたる所で魔物による被害の話が上がってました。\nブージ\n魔物の動きが活発になっている様です。	
0x5f33e	0x176	大婆様	・・・うむっ。\nそれは、ワシも感じておる。\n何の力が働いておるのかは見当もつかん。\n大婆様\n村の者にも警戒を怠らぬ様、言っておるが・・・ブージ、ウォーリック、お前達も気をつけるのじゃぞ。	
0x5f33e	0x203	ブージ	・・・それで大婆様。\n実は１時間ほど前に北の方角に、デーモンらしき影が、多数飛んで行くのを見かけました。	
0x5f33e	0x259	大婆様	北・・・氷の洞窟。\n神官竜のフロスト様の所か！？	
0x5f33e	0x28d	ブージ	いえっ、はっきりとは。\nただ、あれがグレーター　デーモンだとしても神官竜を倒せる力はありません。\nブージ\n念のため様子を見に行きたいのですが。	
0x5f33e	0x2ee	大婆様	・・・うむっ、許可しよう。\nだだし無理はするでないぞ。\n大婆様\nカパイ	
0x5f33e	0x32e		達には、ワシの使いで行くと言うのじゃ。\n通してくれるじゃろう。	
0x5f33e	0x37b	大婆様	おおっ、ブージ、ウォーリック。\n帰って来たか。\n氷の洞窟の様子はどうじゃった。	
0x5f33e	0x3d3		ブージは氷の洞窟での出来事を話した。	
0x5f33e	0x3fe	大婆様	・・・そうか。\nそれで、それがそのナイフか。\n旧世界の魔導具だろうかのう？	
0x5f33e	0x445	ウォーリック	ランバートの着ていた３鎧７も見なれない物でした。	
0x5f33e	0x469	大婆様	・・・うむ。\nでは、そのパディッシュという者を、探しに行くのか？	
0x5f33e	0x4b7	ブージ	俺は村に残る。\nダ　ンを残しては行けない。\nブージ\nダ　ンもじきに、ランバートの事を知る時が来る。\nその時、俺はダ　ンに付いていてやりたいんだ。	
0x5f33e	0x525	大婆様	それがよかろう。\nダ　ンもお前の事を、実の兄の様に慕っておる。\nダ　ンの事はまかせたぞ、ブージ。	
0x5f33e	0x56c	ブージ	・・・はい。	
0x5f33e	0x5a0		７　⟨14⟩⟨14⟩ブージが仲間から外れた。	
0x5f33e	0x5bf	大婆様	ウォーリック。\n旅の支度ができたらここに寄るのじゃ。わかったな。	
0x5f33e	0x5f3	ウォーリック	はい、大婆様。	
0x5f33e	0x608	大婆様	ウォーリック。\n旅の支度はまだできんのか？	
0x5f33e	0x636	大婆様	旅の準備はできた様じゃな。\nお前達にこれを預けよう。	
0x5f33e	0x66f	レイナ	・・・これは、遠見の水晶。	
0x5f33e	0x689	大婆様	レイナ、お前なら使いこなせるじゃろう。\n持って行くがいい。	
0x5f33e	0x6ca		遠見の水晶を手に入れた。	
0x5f33e	0x6eb	大婆様	それとウォーリック。\nこの手紙をジーク王国のベイグ王の所へ持って行くのじゃ。\n力になってくれるじゃろう。	
0x5f33e	0x73e		ローラの手紙を手に入れた。	
0x5f33e	0x76a	大婆様	気を付けて行くんじゃぞ。\nわかったな。	
0x5f33e	0x793	大婆様	どうした。\n何か忘れ物か？	
0x5f33e	0x7b6	ブージ	すまんな、ウォーリック。	
0x5f886	0xe		ミール\nいらっしゃいませ。\n今日は何を買いにきたの？	
0x5f886	0x3a		いかがいたします？	
0x5f886	0x4d	・品物を見せて。	・話をしよう。\n・持物を売ります。\n・お店を出よう。	
0x5f886	0x88	ウォーリック	買物は後にするよ。	
0x5f886	0xa8	レイナ	買物は後にするわ。	
0x5f886	0xcc	ウォーリック	あっ、お金が足りない。	
0x5f886	0xed	レイナ	持ち合わせがないわ。	
0x5f886	0x112		ミール\nこのところ、品物不足なのよね。\nジーク王国からの問屋さんが、この間コボルドに襲われたのよ。\nポーションとかは、ここで造ってるからいいけど・・・この先、不安ね。	
0x5f886	0x180		ミール\n旅に出るんでしょ。\n行き先で詰まったら、すぐ道具屋なり魔法屋なりに入るのよ。\nわかった。	
0x5f886	0x1de	ウォーリック	まだ、いいや。	
0x5f886	0x1fb	レイナ	やっぱり、いいわ。\nもうちょっと、使ってからにする。	
0x5f886	0x224		ミール\nありがとうございました。	
0x5f886	0x233		ミール\nああっ！\nちょうどいい時に来たわ、レイナ。\n結婚指輪、サイズ直したの届いたわよ。\nミール\n強い魔法が掛かってるから、指輪職人じゃ直せなくて、魔導具職人に頼んだのよ。\nサイズ直しで２年もかかったなんて、前代未聞ね。	
0x5f886	0x2e9		結婚指輪を受け取った。	
0x5f886	0x300		ミール\n薬草袋は外傷薬が数回分入っているわ。中身は生命力の増強や解毒作用のある薬草を、煎じた物が入っているの。\nちょっとやそっとの怪我なら、たちどころに治るわよ。	
0x5f886	0x387	レイナ	これは多めに買っておきましょ。	
0x5f886	0x3a7		ミール\nこのポーションは、多くの薬草を煮詰めて造った回復薬よ。\nただ薬草を飲むより数倍の効き目はあるわ。\nただし、一回限りだけどね。	
0x5f886	0x412	レイナ	旅先の事を考えて買っておきたいわ。ねぇ・・・ミール、もうちょっと安くならない？	
0x5f886	0x468		グってね、革紐でできた簡単な石投げ器よ。\n安価だし、手軽に使えるのが利点ね。ただ、鎧とかを着込んだ相手には、たいしたダメージは望めないわ。	
0x5f886	0x4da	レイナ	安いし手軽なところがいいわね。	
0x5f886	0x4fb		ミール\nこれは、普通の矢の三分の一ほどの長さの矢の事よ。\nこれは手で投げて使う武器で、かなり正確に敵を狙えるわ。\n値段も手ごろだと思うわよ。	
0x5f886	0x574	レイナ	値段のわりには、威力がありそうね。	
0x5f886	0x5a8	ファーニス	私こういう武器、得意だよ。	
0x5f886	0x5d0	ファーニス	私、今ダート使ってるけど、けっこういいよ。	
0x5f886	0x5fb		ミール\nこの指輪には回復の魔法が掛かっているの。\n気休め程度だけど、怪我した時即座に回復してくれるわ。\nこの値段だけに寿命も短いけどね。	
0x5f886	0x671	レイナ	いくつか買っておきましょう。	
0x5f886	0x68f		ミール\n革でできた、ただの靴よ。\n女性用に造られているから、かわいいデザイ	
0x5f886	0x6c1		の物が多いでしょ。\n旅にはあまり向かないわね。	
0x5f886	0x6f3	ファーニス	ああっ、カワイイィィィ。	
0x5f886	0x70e		ミール\nこれは革でできた、ブーツよ。\n機能性を追究したシ	
0x5f886	0x73d		で、履き心地がとってもいいの。\nまあ、普段生活するにはちょうどいいわね。\n男女兼用だし、よく売れているわよ。	
0x5f886	0x798	レイナ	値段もちょうどいいかしら。	
0x5fdf8	0x1a	ウォーリック	・・・あれっ？\nブージ、いないぞ。\nまだ帰ってないのかな。	
0x5fdf8	0x55	ウォーリック	ブージ、おかえり。\n旅の方はどうだった！？\nウォーリック\n・・・どうしたんだ、ブージ？\n帰って来たばかりなのに武器なんか持って。	
0x5fdf8	0xc0	ブージ	ウォーリックか。\nちょうどいい所に来てくれた。\n一緒に来てくれ。	
0x5fdf8	0xf4	ウォーリック	一体どうしたんだよ！？\nそんなに慌てて。	
0x5fdf8	0x120	ブージ	帰り途中、北の方角に大型のデーモンが数十匹飛んで行くのが見えた。\n様子を見に行きたい、付いて来てくれ。	
0x5fdf8	0x17a	ウォーリック	そんなッ・・・俺、武器らしい物なんて持ってないぞぉ。	
0x5fdf8	0x1b3	ブージ	大丈夫、デーモンを見たのは１時間ほど前だ。\n鉢合せになる事はないだろう。\nさあっ、行こう。	
0x5fdf8	0x215		ブージが仲間に加わった。	
0x5fdf8	0x22a	ブージ	すまんな、ウォーリック。\n一緒に行けなくて。\nそれから俺、ダ　ンを引取る事にしたよ。	
0x5fdf8	0x26e	ウォーリック	・・・そうか。	
0x5fdf8	0x282	ブージ	それに、狩りに連れて行こうと思っている。\n強い男にしてやりたい。	
0x5fdf8	0x2c1		パラエ\nあらっ、ウォーリックじゃない。\nこんな朝早くどうしたの。\nカパイ	
0x5fdf8	0x2ec		なら、見張りの当番で裏の門にいるわよ。	
0x5fdf8	0x305		パラエ\nあらっ、ブージおかえり。\n狩りの方はどうだった？\nパラエ\nあなたも旅の生活なんかやめて、そろそろ身を固めた方がいいんじゃないかい？\nなんなら、いい人紹介しようか？	
0x5fdf8	0x372		パラエ\n旅に出るんだってねぇ。\nまぁ、あなた達の家の事はまかせな。\nいつ帰って来てもいい様に、ちゃんと管理しとくからね。	
0x5fdf8	0x3bf		パラエ\nレイナ。\n旅の方はうまくいってんのかい。	
0x5fdf8	0x3ea		プーラ\nねえぇぇぇ、ウォーリック\n一緒に遊ぼぉぉ。\nお父ちゃん、見張りの当番とかで遊んでくれないんだ。	
0x5fdf8	0x426		プーラ\nああっ、ブージ！\n今度、僕も狩りに連れてってよ。\n僕も将来、デーモン　ハンターになるんだ。\nプーラ\nうちのお父ちゃんはハーピーのハンターだけど、やっぱデーモン　ハンターの方がカッコいいもん。	
0x5fdf8	0x498		プーラ\nウォーリック旅にいくの？\nそれって新婚旅行？	
0x5fdf8	0x4bc		プーラ\nダ　ンはいいな、ブージに狩り教えてもらってんだよ。	
0x5fdf8	0x4e9		パナップお婆ちゃん\n氷の洞窟に住む神官竜のフロスト様は、この地の守り神じゃ。\n遠い昔から、わしらを見守っていて下さる。	
0x5fdf8	0x530		パナップお婆ちゃん\nおおっブージか・・・・・。\nよく帰ったのう。\n狩りの成果はどうじゃった。	
0x5fdf8	0x56c		パナップお婆ちゃん\nウォーリック、レイナ、それにエルフのお嬢ちゃん。\nこの世界はいつも神官竜様に見守られているんだよ。	
0x5fdf8	0x5ae		パナップお婆ちゃん\nウォーリック、帰ったのかい。	
0x5fdf8	0x5d6		ファルフ\nシェリーお姉ちゃんたら、僕を置いて一人でラット　ジャイア	
0x5fdf8	0x605		ト狩りに行っちゃったんだぜ。\n約束してたのに、ひどいよな。	
0x5fdf8	0x62b		ファルフ\nブージ、おかえりぃぃぃ。\nシェリーお姉ちゃんってね、ブージが旅に出ている間、いつもブージの事ばっかり言うんだ。	
0x5fdf8	0x673		ファルフ\nウォーリックお兄ちゃん。\n僕も大人のなったらお兄ちゃんみたいな冒険者になるよ。	
0x5fdf8	0x6a0		ファルフ\n僕も旅行きたい。	
0x5fdf8	0x6c0		ボルナじいさん\n神官竜って言うのはじゃな、世界に数十頭いると言われている偉い竜なんじゃぞ。\nその神官竜様が守って下さる　この村に住めて、わしらは幸せ者じゃのう。	
0x5fdf8	0x725		ボルナじいさん\nよく戻ったなブージ。\nこのごろデーモンの数がめっきり減ったと聞くが、大変じゃの。	
0x5fdf8	0x75f		ボルナじいさん\n森の奥には、オーガがいるからのぉ。\n気を付けてな、ウォーリック。	
0x5fdf8	0x792		ボルナじいさん\nわしも昔みたいに旅に行きたいのう。	
0x5fdf8	0x7b3	ダ　ン	僕ね、ランバートお兄ちゃんが帰って来るまで、ブージと一緒に暮らす事にしたんだ。大婆様もいいって許してくれたんだ。	
0x603cd	0x44	ウォーリック	ブージ、見た事もない竜がいるぞ。\n神官竜か！？\nフロスト様も死んでるみたいだ。	
0x603cd	0x8c	ブージ	神官竜同士で闘ったのか！？\nそんな事、今まで聞いた事がない。\nブージ\nそれにしても妙だな。\nデーモンはともかく、この神官竜はどうやって洞窟に入って来たんだ。	
0x603cd	0xf7	ウォーリック	強力な召喚師でもいるじゃないか。\n普通、デーモンって群をつくらないんだろ。	
0x603cd	0x134	ブージ	・・・そうだな。\nいくら強力な力を持った神官竜でも、この数のデーモンを統率できるはずがない。\nブージ\n何か異常な力が働いている様だ。\n詳しく調べよう、ウォーリック。	
0x603cd	0x1dd	ブージ	この体格の神官竜。\nおそらく、南の大陸に住む緑竜バーダルだろう。\nブージ\n話でしか聞いていないが、バーダルは性格も温厚で、フロスト様と同様人々に敬われている神官竜のはずだ。	
0x603cd	0x258	ブージ	その神官竜が何でこんな所にいるんだ。	
0x603cd	0x27a	ブージ	バーダルはパラサイト　デーモンに操られてたんだ。\nどうやら、そのナイフをめぐってな。	
0x603cd	0x2b5	ウォーリック	立ったまま死んでる。\nどうやら、この騎士がフロスト様と一緒に闘っていた様だな。	
0x603cd	0x2fb	ブージ	・・・今まで見た事もない３鎧７だ。\nどこの国の騎士でもないな。	
0x603cd	0x32d	ウォーリック	兜・・・取ってみようか。	
0x603cd	0x371		ウォーリックは、騎士の死体から兜を外した。	
0x603cd	0x3c0	ブージ	ランバートだ。\n・・・・・なぜだッ！？\nなぜ、ランバートがこんな姿に。	
0x603cd	0x404		目の前に死んでいる騎士を、２人は知っている。２人の友、そしてダ　ンの兄であるその男の名は、ランバート。\n彼は１年前に狩りに出たきり、行方不明になっていた。	
0x603cd	0x47a	ブージ	ランバートは、間違ってもこんな３鎧７は着ない。\nどうなってんだ！？	
0x603cd	0x4ae	ウォーリック	ブージ、早くランバートを連れて村に帰ろう。	
0x603cd	0x4d4	ブージ	・・・いや。\nランバートの死体は、このままにしておこう。\nブージ\n村にはダ　ンがいる。\nこんな姿のランバートを運んで行くわけにはいかない。	
0x603cd	0x535	ウォーリック	これかな？\nフロスト様の言っていたナイフって。	
0x603cd	0x56b		黄金のナイフを手にいれた。	
0x603cd	0x58a	ブージ	フロスト様は休眠期だったはず。	
0x603cd	0x5aa	ブージ	・・・パディッシュか。\n有名な賢者や魔導士の名でもないな。	
0x603cd	0x5e9	ブージ	・・・んんっ？	
0x603cd	0x60b		ブージは、かすかな空気の動きを感じた。\n息絶えていると思われた氷竜が、苦しげにその首を持ち上げた。	
0x603cd	0x669		氷竜　フロスト\n・・・ブージに、ウォーリックか。\n頼みがある。\n氷竜　フロスト\nランバートの・・・３鎧７の下にナイフが隠してある。\nこれを、パディッシュに届けてほしい。\n氷竜　フロスト\nそれだけは貴奴に渡してはならぬ。\n・・・一刻も早く、パディッシュに。	
0x603cd	0x728		言い残すとフロストは数百年に渡る生命活動を停止した。\nすると氷の結晶達がフロストを取り巻き始め、氷の棺を形成した。	
0x603cd	0x79f	ブージ	・・・んんっ！\nウォーリック、隠れろ。	
0x6095b	0x12		城に用件があるのなら、右の通用門を使ってください。	
0x6095b	0x3b		いい天気ですなぁ。\n今日の様に天気がよいと仕事が楽でいいです。\n騎士　ポナー	
0x6095b	0x73		おおっと、騎士がこんな事を言ってはいけませんな。	
0x6095b	0xb5		ト\n今は謁見を行ってはいません。\nまた、あらためて・・・と言いたいのですが、いつ謁見が許されるかさえわかりません。	
0x6095b	0x10c	レイナ	私達はクラウスより長老の手紙を届けに参りました。\n入城の許可をお願いします。	
0x6095b	0x15a		門番に、ローラの手紙を渡した。	
0x6095b	0x18f		ト\nこの手紙は、たしかにベイグ王宛ての物ですな。\n・・・急ぎの様では大変ですな。\n今、確認を取って来ましょう。	
0x6095b	0x20b		ア・・・・・・・・・・・・・・・・・・・・・・・・・・・・。\nファーニス\n・・・遅いねぇ。\nあッ！	
0x6095b	0x24a		ト\nお待たせしました。\n許可が下りましたので入城してください。	
0x6095b	0x27e		ト\nお役目、ご苦労様です。	
0x6095b	0x298		ト\nあなた達もジークの騎士に志願するつもりなのですか？	
0x6095b	0x2bc		ト\nドラゴン　ライダー隊も帰って来たし、一安心ですな。	
0x6095b	0x2d9		騎士　ボーナム\nジーク王国にようこそ。\n表は魔物が多く大変だったでしょう。\nさっ、早く街に入り旅の疲れを癒して下さい。	
0x6095b	0x325		騎士　ペイジ\n今ではジークの騎士ですが、２年前まで私は冒険者だったんですよ。	
0x6095b	0x358		騎士　ペイジ\n・・・・・・・・・・・・・！！\nおっと、立ったまま足踏みまでして寝てしまった。	
0x6095b	0x38e		騎士　パジェロ\nこの頃魔物が多くなりましたが、この国にいれば安心です。\n私達が絶えず街中を巡回して、平和を守っています。	
0x6095b	0x3e0		騎士　ジュナス\nこの国の北にあるカナール採掘場に魔物が出まして、討伐に出た騎士が全滅しました。	
0x6095b	0x415		騎士　ジュナス\nカナール採掘場は銀がたくさん取れる所ですが、今では工夫もすべて引き払っています。	
0x6095b	0x456		僕の役目は子供達の見張りさッ。\n子供達は、よくこの堀の近くで遊ぶんだ。\n騎士　ショー	
0x6095b	0x496		子供が遊びに夢中になって堀に落ちそうになった時、僕が飛び出して子供をつかまえるのさッ。	
0x6095b	0x4dd		子供達も家に帰った様だ。\n魔物も出なかったし、怪我する子供もいなかった。\nそろそろ僕も城に戻るとしましょう。	
0x6095b	0x52b		クリフ\n僕も将来、騎士になるんだ。\nそしたら悪い奴等をバッタバッタ倒すんだッ。	
0x6095b	0x55e		マイク\n今僕達、鬼ごっこしてるんだッ。\nお兄ちゃん達も一緒にやる？	
0x6095b	0x58a		トーマス\n僕ね、僕ね、大きくなったらドラゴン　ライダーになるんだッ。\nカッコいいでしょ。	
0x6095b	0x5bc		アポリー\nお昼寝してたら、みんなどっか遊びに行っちゃった。\n・・・堀に行ってんのかなぁ。	
0x6095b	0x5fc		アポリー\n僕のお兄ちゃん、ドラゴン　ライダーなんだぜッ。\nでも、１週間前から帰ってないんだ。\nきっと、お仕事忙しいんだねッ。	
0x6095b	0x641		ルーシー\nここは街の外だから、ママが来ちゃいけないって言うの。\nでもね、ショー	
0x6095b	0x673		様がいるから安心なのよ。	
0x6095b	0x685		ドリス\n将来、お城の舞踏会にお呼ばれしても恥ずかしくない様に、今から踊りの練習しておくのよ。	
0x6095b	0x6c7		チャーミー\n私ね、王子様のお嫁さんになるの。\nぜったい、なるのぉぉぉぉぉッ。	
0x6095b	0x6fc		宿屋\n⟨14⟩⟨14⟩竜光亭\n御宿泊、御食事\n宴会、３名様より受け給ります。	
0x6095b	0x748		シーな雰囲気の\n素敵なお店。	
0x6095b	0x772		テュース\n\n⟨14⟩天下の逸品を貴方の手に。	
0x6095b	0x79b		ぎ悟郎屋\n\n⟨14⟩感謝の大奉仕セール実施中。	
0x6095b	0x7d1		魔導具の鑑定、買取り、行います。	
0x60fb4	0xe		ミーシャ\nいらっしゃいませ。\n何をお求めでしょうか？	
0x60fb4	0x38		いかがいたします？	
0x60fb4	0x4b	・品物を見せて。	・話をしよう。\n・持物を売ります。\n・お店を出よう。	
0x60fb4	0x80	レイナ	買物は後にするわ。	
0x60fb4	0xa0	レイナ	あらッ、持ち合わせがないわ。	
0x60fb4	0xc4		ミーシャ\n魔法の掛かったアイテムが欲しいなら、ストネールの魔法屋に行ってみて。\n魔法のアイテムだけは、専門家じゃなきゃ危険だわ。	
0x60fb4	0x122		ミーシャ\nこの国は、タリアトフ大陸最強のドラゴン　ライダー部隊がいるって事で有名よ。\nワイバーンに乗って飛んでいる騎士達って、見ていて壮観よ。	
0x60fb4	0x172		ミーシャ\n国境を越えるなら、装備は十分揃えて行った方がいいわよ。\nジークとセルーシュを繋ぐト	
0x60fb4	0x1b0		ネルに超大型のビボルダーが出るって話なのよ。\n行くのなら魔法の装備も必要だと思うわ。	
0x60fb4	0x1f5		ミーシャ\nうちは４割で引取るわよ。	
0x60fb4	0x223	レイナ	やっぱり、もうちょっと使ってからにする。	
0x60fb4	0x244		ミーシャ\nありがとうございました。	
0x60fb4	0x256		ブー父ちゃん\nわしが、この店の主人じゃ。\n娘のミーシャが店を手伝う様になってから、店が大繁盛しておる。\nやっぱ、女の子の方が客も来るのかのう？	
0x60fb4	0x2b8		ブー父ちゃん\nこの国のワイバーンは見たかね。\nわしも、あと３０若ければドラゴン　ライダー隊に志願したのにのう。	
0x60fb4	0x2f8		ミーシャ\nレイピアは、主に突き刺すために造られた細身の３剣７の事よ。\n他の３剣７に比べて、とても軽いから女性にも人気が高いわ。\n筋力より敏捷性が必要ね。	
0x60fb4	0x379	レイナ	レイピアって、とてもキレイな３剣７ね。	
0x60fb4	0x3a5	ファーニス	たいした威力はありそうにないね。	
0x60fb4	0x3c6		ミーシャ\nブロードソードってのは、幅広の片手持ちの３剣７の事よ。\nこの店では、今一番売れてるわ。\nバラ	
0x60fb4	0x40f		スもいいし３盾７と併用して使えば完壁ね。	
0x60fb4	0x43b	レイナ	昔、ウォーリックの使ってた３剣７と同じ物ね。	
0x60fb4	0x45f		ミーシャ\nバスタードソードは、ブロードソードよりちょっと長めの３剣７よ。\n片手でも両手でも使える様に握りが長くなっているの。\nでも、みんな３盾７と併用して使っているわね。	
0x60fb4	0x4e0	レイナ	この３剣７、カッコいいわね。	
0x60fb4	0x4fc		ミーシャ\nこれは、両刃の斧頭が付いた純粋な戦闘用の３斧７よ。\nこの店では１番破壊力はあるけど、扱いは難しいわよ。\nでもこの３斧７で叩かれた日にゃ、あの世行き間違いなし。	
0x60fb4	0x584	レイナ	ウォーリック、こんなの使うのぉ？\nあんまりカッコよくないわ。	
0x60fb4	0x5b7	ファーニス	こんなので叩かれたら痛いだろうなぁ。	
0x60fb4	0x5da		ミーシャ\nスピアっていうのは３槍７の事よ。\n人の身長くらいの木製の柄の先に金属製の穂先が付いた簡単な武器だけど、攻撃力はかなり高いわよ。\nこの店のおすすめ商品よ。	
0x60fb4	0x660	レイナ	これは、中距離攻撃用の武器ね。	
0x60fb4	0x693	ファーニス	この３槍７、いいなぁ。	
0x60fb4	0x6b5	ファーニス	この３槍７、とぉっても使いやすいよ。	
0x60fb4	0x6d6		ミーシャ\nこれは、遠心力を利用した打撃武器よ。スパイクで強化した鉄棒と、握りの部分とを鎖で繋いだ物なの。\n片手で扱えるし、予備の武器として買って行く人が多いわね。	
0x60fb4	0x76d	ファーニス	これって、よく僧侶が持つ武器だね。	
0x61518	0xe		アイシャ\nあっ、いらっしゃいませ。\nえっと・・・私、アルバイトのアイシャと申します。\nよろしくお願いします。	
0x61518	0x6a		いかがいたしましょう？	
0x61518	0x7f	・品物を見せて。	・話をしよう。\n・持物を売ります。\n・お店を出よう。	
0x61518	0xb6	レイナ	買物は、また後にするわ。	
0x61518	0xd9	レイナ	今は、持ち合わせがないの。	
0x61518	0xfa		アイシャ\n私、みんなから、ドジとかノロマとか言われるけど、頑張りますのでよろしくお願いします。	
0x61518	0x13a		アイシャ\nアイシャ、がんばります。	
0x61518	0x15b		アイシャ\nこのお店では、４割で引取らせていただいています。	
0x61518	0x19a	レイナ	今回はやめておくわ。	
0x61518	0x1b2		アイシャ\nありがとうございました。\n・・・また、いらして下さいね。	
0x61518	0x1dc		アイシャ\nえっと・・・バックラーですね。\nこれは小さな円形の３盾７です。\n軽いですし、女性でも簡単に装備できますし・・・安いです。	
0x61518	0x25a	レイナ	私やファーニスも装備できるわね。	
0x61518	0x280	ファーニス	それにしても、お姉ちゃん・・・そんな緊張しないでいいよ。	
0x61518	0x2c7		ドシールドですね。\nこれはバックラーより大きく、強度も高い円形の３盾７です。\nえっと・・・このお店にある３盾７の中では、一番防御力があります。	
0x61518	0x34a	レイナ	これは買っておいた方がいいんじゃない、ウォーリック。	
0x61518	0x378	ウォーリック	この盾はとても使いやすいよ。	
0x61518	0x3a7		ト、まぁぁぁんまるな盾だね。	
0x61518	0x3be		アイシャ\nえっと、これは・・・文字通り動物の革でできた３鎧７です。\nとても軽いので女性にも着れますし、運動性を阻害する事もありません。\nそれに、とても安いです。	
0x61518	0x457		もたくさんあるのね。	
0x61518	0x472	ファーニス	いったい、何の革使ってるのかしら？	
0x61518	0x495		アイシャ\nハードレザーと言うのは、レザーアーマーをワックスで煮込んで固くした物です。\n普通のレザーより、はるかに高い硬度を持っています。\nえっと・・・おすすめ商品です。	
0x61518	0x52e	レイナ	装飾もあって、きれいね。	
0x61518	0x558	ファーニス	ウォーリック、これ欲しいぃぃぃ。	
0x61518	0x57b	ファーニス	私今着ているけど、どう？\n似合うでしょう。	
0x61518	0x5b5		グメイルですね。\nえっと、これはレザーアーマーの表面に小さな金属製の輪を全体に縫い付けて、防御力を高めた物なんです。\nあまり重さもなく、着やすいので以外と売れています。	
0x61518	0x63a	レイナ	あんまり、カッコよくないわね。	
0x61518	0x658		アイシャ\nショルダーガードですね。\nこれは金属製の肩当てです。\n両肩と心臓の部分のアーマーを、革のベルトで繋いだ物ですが・・・えっと、十分役にたつと思います。	
0x61518	0x6dd	レイナ	なんか、冒険者って感じね。	
0x61518	0x6ff		アイシャ\nこれは金属製の３鎧７で、胸と背中の部分とで、セットになっています。\n防御力はとても高く、とても実用的な３鎧７です。\n今、お買い上げいただきますと、イニシャルを無料でお付けします。	
0x61518	0x794	レイナ	ちょと、値段が高いかな。	
0x61518	0x7b9	ファーニス	とってもカッコいいね。	
0x61a35	0xe		ストネール\nいらっしゃいませ。\n私の店へ、ようこそ。	
0x61a35	0x38		いかがいたします？	
0x61a35	0x4c	・品物を見せて。	・話をしよう。\n・持物を売ります。\n・瞬間移動したい。\n・お店を出よう。	
0x61a35	0x84	レイナ	買物は後にするわ。	
0x61a35	0xa4	レイナ	持ち合わせがないわ。	
0x61a35	0xc1		ストネール\n私、今まで、ずぅぅぅぅぅぅぅっと、セルーシュの魔法屋でアルバイトしてたんだけど、先日、やっと自分の店を持つ事ができたのよ。\n嬉しくってたまらないわ。	
0x61a35	0x131		ストネール\n魔導弾の原料になる結晶は各地で取れるんだけど、結晶の集まり方がおかしいの。\nどうやら、あの結晶は旧世界の魔法兵器の残骸らしいわ。	
0x61a35	0x1a0		ストネール\nうちは５割で引取るわよ。	
0x61a35	0x1d1	レイナ	やっぱり、もうちょっと使ってからにする。	
0x61a35	0x1f9		ストネール\nごめんなさい。\n私まだ、瞬間移動の呪文、完全にマスターしてないの。	
0x61a35	0x233		ストネール\n移動の呪文、もう完全に覚えたわ。\nでも、セルーシュ王国の街しか送れないわよ。\n５００ダインだけど、どうする？	
0x61a35	0x280		・セルーシュに行く。\n・やめておく。	
0x61a35	0x29f		ストネール\nじゃあ、始めるわよ。\nストネール\n天地の皇王の名において、我、虚空の門を開かん。\nテレポート！！	
0x61a35	0x30b		ストネール\nありがとうございました。	
0x61a35	0x31c		ストネール\nこのロッドの先端を見て・・・青い水晶が付いているでしょ。\nこの水晶が、貴方の魔力をほんの少し、増幅してくれるわ。\n魔力の制御も簡単だし、この杖は店のヒット商品ね。	
0x61a35	0x3ba	レイナ	きれいなデザイ	
0x61a35	0x3da	ファーニス	水晶がきれいだね。	
0x61a35	0x3f2		ストネール\nこれは、良質の樫の木から削り出した杖に、呪紋処理を施した物なの。\n見て・・・全体に、びっしりルー	
0x61a35	0x44a		が刻み込まれているでしょ。\n水晶のロッドを遥かに凌ぐ力を持っているわ。	
0x61a35	0x494	レイナ	わぁぁぁ、これ欲しいわ。\nねぇウォーリック、買おっ。	
0x61a35	0x4c4	レイナ	今、私が持ってる杖ね。	
0x61a35	0x4e6		ストネール\nこのローブは、魔導士のシ	
0x61a35	0x4fd		ボル的な衣装ねっ。\n上級魔導士が着る事によって、最大の力を発揮するの。\n着る者自身の魔力と同調すれば、高い防御力を得られるはずよ。	
0x61a35	0x576	レイナ	ふぅぅぅん、面白そうね。	
0x61a35	0x593		ストネール\nこれは、水晶の部分で大気中の魔力を吸収して、ヒーリ	
0x61a35	0x5c8		グの呪文に変換する仕組みになっているの。\n水晶には、魔力を増幅させる力があるんだけど、この頃、品質のいい水晶がなかなか無くて・・・。	
0x61a35	0x63c	ファーニス	サイズ直しは、無料かな？	
0x61a35	0x65a		ストネール\nこれも、水晶の指輪と原理はまったく同じよ。\nこの紫水晶は、シルバーホーン産で、品質は最高の物なの。\nパワーもこっちの方が断然上だわ。\n買って損はしないわよ。	
0x61a35	0x6db	レイナ	確かに強い魔力はありそうね。	
0x61a35	0x6fc		ストネール\nこれは、爆発性のある結晶を、制御するために加工した物よ。\n３つのラ	
0x61a35	0x734		クがあって、破壊力の大きい順に、金、銀、銅、の制御カバーが付いているわ。\nこれでも、かなり威力があるわよ。	
0x61a35	0x78d	レイナ	取扱いには、気を付けなきゃ。	
0x61a35	0x7b5	ファーニス	戦闘が楽になりそうね。	
0x61fbe	0xe		ディーゼル\nへいッ、らっしゃい！！\nじゃんじゃん買ってくんなぁ。	
0x61fbe	0x45		どうすんだい？	
0x61fbe	0x56	・品物を見せて。	・話をしよう。\n・持物を売ります。\n・お店を出よう。	
0x61fbe	0x8d	レイナ	買物は後にするわ。	
0x61fbe	0xad	レイナ	お金がないわ。	
0x61fbe	0xc6		ディーゼル\nそうそう、ほんの２〜３日前に地震があったんだよ。\nそんで、レジーナの森に大きな地割れができたんだって。\n行くのなら気ィ付けなッ。	
0x61fbe	0x123		ディーゼル\nセルーシュ王国に渡るんなら、うちの特製ポーションを買って行きなッ。\n噂によると、セルーシュ城は魔物の軍隊に落されたって言うじゃねぇか・・・やだねぇ。	
0x61fbe	0x184		ディーゼル\nこの店じゃ３割で引取るぜ。	
0x61fbe	0x1b9	レイナ	今回はやめておくわ。	
0x61fbe	0x1d1		ディーゼル\nへいッ、毎度あり。\nまた来いや。	
0x61fbe	0x1f6		ディーゼル\nこの薬草袋の中身を、他の店の物と一緒にしてもらっちゃあ困るぜ。\nうちのは特別製なんだよ。\nなんと、ニ	
0x61fbe	0x247		ニクの成分入り。\nなのに他の店の薬草袋と同じ値段！！くぅぅぅぅぅッ、太っ腹だねぇ。	
0x61fbe	0x294	レイナ	効き目は同じみたいね。	
0x61fbe	0x2b8	ファーニス	そんなの入れてどうすんの、おっちゃん！？	
0x61fbe	0x2de		ディーゼル\nこのポーションは、他の店の物と一味ちがぁぁぁう！！\nうちのは特別製なんだよ。\nなっ、なっ、なんと、レモ	
0x61fbe	0x331		入りだぁ。\nどうだっ、まいったかッ！！	
0x61fbe	0x35c	レイナ	美容飲料じゃないんだから。	
0x61fbe	0x383	ファーニス	入れりゃいいってもんじゃないよ、おっちゃん。	
0x61fbe	0x3ab		ディーゼル\nこのキノコだけは、気ィ付けな。\n喰ったら時速６３キロで走り出しちまう、すごいキノコだッ。\nもし魔物が多い所に迷い込んだりしても、こいつを喰えばその足力で逃げ切れるぜ。	
0x61fbe	0x43b	レイナ	あまり食べたくないわね。	
0x61fbe	0x45e	ファーニス	キノコって・・・危険ね。	
0x61fbe	0x48c		ディーゼル\nこいつぁ小型の弓だッ。\n軽いから持ち運びも便利だし、射程距離もそこそこある。\n威力だって馬鹿にならねぇえよ。\nエルフの嬢ちゃんなら、うまく使えるんじゃないかい？	
0x61fbe	0x519	ファーニス	うん、欲しぃぃぃぃぃッ。	
0x61fbe	0x53c	ファーニス	私、持ってるよ。	
0x61fbe	0x555		ディーゼル\nこの弓は使いこなすが大変だぞぉ。\nなにせ、長さが人の身長ぐらいあるんだ。\n速射はきかねぇが、威力と射程距離はピカイチだぜ。\n完全な攻撃用の弓と言えるだろう。	
0x61fbe	0x5e1	レイナ	強そうだけど、大きくて邪魔そうね。	
0x61fbe	0x60c	ファーニス	私の身長より大っきいよ、これ！！	
0x61fbe	0x62f		ディーゼル\nこいつぁ、冒険者専用に造られたブーツだ。\n岩場だろうと草むらだろうと、どこでもオッケー！！\nこれで、旅はかなり楽になる筈だぜ。うちの、おすすめ商品だぁぁぁッ。	
0x61fbe	0x6bc		スもいいわね。	
0x61fbe	0x6cb		ディーゼル\nこりゃ・・・ワイバーンの餌だ。\nワイバーンは、この国の名物だからな。こいつをやるとワイバーンは大喜びするぞぉぉぉ。\nまあ、人間が喰っても害じゃないがね。	
0x61fbe	0x746	レイナ	なんで煎餅なの？	
0x61fbe	0x76a	ファーニス	私もワイバーンに、餌あげたぁぁぁい。ねぇ、買おっ買おっ、	
0x624f6	0xe		ベルニエッタ\n竜光亭へようこそ。\nごゆっくり、おくつろぎ下さい。	
0x624f6	0x45		いかがいたしましょう？	
0x624f6	0x5b		・宿泊します。\n・食事をとろう。\n・話をしよう。\n・テミスを換金します。\n・お店を出よう。	
0x624f6	0x8d	レイナ	お金が足りないわ。	
0x624f6	0xa5		ベルニエッタ\nお泊りですね。\n一泊　３００ダインになります。	
0x624f6	0xd1		・泊まる。\n・やめておく。	
0x624f6	0xec	レイナ	今日はまだ明るいし、そんなに疲れてないわ。	
0x624f6	0x14d	ウォーリック	もう今日はグッタリ。	
0x624f6	0x168	レイナ	だめよウォーリック、みんな起きちゃうわ。	
0x624f6	0x18a	ファーニス	ふぁぁぁッ、今日は疲れた。	
0x624f6	0x1a7		ベルニエッタ\nお食事ですね。\nえっと・・・・・人数分で、ちょうど１００ダインになります。	
0x624f6	0x1e6		・食事にする。\n・やめておく。	
0x624f6	0x203	レイナ	さっき、食事したばかりじゃない。	
0x624f6	0x251		チは、ジーク風羊肉のポトフのセットよ。\n奥のテーブルが、開いているわ。	
0x624f6	0x291	ファーニス	いっただっきまぁぁぁす。\n・・・おッ、美味しぃぃぃぃぃッ。	
0x624f6	0x2e1		チは、砂鯨の大和煮定食よ。奥のテーブルが、開いているわ。	
0x624f6	0x31a	レイナ	いただきます。\n・・・・・うん、まあまあの味ね。	
0x624f6	0x35e		チは、タコの干物のジャムあえ納豆定食よ。\n奥のテーブルが、開いているわ。	
0x624f6	0x399	ウォーリック	・・・なぁ、レイナ。\nこれ本当に食い物なのか？	
0x624f6	0x3cc	レイナ	ウォーリック・・・初めにちょっと食べてみてよ。	
0x624f6	0x3f9	ウォーリック	・・・うん。\nいただきます。\nウォーリック\n・・・・・げッ、げはぁぁぁッ。\nまッ、まずいぃぃぃぃぃぃッ。	
0x624f6	0x462		ベルニエッタ\nベイグ王はこの地のアークデーモンを倒して、たった１代でジークを建国した英雄王よ。\n息子のバーナー王子がまた、とってもカッコイイのよ。	
0x624f6	0x4be		ベルニエッタ\n隣のセルーシュ王国では、聖騎士団の留守をついて魔物が攻め込んだって話よ。\nジーク王国にはドラゴン　ライダーがいるから安心ね。	
0x624f6	0x54c		ベルニエッタ\n換金は、１００テミスからです。\nこの店での今の換金率は、	
0x624f6	0x57a		テミス１０に対してダイン１５です。	
0x624f6	0x592		テミス１０に対してダイン１７です。	
0x624f6	0x5aa		テミス１０に対してダイン２０です。	
0x624f6	0x5c2		どうします？	
0x624f6	0x5d2		・換金する。\n・まだしない。	
0x624f6	0x5e6		・換金する。\n・まだしない。	
0x624f6	0x5fa		・換金する。\n・まだしない。	
0x624f6	0x614	レイナ	もっと、換金率のいい時にするわ。	
0x624f6	0x633		ベルニエッタ\n換金は１００テミス以上ないとできません。	
0x624f6	0x6a7		ベルニエッタ\n換金終りました。	
0x624f6	0x6c4		ベルニエッタ\nまた、いつでもどうぞ。	
0x624f6	0x6f2		チは、味の落差が激しいんだよなぁ。\nタコの料理に気を付けな。	
0x624f6	0x721		ユーノス\n詳しい事はわからねぇがな。\n今、セルーシュは大変なんだってよ。	
0x624f6	0x74c		カミール\nどっかにカワイイ子いないかな。	
0x624f6	0x768		私に、お酒でもおごってくれるのかい。	
0x624f6	0x780		チョリス\n俺もドラゴン　ライダー隊に志願するんだ。	
0x62a3c	0x1b		グ\nカナールが閉鎖されて以来、ろくなことがないよ。\n今は娘の稼ぎが頼りさ。	
0x62a3c	0x5b		グ\n噂話じゃ、セルーシュの方でも何かあったって話しだし、\n世の中どうなっちまったんだろぉなぁ。	
0x62a3c	0x99		グ\nカナールの魔物は蛇かなんかの類だろぉな。俺は１度だけあそこで蛇の這い回る様な音を聞いたんだ。\nあぁぁぁっ、思い出しただけでも鳥肌がたつよ。	
0x62a3c	0x105		グ\nカナール閉鎖前は大がかりな採掘が行なわれていてね、\n中はかなり危険な状態じゃないかな。	
0x62a3c	0x151		グ\nカナールまでの森には、結構変った植物が生えてるらしいよ。	
0x62a3c	0x187		グ\nなぁ、カナールはこの後どうなるのか知らないか。	
0x62a3c	0x1af		グ\n全く、娘には苦労ばかりかけるよ。	
0x62a3c	0x1d0		グ\n王に会ったのかい？\n英雄ってのは歳をとっても堂々としたもんだろう。	
0x62a3c	0x205		グ\nおや、久しぶりだね。\n旅の方は順調かい？。	
0x62a3c	0x237		レアラ\nうちの人、夜も城に詰めたままで時々しか帰ってこないの。\n最近は騎士団も忙しいみたいねぇ。	
0x62a3c	0x275		レアラ\nうちの人はこの国の騎士なの。\n子供が好きで、しょうがないのよ。	
0x62a3c	0x2a6		レアラ\nさて、私もお城の給事の手伝いに行かなくちゃ。	
0x62a3c	0x2ca		レアラ\n王様も昔は冒険者だったんだって。\n知ってた？\n結構、有名な話らしいのよ。	
0x62a3c	0x308		レアラ\nあら、またいらしたの？\nうちの人なら、いつもの仕事場にいると思いますよ。	
0x62a3c	0x340		レアラ\n世間が騒がしいみたいだけど、この街にいるかぎり安心ね。\nドラゴン　ライダー隊には、うちの人だってかなわないんだから。	
0x62a3c	0x384		レアラ\nこのごろ騎士団の人間が、カナールやマーズ砦に派遣されることが増えてきたみたいなの。\nあの人がマーズ砦の守備隊になったりしないか心配だわ。	
0x62a3c	0x3d9		レアラ\nマーズ砦のずっと南にはセルーシュって街があるの。\nとっても素敵な大教会があるそうよ。	
0x62a3c	0x411		レアラ\nあら、ずいぶん見ないと思ったら、\n貴方達もセルーシュの戦争に加わったの？\nずいぶん大勢の人が死んだって話ね。\n戦争なんてやだやだ。	
0x62a3c	0x467		レアラ\nいつも夫婦御一緒で羨ましいわ。\nあの人も、もう少し家にいてくれればいいのに。	
0x62a3c	0x4b9		さんの奥さんはとっても夫想いの方ですわ。\nま、結婚してまだ年が浅いから当然かしらね。	
0x62a3c	0x4f2		アレーナ\nうちの子は、いつも堀のそばで遊んでいますわ。\n騎士のショー	
0x62a3c	0x51c		さんにはお世話になりっぱなしで・・・。	
0x62a3c	0x535		アレーナ\nこの国の王子様は、とても人気があるんですよ。\nドラゴン　ライダーとしても、とても優秀なんだそうで、あの方がおられるから王様もさぞや安心でしょうね。	
0x62a3c	0x58e		アレーナ\nルーシーの父はマーズ砦の守備隊にいるんです。\nなかなか家に帰って来れないんで、ルーシーはすぐショー	
0x62a3c	0x5cd		さんにあまえるんです。	
0x62a3c	0x5ec		グさんも大変ね。\n早くカナールの採掘場が再開されればいいのだけれど。	
0x62a3c	0x61d		アレーナ\n採掘場で御活躍だった方々ね。\nえ？なんで知ってるのかって？\n噂話ってそ〜いうものよ。\nそれに、私こ〜見えても情報通って有名なんだから。	
0x62a3c	0x684		アレーナ\n魔法屋のストネールさんは努力家で有名なのよ。\n結構若いのに自分のお店まで持って、\nここだけの話しだけど、お城のマーシー様にも負けない位すごい術を使えるんですって！\nほんと若いのにすごいわねぇ。	
0x62a3c	0x70d		アレーナ\nこらッ、ルーシー！！\nショー	
0x62a3c	0x727		さんに迷惑かけちゃだめだってあんなに言ってあるでしょ。	
0x62a3c	0x746		ルーシー\nママは怒るけど、ショー	
0x62a3c	0x75a		様優しいんだもん！	
0x62a3c	0x766		シャルト神官\nこの街は平和そのものです。\nしかし、この平和も、多くの戦いと血の元に成り立っているという事を忘れてはなりません。	
0x62a3c	0x7bf	ファーニス	神官さん、お休みかなぁ？	
0x63058	0x10		テュナ\nうちの人は昔は旅商人だったから、旅の人の話を聞くのをとても楽しみにしているのよ。	
0x63058	0x55		テュナ\nこの前はとてもかわいい旅の方がいらしてね、\nお兄さんの様な方と御一緒に家に泊まっていただいたのよ。	
0x63058	0x9a		テュナ\nあら、いつぞやの冒険者の方々ね、\nその人数では家でお世話できないけどゆっくりしていらして。	
0x63058	0xde		テュナ\nいらっしゃい。\nファルさんはまた旅にでられました。\nこんどのお客さんはグレースさんっていう旅の戦士の方ですわ。	
0x63058	0x128		ラダル\nいらっしゃい。\n彼は、ファルといって旅人なんだそうだ。若いのにいろんな話を知っているんだよ。	
0x63058	0x16b		ラダル\nふむ　ふむ　ふむ。\nそこで、君がその亡者の群に切り込んだんだな。	
0x63058	0x19c		ラダル\nそれで？　それで？\n君の相棒は助かったのかね？	
0x63058	0x1c2		ラダル\nなんと！\nシルバーホーンならば、わしも行ったことがあるぞ。\nあそこの紫水晶の指輪はいい商品だったんじゃ。	
0x63058	0x1fb		ラダル\nそぉか。そんなことがあったのか。	
0x63058	0x218		ラダル\nんんっ？\nたしかセルーシュの教会といえばあのころは・・・。	
0x63058	0x240		ラダル\nどうだね、パール君。急ぐ旅でもないんなら、この家にゆっくりしていかないかね？	
0x63058	0x273		ラダル\nパール君、こんな話はしってるかね？\n昔、ここの王様がまだ冒険者だった頃、この地のアークデーモンが・・・。	
0x63058	0x2c2		ファル\n次はどんな話をお聞かせしましょうか？\n各地の伝承を調べれば面白い話は自然と見つかるものです。	
0x63058	0x306		ファル\nこの国のドラゴン　ライダー隊は確かに優秀です。\nしかし、魔法文化の遅れはセルーシュ、ライランドと比べてみるといかんともし難いですね。	
0x63058	0x34f		ファル\nセルーシュとジーク。\n似ていないようですが今のこの２つの国には意外に知られざる共通点があるのです。おわかりになりますか？	
0x63058	0x399		ファル\n遥かに西の大賢者、カーズという方の元には今もなお弟子の志願者が絶えないそうです。	
0x63058	0x3e1		ファル\n赤や青、緑や白と同じく黒もまた数ある色の一つに過ぎないのです。	
0x63058	0x410		ファル\n砂の海というところにはまだまだ謎が多く残されています。\n興味深い地域ですが、残された伝承もまた少ないのです。	
0x63058	0x460		ファル\nクーレイアという名の国を御存知ですか？\nすでに滅んだおとぎの国の名前ですよ。	
0x63058	0x495		ファル\nフローディーテの森の名を知る者は数少ない。\nその名の由来を知る者などいないでしょうね。	
0x63058	0x4cc		ファル\n世界の各地に残る遺跡には当然ながら、\nそれぞれに存在した意味があります。\n今や数百年以上、人目につくことなく眠り続ける遺跡にこそ私の探し求める古い伝承の数々が遺跡と共に眠っているのでしょう。	
0x63058	0x562		グレース\nここの王様も昔は冒険者だったらしいな。俺の昔の仲間は今頃どうしてんだろぉなぁ。もぉ二度と会うこともねえだろぉなぁ。	
0x63058	0x5b6		グレース\n俺も昔は貴方達みたいにパーティーを組んでいた頃があったよ。\n今じゃあ５人全員、自分の道を探す旅の途中さ。	
0x63058	0x606		グレース\n俺は強い剣を探しているんだ。\nもう随分いろんな大陸や国を旅してきたよ。	
0x63058	0x644		グレース\n旅の始まりなんてわからないものさ。\n邪教の教典が俺の全てを狂わせたんだ。\nそして、それが俺の旅の本当の始まりだったんだ。	
0x63058	0x698		グレース\n貴方も仲間は大切にしなよ。	
0x63058	0x6be		パール\n僕は冒険者には向かないのかもしれないなぁ。	
0x63058	0x6df		パール\n私はセルーシュ近辺の冒険者です。\nセルーシュは当分落ち着かないのでこっちへ逃れてきました。	
0x63058	0x719		パール\n僕なんかじゃ、とてもあの辺りでは冒険は続けられそうにありません。	
0x63058	0x74f		パール\nよかったらこれ使ってください。\n僕にはすこし合わないみたいなんです。	
0x63058	0x787		フィールドブーツをもらった。	
0x63058	0x795		パール\nお役に立てれば幸いですよ。	
0x63058	0x7ac		パール\n僕、冒険者稼業やめることにしました。\nこの先のことはゆっくり考えます。	
0x636b9	0x31	ウォーリック	誰か来てくれ。\n怪我人がいるんだ。	
0x636b9	0xb6		ベイグ王\nこの子が運び込まれてもう３日目。\nマーシーの魔法治療で身体は完治しているはずだが、今だに意識が戻らんとは・・・。	
0x636b9	0x122	ファーニス	・・・心配だね。\n私が、エルフ族に伝わる目覚しの秘術を使ってみようか？	
0x636b9	0x164		ベイグ王\nそんな技があるのか！？\n試してみる価値はありそうだ。	
0x636b9	0x197	ファーニス	じゃあ、やってみるね。\n・・・・・・・・ええいっ！！	
0x636b9	0x1de		ベイグ王\n・・・・・何をやっておるのだ？	
0x636b9	0x211	ファーニス	あのね。\nこうやって鼻をつまむと、苦しくて目を覚ますんだよ。	
0x636b9	0x246		ベイグ王\n間違って死んだらどうする。\n早くはなしなさいッ。	
0x636b9	0x291	女の子	・・・ううッ。	
0x636b9	0x2b4		ベイグ王\nおおッ、気が付いた。	
0x636b9	0x2d1	女の子	・・・ううん・・・・・こっ、ここは。\n・・・・・ベイグ様？	
0x636b9	0x32d		ベイグ王\n安心しなさい。\nここはジーク王国だよ、セシリア姫。	
0x636b9	0x360	ウォーリック	・・・ひっ、姫ぇっ！？\nそれはどういう事です、ベイグ王。	
0x636b9	0x39b		ベイグ王\n隠していた訳ではないが彼女の名は、セシリア　サライズ　ド　セルーシュ。神聖セルーシュ王国の、第１王女だ。\nベイグ王\n・・・さぁ、セシリア姫。\n何が起ったのか話してくれるね。	
0x636b9	0x42b	セシリア	・・・突然の事でした。\n城の地下にある礼拝堂から、魔物の大軍が溢れかえる様に現れました。\nセシリア\nその時、聖騎士団は南の森に現れたヒドラ退治に出ており不在。\n・・・守りは神官戦士のみでした。\nセシリア\nしかも、敵の中に強力な魔導士がいるのでしょう。\n神官戦士達の魔法は封じられ、その力を出し切る事なく次々と倒されました。\nセシリア\n母様も、妹も・・・父様も・・・魔物の手にかかり・・・。\nセシリア\nそして大神官のバディット様が、傷つきながらも私とピロームだけを魔法で逃してくれたのです。	
0x636b9	0x5ae	ファーニス	・・・ピローム？\n一緒にいたケルベロスの事ね。	
0x636b9	0x5e0	セシリア	どこかもわからない森でピロームは私を守って魔物と戦い、一睡もせずに結界を張り続けてくれたのです。\nセシリア\n・・・大神官様も、ピロームも・・・みんな私をかばって・・・。	
0x636b9	0x67a		ベイグ王\n気に病む事はない。\n皆、そなたが守るに値する人と信じ、戦ったのだ。\nベイグ王\n今は、その者達のためにも静養しなくてはな。	
0x636b9	0x6f3		さ\n今、セルーシュは？	
0x636b9	0x702		ベイグ王\nうむ。\n今ライランドとジークが加戦し、生き残った聖騎士達と共に城奪回のため戦っている。	
0x636b9	0x748	セシリア	ベイグ王。\n私を国に戻して下さい。	
0x636b9	0x76d		ベイグ王\nそれはできない。\nセルーシュは今とても危険な状態だ。	
0x63c42	0x2b		ベイグ王\nそなた達か・・・ローラの使いの者とは？\n遠い所、ご苦労であった。\nローラは元気にしておるのか？	
0x63c42	0x86	レイナ	はい。\nとても元気にしております。	
0x63c42	0xa8		ベイグ王\nローラとは５０年前、共にデーモン族と戦った仲だ。\nジーク建国の際にも何かと世話になっている。	
0x63c42	0xfa	ファーニス	あのお婆ちゃん、すごいんだね。	
0x63c42	0x117		ベイグ王\n・・・ところで、そなた達はこの手紙の内容を知っているのか？\nローラは、この頃大陸規模で活性化しいる魔物の事を心配している様だ。	
0x63c42	0x188	レイナ	このジーク王国でも、何かあったのでしょうか？\n城の警戒も厳重でしたし、騎士達も緊張している様に感じました。	
0x63c42	0x1d2		ベイグ王\n・・・うむっ。\n１週間ほど前の深夜の事だ。\n黒い鎧に身を包んだ男がこの城に侵入した。\nベイグ王\nその男はワイバーンで城まで飛来し、たった１人で警備をかいくぐり、城の地下室に安置してあったジークの国宝、天の水晶を破壊して行った。	
0x63c42	0x294		ベイグ王\n・・・うむっ。\n天の水晶とは魔物に限らずあらゆる生命の魂を破壊する、旧世界の魔導具だ。\nベイグ王\n私が、先代のセルーシュの王に預けられた物だった。\nそれが、破壊されたのだ。\nベイグ王\nローラの手紙には、活性化した魔物の原因は旧世界を滅ぼした魔神の復活が考えられると書いてある。	
0x63c42	0x373		ぁの復活！？	
0x63c42	0x381		ベイグ王\n魔神伝説はこの大陸のいたる所にあるが、私自身魔神の存在など信じてはいない。\nベイグ王\nしかし、このところ度重なる事件。\n・・・すべて無関係とは思えんな。	
0x63c42	0x409	レイナ	・・・他にも何かあるのでしょうか？	
0x63c42	0x42e		ベイグ王\n・・・いやっ。\nたいした事ではない。\nそなた達は、ここでゆっくり旅の疲れを癒すがよい。	
0x63c42	0x479		宮廷魔術師　マーシー\n２階に部屋を用意します。\n身の周り事は、侍女のキャロルに申しつけて下さい。	
0x63c42	0x4b9		ベイグ王\n部屋に行って、ゆっくり休むがよい。	
0x63c42	0x4e1		ベイグ王\nメデューサは強敵だ。\n無理をしてはいかんぞ。	
0x63c42	0x50d		ベイグ王\n希望だけは忘れてはならない。\n旅の成功を祈る。	
0x63c42	0x53d		近衛　ベルナール\n王に無礼のない様、お願いします。	
0x63c42	0x560		近衛　ベルナール\nご苦労様です。	
0x63c42	0x57b		近衛　チューマッハ\n近衛隊の隊長、チューマッハです。	
0x63c42	0x5a2		近衛　チューマッハ\nみなさん、頑張って下さい。	
0x63c42	0x5c2		近衛　マーモット\n王はお疲れです。\n手短にお願いします。	
0x63c42	0x5e9		近衛　マーモット\n旅の成功を、祈っています。	
0x63c42	0x60c		近衛　マーカス\n王をお守りするのが私達の役目です。	
0x63c42	0x62f		近衛　マーカス\n旅先、水には気を付けて下さいね。	
0x63c42	0x656		近衛　ジャミス\nエルフがこの城に入られるのは初めてです。	
0x63c42	0x678		近衛　ジャミス\nエルフの女の子って、カワイイなぁ。	
0x63c42	0x698		近衛　ポーメス\nベイグ王は奥におられます。\nさあっ、奥にどうぞ。	
0x63c42	0x6c1		近衛　ポーメス\nジークはいい国ですよ。\nここに住みませんか？	
0x63c42	0x6e7		近衛　ベルナール\nそんな所ではなく、王の正面にどうぞ。	
0x63c42	0x70b		宮廷魔術師⟨14⟩マーシー\n謁見は王の正面で行うのが礼儀ですよ。	
0x63c42	0x730		近衛　ベルナール\n何をしているのです。\n王に無礼は許しませんぞッ！！	
0x63c42	0x764		ベイグ王\nそんな所ではなく、私の前に来られい。	
0x63c42	0x793		ベイグ王\n少しばかりだが、薬や装備の足しにしてくれ。	
0x63c42	0x7c6		７　⟨14⟩１０００ダイン受け取った。	
0x641e4	0x19	キャロル	・・・始めまして。\n私、身の周りのお世話をさせていただきます、キャロルです。\nキャロル\n何かありましたら侍女室におりますので、お呼び下さい。	
0x641e4	0x85	ファーニス	・・・どうしたの？\n何か、元気ないわねぇ。	
0x641e4	0xaf	キャロル	いいえ、何でもありません。\n・・・それでは失礼します。	
0x641e4	0x11e	ファーニス	・・・どうしたんだろ？\n悩みの多い年頃なのかしらねぇ。\n・・・・・うんうん。	
0x641e4	0x167	ウォーリック	何、オバさんみたいな事言ってんだよ。それより今日は疲れたな。\n早く休もう。	
0x641e4	0x1b2	ファーニス	ウォーリック、私眠ぅぅぅい。	
0x641e4	0x1dd	ウォーリック	ふぁぁぁっ、今日は疲れたなぁ。	
0x641e4	0x20b	ファーニス	・・・んんッ！？\nウォーリック、レイナ、起きてッ。	
0x641e4	0x23b	ウォーリック	・・・ううん？\n何だよファーニス、まだ寝むいよぉ。	
0x641e4	0x267	ファーニス	何、寝惚けてるのよ。\n誰かこの部屋に来るのよッ！！	
0x641e4	0x2ba	レイナ	ベイグ王！？\nこの様な所にどうしたのです。	
0x641e4	0x2e6		ベイグ王\nお前達の耳に、入れておきたい事があるのだ。\nこの頃頻発している、魔物の事件の事なのだが・・・。	
0x641e4	0x34e		ベイグ王\n隣国のセルーシュが、魔物の大軍に襲われ落城した。\nベイグ王\n現在西の大国ライランド、そして我が国のドラゴン　ライダー隊が加戦し、生き残ったセルーシュの騎士達と共に王城奪回のため戦っている。	
0x641e4	0x3ce	レイナ	魔物が城を！？\n・・・今まで、そんな事なかったのに。	
0x641e4	0x407		ベイグ王\nそれも多種の魔物が統率され、指揮官らしき姿も確認されている。\n既に、軍隊として機能しているらしい。\nベイグ王\nそして魔物共は、自らをクーレイア魔神軍と名のっている。	
0x641e4	0x4ab		ベイグ王\nクーレイアとは、太古に栄えた巨大魔法文明の都市の名だ。\nどこに存在したのかも知られていない、伝説の都市だがな。	
0x641e4	0x50e	レイナ	魔物達の目的はいったい？	
0x641e4	0x52e		ベイグ王\n魔物達の目的はわかっている。\nセルーシュ王国の国宝、地の水晶だ。	
0x641e4	0x582		ベイグ王\n地の水晶は天の水晶と時を同じくして造られた、旧世界の魔導具だ。\n天の水晶は魂を砕き、地の水晶は肉体を砕く。\nベイグ王\n神をも倒せると伝えられている、２つの魔導具・・・その魔導具が我々の手から消え去った。\nベイグ王\n何を意味するか、わかるであろう。	
0x641e4	0x663	レイナ	・・・まさか。	
0x641e4	0x67a		ベイグ王\nあれほどの魔物を操れる存在。\n私がその者なら、自らの弱点は必ず潰しにかかる。\nベイグ王\n・・・まだ断定できる状態ではないので、くれぐれも事を荒立てない様、心してほしい。	
0x641e4	0x70b	ウォーリック	・・・はいっ。	
0x641e4	0x72c	ファーニス	・・・んんっ？\n廊下の方が、やけに騒がしいよ。\n３鎧７のぶつかり合う音がする。	
0x641e4	0x772		ベイグ王\n・・・うむっ。\n何か、あった様だ。\n行ってみよう。	
0x641e4	0x7a6		ベイグ王\n早く、行ってみよう。	
0x6475a	0x2a	ファーニス	あらら！？\nあそこで３剣７振り回して暴れているのキャロルちゃんじゃない？	
0x6475a	0x6e	キャロル	何すんの、放してよッ！！\n私はルークを助けに行くのよ。\n邪魔しないでぇぇぇぇッ。	
0x6475a	0xb3		ヒックス\n落ち着けキャロル。\nお前がメデューサにかなうわけないだろ。逆に石にされちまうぞッ！！	
0x6475a	0xf0	キャロル	私は、負けないわッ。\nそれにルークだって、石になんかなってないもん。\nキャロル\n私が助けにいくのッ。\nそこどいてよぉぉぉッ。	
0x6475a	0x154		マイケル\nわあぁぁぁッ！！\nキャロル、落ち着けッ。\nそんなに３剣７を振り回すなぁぁぁッ。	
0x6475a	0x1c1		ベイグ王\nヒックス、マイケル。\nいったい何事だ！？	
0x6475a	0x1f5		ヒックス\nはッ！！\nキャロルが武器庫より武器を持ち出しまして、カナール採掘場に向かおうとしているのです。	
0x6475a	0x239		ベイグ王\n・・・採掘場か。\nルーク達、騎士を助けに行くつもりなのだな、キャロル。	
0x6475a	0x281	キャロル	・・・はい。	
0x6475a	0x29e	レイナ	採掘場で何かあったのですか？	
0x6475a	0x2c2		ベイグ王\nうむっ、私から話そう。\nヒックス、マイケル。\nお前達は下がってよい。	
0x6475a	0x33a		ベイグ王\n１週間ほど前の事だ。\nジークの北方にあるカナール採掘場にメデューサが住み着き、工夫達が被害をうけた。\nベイグ王\nすぐ、騎士団と魔道士を討伐に向かわせたのだが、返り討ちに会い１人も戻ってこなかった。	
0x6475a	0x3cf	レイナ	それでは、そのルークさんもその時に？	
0x6475a	0x3f3		ベイグ王\n・・・うむ。\n再び討伐隊を出したいのだが、セルーシュにドラゴン　ライダーを出している今、騎士達で国を守るのが精一杯。\nベイグ王\nこれ以上、国内を手薄にするわけにはいかないのだ。	
0x6475a	0x476	キャロル	きっと、ルークは冷たい採掘場の中で、私の助けを待ってるわ。\nキャロル\nルークは、石になんかなってないもん・・・石になんか・・・・石になんか・・・・・石に・・・。\nキャロル\nひっく、ひっく。\n・・・・びえぇぇぇぇぇぇぇぇぇぇぇぇぇぇぇぇぇぇぇぇぇぇぇぇぇぇぇぇぇぇぇぇん。	
0x6475a	0x554	ファーニス	あららッ、泣いちゃった。\n大丈夫だよ、キャロルちゃん。\nメデューサは私達が倒してあげるよ。	
0x6475a	0x59f	レイナ	そうよ。\nメデューサの石化効果なら、倒せば解けるはずよ。\nレイナ\nベイグ王、メデューサ討伐は私達にやらせて下さい。\nメデューサ戦には、魔法の力が必要不可欠と思います。	
0x6475a	0x617		ベイグ王\n・・・すまぬな。\n私が力を貸さねばならぬのに、逆に助けられるとはなぁ。	
0x6475a	0x65c	ファーニス	だいたいメデューサ相手に魔法も使えない騎士じゃ、自殺行為ってもんだよ、王様。	
0x6475a	0x69e	ウォーリック	ああっ。\n俺達なら楽勝だぜッ。	
0x6475a	0x6c9		ベイグ王\n頼むぞ。\nウォーリック、レイナ、ファーニス。討伐のため、少しだが援助を出したい。後で謁見室に寄ってほしい。	
0x6475a	0x73d	キャロル	みなさん、頑張って下さい。\nルークを・・・いえっ、騎士のみんなを救えるのは、あなた達しかいないのです。	
0x64ca4	0x85		ファ\nキャロルったら、かわいそう。\n彼氏が騎士団にいてね、先日、騎士団が採掘場に行ってね・・・それっきり返ってこないのよ。	
0x64ca4	0xd4		ファ\nメデューサにやられた人達も戻って来たし、キャロルよかったね。	
0x64ca4	0x100		ファ\nドラゴン　ライダーも帰って来たし、万事うまくおさまったね。	
0x64ca4	0x126		ソーニア\n私の彼氏って、ドラゴン　ライダーなのよ。でも今、セルーシュに行っていて会えないの。\nさみしいわ。	
0x64ca4	0x15e		ソーニア\nあなた達ね、メデューサを倒したパーティーって。\nホ	
0x64ca4	0x184		ト、凄いわねぇぇぇ。	
0x64ca4	0x190		ソーニア\nもう、忙しくて、毎日大変よぉ	
0x64ca4	0x1af		ルカ\nお花に水をあげるのが、私の日課なの。	
0x64ca4	0x1cc		ルカ\n早く、お花　咲かないかな。	
0x64ca4	0x1ec		さんって素敵よね。	
0x64ca4	0x213	キャロル	皆さんのおかげでルークも帰って来ました。\n本当にありがとう。	
0x64ca4	0x248	キャロル	あっ、皆さんお久しぶりです。\n今度、ルークと結婚するんです。\n今、とっても幸せです。	
0x64ca4	0x28e		ルカちゃんってカワイイなぁ。\nいつも花の世話をしていて、優しいんだっ。	
0x64ca4	0x2c2		別に、仕事をサボッてるわけじゃないよ。中庭の警備さッ。	
0x64ca4	0x2ed		ああっ・・・今日は、いい天気だッ。\n仕事が終ったらルカちゃん誘って遊びに行こっと。	
0x64ca4	0x32d		ジャーキー\n昨日は夜勤だったんだよ。\nもうちょっと寝かせてぇぇぇ。	
0x64ca4	0x35c		マーカー\nさぁぁぁてと、街中の警備にでも行くかな。	
0x64ca4	0x37d		マーカー\n君達だね、メデューサを倒したのは。\nおかげで友も助かった。\nありがとう。	
0x64ca4	0x3b3		ルーカス\nここは稽古室だよ。\n僕はみんなより力がないから、素早さで勝負さッ。\n見たかい、僕の華麗な足さばき。	
0x64ca4	0x3fe		ルーカス\n早く強くなって、立派な騎士になるんだ。	
0x65003	0x23	ファーニス	あっ・・・ちょっと待って！！\n岩の隙間から水と一緒に、少しだけど風が流れ込んで来てるよ。	
0x65003	0x7c	レイナ	向こう側が空洞になっているのかしら？	
0x65003	0x9f	ファーニス	ちょっと聞いてみるね。\n・・・教えて、ウ	
0x65003	0xc6		ディーネ。\nあなた達の今までいた所、どうなってた？\nファーニス\n・・・・・なになに・・・・・・・・・・・ふんふん。\nわかったわ。\nありがとうウ	
0x65003	0x138	レイナ	どう、何かわかった？	
0x65003	0x154	ファーニス	うんっ。\n向こう側は、とっても広い空洞になってるって。\nそれに、大っきな地底湖があるそうよ。\nファーニス\n風の流れから見て、どっかにつながっている場所があるみたい。	
0x65003	0x1c6	レイナ	じゃあ、東側の壁づたいを調べて行きましょう。\nどこかに通路があるはずよ。	
0x65003	0x21a	ファーニス	・・・ああっ。\nここの隙間から風が吹抜けているよ。岩盤も薄そうだし、きっとここから向こう側に行けるね。	
0x65003	0x275	ウォーリック	よしっ！！\n俺が壁を討ち抜く。\nレイナ、ファーニス、危険だから後ろに下がっているんだッ。	
0x65003	0x2bc	ファーニス	頑張って、ウォーリック！！	
0x65003	0x2e4	ウォーリック	・・・・・でいやぁッ！！	
0x65003	0x329	ファーニス	・・・・・ウォーリック。\n今、何かした？	
0x65003	0x354	ウォーリック	・・・いやっ。\nちょっと、剣の素振りを。	
0x65003	0x386	レイナ	ウォーリック、ファーニス、遊んでる時じゃないでしょう。\n私がやるから、２人共下がっていて。	
0x65003	0x3d3	レイナ	・・・魔を制したる我は使役す、天空の稲妻、天地万物を貫く光槍となり、我が命により個を砕け。\nライトニ	
0x65003	0x4b3	ファーニス	反対側に抜け道みたいのがあったよ。そっちから行こうよ、ウォーリック。	
0x65003	0x4e8	レイナ	もう引き返すの？\n奥に行ってみましょうよ。	
0x65003	0x519	レイナ	気配が薄れたわ。\nたぶんメデューサは湖の方よ。	
0x65003	0x545	ファーニス	どこいくの？\nメデューサは湖の方だよ、ウォーリック。	
0x65003	0x5cd		薬草を採った。	
0x65003	0x5e5	ファーニス	ラッキー！\n薬草、みぃ〜つけた。	
0x65003	0x609	ファーニス	ああっ！\nこんな所に、薬草が生えてる。	
0x65003	0x635	ファーニス	また、薬草みっけ。\nでも、たまには薬草袋ごと落っこてないかなぁ。	
0x65003	0x66c	ファーニス	振り向けば薬草。\nファーニス、ラッキー！	
0x65003	0x694	ファーニス	この人もメデューサにやられたんだね。	
0x65003	0x6bc	ファーニス	この人達、本当に助かるの？	
0x65003	0x6e1	レイナ	ええ、助かるわ。\nただし、石化する前に物理的攻撃を受けて死んでいたらだめね。	
0x65003	0x723	レイナ	あんまり触っちゃだめよ。\n体が欠けちゃったら大変でしょ。	
0x65003	0x755	ファーニス	騎士さん達、勇敢に戦ったんだねぇ。	
0x65003	0x779	ウォーリック	こんなの見ると、メデューサと戦うのがいやになってくるな。	
0x65573	0x1e	レイナ	・・・この禍々しい魔力。\nメデューサはこの近くにいるわ。	
0x65573	0x5d	ウォーリック	気を付けろ。\nむこうは、俺達に気付いているぞ。	
0x65573	0x8d	レイナ	私とファーニスが魔法で援護するわ。ウォーリックは、隙をみてメデューサの首をはねる事に専念して。	
0x65573	0xda	ファーニス	奥の方、精霊達が騒いでいる。\n来るわッ！！	
0x65573	0x116		メデューサの首は、跳ね飛ばされた。\n首は弧を描き湖に落ち宿主を失った体は、しばし生命力を振り絞り動いていたが、やがてその生命活動に永遠の終止符が打たれた。	
0x65573	0x198	ウォーリック	へへっ。\n楽勝だったかな。	
0x65573	0x1be	レイナ	フフッ。\nちょっと危なかったじゃない。\nんんっ！？\n・・・どうしたの、ファーニス？	
0x65573	0x20a	ファーニス	・・・聞こえる。\n何か聞こえるの。\nどこかわからないけど、何か動いているよ。	
0x65573	0x256		ウォーリッ\n・・・水面を見ろ。\nメデューサの首だ。	
0x65573	0x2dc		大剣の剣士\n大丈夫か！？\nメデューサは首だけでも生き続ける。また仕掛けて来るぞ。	Swordsman\nYou OK?!\nMedusas live on as heads!
0x65573	0x349		大剣の剣士\nいやぁぁぁっ。\n危なかったなぁ。	
0x65573	0x375	ファーニス	・・・あなた、誰？	
0x65573	0x38f		大剣の剣士\n俺の名は、ライド。\nこの大陸を旅している剣士だ。\nジーク王国でこの採掘場にメデューサが出ると聞いて、退治しに来た。	
0x65573	0x3ed	レイナ	・・・賞金稼ぎですか？	
0x65573	0x409	ライド	いいや。\nクラウスとか言う村の近くにいる、氷の神官竜に会いに行く途中なんだ。	
0x65573	0x454	ウォーリック	・・・その神官竜に、何の用が？	
0x65573	0x474	ライド	・・・用と言うほどの事じゃない。\n俺は３剣７の修行のため多くの神官竜に会って、いろんな事を教えてもらってるだけさッ。	
0x65573	0x4ca	ウォーリック	・・・残念だが、その神官竜は・・・。	
0x65573	0x4fa		ウォーリックはフロストの事を話した。	
0x65573	0x520	ライド	・・・緑色の神官竜の背中から・・・パラサイト　デーモン！？\nライド\nそれで、その黄金のナイフを・・・パディッシュって奴に届けろって言われたのか。\n・・・そうかぁ。\nライド\nなぁ。\nもしよかったら俺を仲間に入れてくれないか？\nライド\n今は目的もないし、近頃魔物も活発になってきた。\n・・・１人では、何かと不安でなぁ。	
0x65573	0x623	ファーニス	私は賛成だよ。\nウォーリックはレイナばっかりで、私を守ってくれないしね。	
0x65573	0x661	レイナ	どうするの、ウォーリック？	
0x65573	0x680	ウォーリック	この先、たのもしい仲間は１人でも多く欲しい。\nよろしくなッ、ライド。	
0x65573	0x6bf	ライド	よろしく。	
0x65573	0x6dd		ライドが仲間に加わった。	
0x65573	0x6f0	ファーニス	もう少しの我慢だから待っててね。\nメデューサなんか、すぐ倒すから。	
0x65573	0x728	レイナ	工夫達の表情から見て、メデューサはいきなり現れたって感じだわ。	
0x65573	0x75f	ファーニス	キャロルちゃんの彼氏って、どの人だろう？	
0x65adb	0x1b	ファーニス	んんっ！？\n・・・血の匂いがする。\n森のどこかに怪我人がいるみたい。	
0x65adb	0x7e	ファーニス	女の子が倒れてるよ。\n・・・ちょっと、その横にいるのケルベロスじゃない！？	
0x65adb	0xc9	レイナ	でも様子が変よ。\nあのケルベロス、結界を張っているわ。	
0x65adb	0x104	ファーニス	じゃあ、あのケルベロス。\nこの人を守ってるのかなぁ？	
0x65adb	0x13a		ファーニスがそう言いかけ近づこうとした時、ケルベロスはその目を見開いた。\nそして、ウォーリック達を一瞥すると静かに息をひきとった。	
0x65adb	0x1a9	レイナ	結界が解けたッ！！\nまだ、女の子の方は息があるわ。	
0x65adb	0x1ea	女の子	・・・・・人？\n・・・人が、来てくれたのね・・・・・・・助かったわ・・・ピローム・・・私達・・・助かったのね・・・・・。	
0x65adb	0x271	ファーニス	あっ・・・また、気を失っちゃった。	
0x65adb	0x2a1	レイナ	大丈夫、衰弱しているけど命に別状はないわ。	
0x65adb	0x2d4	ライド	この衣装から見て、どこかの王族の出だなぁ。\nするとこのケルベロスは、この人の護衛かな？	
0x65adb	0x32a	ウォーリック	早く城で手当した方がいい。\nこのケルベロスは木の下に埋葬してあげよう。	
0x65adb	0x378		ケルベロスの死体を木の下に埋めた。	
0x65adb	0x3ad	ライド	彼女は俺が運ぼう。	
0x65adb	0x3cf		ライドは、女の子を背負った。	
0x65adb	0x3f8	ファーニス	ウォーリック、この森に誰かいるよ。魔物に襲われてたら大変だから探そうよぉ。	
0x65adb	0x432	ファーニス	人の血の匂いがするんだよぉ。\n誰か、怪我してるみたいなんだ。\n探そぉぉぉよぉ。	
0x65adb	0x478	ファーニス	うひょぉぉぉぉぉぉっ！！\n凄い地割れ。\n落ちたら完壁にアウトだね。	
0x65adb	0x4ba	ウォーリック	ぬあぁぁぁぁぁぁっ！！\nこおいう所って足がすくんじゃうんだよ。	
0x65adb	0x4ec	セシリア	だから行くのです。\n他の国の人達が、セルーシュのために戦っているのに、王女たる私が安全な所にいる訳にはいきません。\nセシリア\nお願いです、私をセルーシュに・・・。	
0x65adb	0x562		ベイグ王\n・・・王女たる私・・・か。\n神聖王国を数百年にわたり治めてきた血筋だな。\nベイグ王\nわかった。\n・・・セルーシュに行くがよい。\nセルーシュの騎士達も喜ぼう。	
0x65adb	0x5f9	セシリア	ありがとうございます、ベイグ様。	
0x65adb	0x61c	ウォーリック	ベイグ王。\nできれば俺達が姫をお連れしましょう。\nウォーリック\n俺達もセルーシュ方面へ行かなければならないし、ジークも守りを固めねばならないのでは・・・。	
0x65adb	0x6aa		ベイグ王\nそなた達なら腕も確かだし信用できる。セシリア姫を頼んだぞ。	
0x65adb	0x6f6		セシリアが仲間に加わった。	
0x65adb	0x715		ベイグ王\nでは、頼んだぞウォーリック。	
0x65adb	0x75f	セシリア	みなさん、よろしくお願いします。\n私の事はセシリアと呼んで下さい。	
0x66036	0x59	ファーニス	どうにかして開かないかなぁ？	
0x66036	0x9c		ダム隊長\nその扉に近づかない方がいい。\n５日前、マーズトンネルの中腹の岩壁が崩れ、奥に洞窟が開けた。\nウィ	
0x66036	0xea		ダム隊長\n若い騎士達が探検気分で中に入って行ったのだが、中はビボルダーで溢れ返り、皆あっと言う間にやられてしまった。	
0x66036	0x148	レイナ	でも、ビボルダーと言ったら魔界の生物。\nこんな所に巣なんて・・・。	
0x66036	0x191		ダム隊長\nそんな事はわかっている。\nト	
0x66036	0x1ae		ネルの中に、ビボルダーを召喚しているバカデカい何かがいるんだ。\nウィ	
0x66036	0x1dc		ダム隊長\n洞窟内部はかなり広く、我々だけで探索するのは不可能だし、今の状態で本国に救援を求める事はできまい。\nウィ	
0x66036	0x234		ダム隊長\n落ち着くまでマーズトンネルは封鎖する。	
0x66036	0x262	ファーニス	でも、ト	
0x66036	0x270		ネルの向こう側はどうなってるの？	
0x66036	0x28f		ダム隊長\n大丈夫だ。\n騎士を２人ずつ交代で行かせている。\n・・・んんっ。\n何だ、君はッ！？	
0x66036	0x31b		傷だらけの男\nたッ、助けてくれぇ。\n俺は・・・ビボルダーハンターだ。\nビボルダーハンター\n見張りの隙を見て、仲間と洞窟に入ったものの・・・仲間がビボルダーにさらわれちまった。\nビボルダーハンター\n・・・・・俺達に、気付いた騎士が・・・仲間を・・・助けに・・・・・ぐふっ。	
0x66036	0x406		ダム隊長\n向こう側の警備は、フラーベとクルークか。・・・くそぉう、ビボルダーめ。\n警備隊、集合ッ！！	
0x66036	0x4e5		ダム隊長\n洞窟内にハンターが入り込み、フラーベとクルークが、その者達を追って入った。\nこれより、救出行動をとるッ！！\nウィ	
0x66036	0x545		ダム\nボーグル、カイ、ムーアは、緊急警戒体制で待機。\n２時間して戻らねば、城へ連絡しろ。\nすぐ、持場につけッ！！	
0x66036	0x5eb		、ダニエル、カーク、ブレイド。洞窟に入るぞ。\n油断するなッ、行くぞッ！！	
0x66036	0x6dd	ファーニス	・・・凄い手際の良さ！\nみんな、いなくなっちゃった。	
0x66036	0x713	レイナ	私達も行った方がいいわね。\nビボルダーを召喚できる生物がいるなら騎士達だけでは危険よ。	
0x66036	0x75e	ファーニス	ああッ！！\n扉、閉まってるよ。	
0x665d8	0x15		騎士　ボーグル\nここの眺めは最高だろ。\n今日は天気がいいからジークがよく見えるぜ。	
0x665d8	0x4e		騎士　ボーグル\n俺はここの見張りが１番好きさっ。\n下界を見ているみたいで、最高の気分になれるんだ。	
0x665d8	0x8d		騎士　ボーグル\nすまない！\n今、忙しいんだ。	
0x665d8	0xac		騎士　ボーグル\n君達のおかげで、みんな助かったよ。\n本当にありがとう。	
0x665d8	0xde		騎士　カイ\n俺達、警備隊員って騎士の道徳って性に合わないんだよ。\n騎士　愚連隊なんだよな。	
0x665d8	0x121		騎士　カイ\n今は警戒体制だ。\n君達は部屋の隠れていた方がいい。	
0x665d8	0x150		騎士　カイ\nふぁぁぁあ、眠いなぁ。\nもうちょっとで交代だ。\n交代したら昼寝でもしよっと。	
0x665d8	0x194		騎士　ムーア\nここの隊長は、みんなからオヤジさんって呼ばれてるんだ。\nちょっとガ	
0x665d8	0x1c4		コだけど、砦のみんなは信頼してるんだ。	
0x665d8	0x1db		騎士　ムーア\nみんな。\n無事に戻って来てくれッ。	
0x665d8	0x1fe		騎士　ムーア\n旅は面白いかい？\n騎士の仕事も、とっても面白いぜ。	
0x665d8	0x23e		交代は、まだだろ・・・もうちょっと寝かせて。	
0x665d8	0x26c		へへっ。\nあん時はありがとうな。\nなぁぁぁに。\nこんな怪我、すぐ治るぜ。	
0x665d8	0x2a2		ふぁぁぁぁぁぁあ。\n眠い、眠い。	
0x665d8	0x2d0		騎士　ダニエル\n・・・・・・・ありがとう。	
0x665d8	0x2ee		騎士　カーク\nダニエルは無口なんだよ。\nでも悪気はないんだぜ。	
0x665d8	0x31d		騎士　カーク\nあんた達のおかげで助かったよ。\nありがとう。	
0x665d8	0x33e		騎士　カーク\n旅の成功を祈ってるぜ。	
0x665d8	0x35e		騎士　ブレイド\nここの連中は堅苦しい騎士の礼儀ってのが駄目で、この砦に志願するんだ。\nベイグ王はそんなの気にはしないって言うけど、マーシーさんがうるさいんだ。	
0x665d8	0x3c2		騎士　ブレイド\n君達には、何てお礼をいったらいいのか。いつでも遊びに来いよ。	
0x665d8	0x400		ダム隊長\n私がこの砦の警備隊長、ウィ	
0x665d8	0x423		ダムだ。\nここの問題はここで解決する。\nこれが私の方針だ。	
0x665d8	0x451		ダム隊長\nウォーリック、ライド。\nここで騎士にならないか？\nお前達なら立派な騎士になれる。	
0x665d8	0x489		ダム隊長\nおおっ、お前達か。\n今度、一緒の酒でも飲もう。\n・・・おごらせてもらうぞ。	
0x665d8	0x4d2		ハンター　ロマーク\n・・・みんな、すまない！	
0x665d8	0x4fd		騎士の声\nダニエルがやられた。\n助けをッ。	
0x665d8	0x529		騎士の声\n正面に３匹。\n後ろに５匹いるぞ。	
0x665d8	0x577		騎士の声\n魔法を使わせるな。\n叩っ斬れぇぇぇっ。	
0x665d8	0x5ad	ウォーリック	近いか、ファーニス！？	
0x665d8	0x5c9	ファーニス	全然、わかんない。\n・・・でも気配は感じないよ。	
0x665d8	0x60e		騎士の声\nみんな固まれぇ。\n散らばるな。	
0x665d8	0x632		騎士の声\nぞろぞろ出て来る。\nヤバイぞッ。	
0x665d8	0x67b		騎士の声\nどわぁぁぁぁぁッ。\nくたばれぇ。	
0x665d8	0x6a2	ファーニス	かなり近いよ、ウォーリック。\nきっとこの奥だよ。	
0x665d8	0x6d7		騎士の声\n奴を追い詰めだぞ。\nカーマイ	
0x665d8	0x6f7		、ぬかるなぁ。	
0x665d8	0x70d		騎士の声\n隊長、危ないッ！\nどッ、どわぁぁぁぁぁッ。	
0x665d8	0x75b		やの声\nカッ、カーマイ	
0x665d8	0x772		！\n・・・おのれぇぇぇッ。	
0x665d8	0x793	ウォーリック	今のはウィ	
0x665d8	0x7a5		ダム隊長の声。\n・・・急ぐぞッ。	
0x66b59	0x8		［ウォーリック］\nブージ・・・どうしたんだ？	
0x66b59	0x31		［ブージ］\n静かに！\n大気中に妙な魔力を感じる。	
0x66b59	0x60		［ブージ］\nこの感じ・・・まさかとは思うが。	
0x66b59	0x8b		［ブージ］\n・・・あそこだ、ウォーリックッ！	
0x66b59	0xb1		［ウォーリック］\n何だ、あれ？	
0x66b59	0xe4		まさか、神官竜に取り付ける奴がいるとは・・・。	
0x66b59	0x10d		［ブージ］\nこいつはやっかいだぞ。\n奴は、他の生物に寄生して成長するデーモ	
0x66b59	0x147		だ。\n［ブージ］\n寄生している間は宿主を自由に操り、宿主の能力を吸収して成長する。\n［ブージ］\n成長しきると、ああやって背中をブチ抜いて出て来るんだ。	
0x66b59	0x1c0		［ウォーリック］\nじゃあ、奴は神官竜の力を手に入れたのか？	
0x66b59	0x1ef		［ブージ］\nそういう事だ。\n幼生の時に魔力で寄生するのだが、どんな強い奴でもオーガやキメラが精一杯。\n［ブージ］\n強い魔力で守られている竜に寄生した例など、聞いた事がない。	
0x66b59	0x276		［ウォーリック］\nどうする、ブージ。\n出て来たばかりだから、体が自由に動かないみたいだぞ。\n［ウォーリック］\nこの場で殺しておくか？	
0x66b59	0x2da		［ブージ］\n馬鹿を言うな。\n奴は、神官竜の力を持っているんだ。\nうかつに手は出せんぞ。	
0x66b59	0x321		［ブージ］\n・・・やばいっ！\n伏せるんだ、ウォーリック。	
0x66b59	0x351		［ウォーリック］\n・・・行ったみたいだぞ。	
0x66b59	0x376		［ブージ］\nああ。\nとにかく１度、村に帰ろう。	
0x66daa	0x4a		ブレイス団長\nウォーリック殿か！\n助太刀無用。\n・・・こ奴は、ワシが倒す。	
0x66daa	0x93	ウォーリック	・・・しかし、ブレイス団長。	
0x66daa	0xaf		ブレイス団長\n・・・ウォーリック殿。\nワシに、やらせてくれ。	
0x66daa	0xe9		ブレイス団長\n・・・ワシは何１つも守れんかった。王も、妃も、城も、部下達も。\nしかし今度は守ってみせるッ！\nこ奴を倒して守ってみせるのじゃ。	
0x66daa	0x16b	ビアガン	御主の身体で拙者と勝負とは笑止。\n人間の寿命は短い。\n今のうちに立ち去るがよい。\n拙者が望むのは強者との闘いのみ。	
0x66daa	0x1d6		ブレイス団長\n・・・フッ。\nワシは引かぬ。\nこのブレイス、どんな敵が現れようと後ろは見せんわぁ。	
0x66daa	0x21e	ビアガン	・・・敵ながらアッパレな騎士道精神。このビアガン、全力をもって御相手いたす。	
0x66daa	0x263		ブレイス団長\n・・・いざッ。	
0x66daa	0x2a4		ブレイス団長\nぬあぁぁぁぁぁぁぁぁッ。	
0x66daa	0x2c0	ビアガン	ぬむふぉふぉふぉぉぉッ。	
0x66daa	0x39b	ビアガン	・・・ぐふぁ！？\n一騎討ちで、このビアガンに手傷を負わせるとは。\nビアガン\n・・・ブレイスとか言ったな。\n貴様の名、生涯忘れぬであろう。	
0x66daa	0x432	ビアガン	次は貴様等か。\n傭兵の様だが名を聞こう。	
0x66daa	0x4e4	ビアガン	我こそはクーレイア魔神軍、第１軍、軍団長ビアガン。\nいざ、尋常に勝負！	
0x66daa	0x54c	ビアガン	なかなかやるなッ。\nしかし、その腕でこのビアガンは倒せぬぞッ。\n・・・むむッ！？	
0x66daa	0x59d	レイナ	大気中の魔力が渦を捲き始めた。\nこれは、召喚呪文の時に使われる魔法障壁！	
0x66daa	0x5f0	ビアガン	・・・カームか！？\nやめろカーム。\n敵に後ろを見せろと言うのか。\nビアガン\n・・・ぬううッ。\n貴様達、勝負は御預けだ。\n今度会う時こそ雌雄を決しようぞ。	
0x66daa	0x6a5	ウォーリック	・・・テレポートしたのか？	
0x672f2	0xe		ジェシカ\nいらっしゃいませ。	
0x672f2	0x28		何を、お求めでしょう？	
0x672f2	0x3f	・品物を見せて。	・話をしよう。\n・持物を売ります。\n・お店を出よう。	
0x672f2	0x72	レイナ	買物は、また後にするわ。	
0x672f2	0x95	レイナ	今は、持ち合わせがないの。	
0x672f2	0xb6		ジェシカ\nライランドの重装騎兵達って、瞬間移動の魔法で来たそうよ。\nあんな大人数をテレポートできるなんて、凄い魔導士もいたもんね。	
0x672f2	0x109		ジェシカ\n私の所みたいな商売が、ない世界になればいいのにね。\n戦争も終った事だし、これから私もお城に御手伝いに行こっと。	
0x672f2	0x161		ジェシカ\nこのお店では、６割で引取らせていただいています。	
0x672f2	0x19e	レイナ	今回はやめておくわ。	
0x672f2	0x1b6		ジェシカ\nありがとうございました。	
0x672f2	0x1c8		ジェシカ\nこれは大型の３剣７で、両手持ちよ。\n３盾７が持てないぶん防御力は落ちるけど、３剣７では最高の攻撃力を持っているわ。使いこなすのが大変だけど、冒険者にはとっても人気があるわよ。	
0x672f2	0x25a	レイナ	凄い３剣７ね。\n刃渡り２メートル近いんじゃない？	
0x672f2	0x28d	ファーニス	ライドの３剣７も、この種類だね。	
0x672f2	0x2ac		ジェシカ\nエストックは刃の無い３剣７で、刀身が固い針の様になっているの。\n突き刺し専用の武器よ。\nこれなら厚いプレートメイルだって、簡単に貫通できるわよ。	
0x672f2	0x32e	レイナ	変わった武器もあるものね。	
0x672f2	0x354	ファーニス	蜂の一刺しソードと呼ぼう。	
0x672f2	0x377		ジェシカ\nピロムというのは３槍７の一種で、穂先から柄の中ほどまで金属でできているのが特徴よ。\nこの３槍７は投げて使う事もできるんだけど、投げる人はまずいないね。	
0x672f2	0x3f3	レイナ	投げたら丸腰になっちゃうのね。	
0x672f2	0x41b	ファーニス	なんか、重そうな３槍７だね。	
0x672f2	0x438		ジェシカ\nこれは、鎚矛って呼ばれる物よ。\n金属でできている柄の先に、鍔が付いているの。\nその打撃力は３鎧７の上からでも骨を砕く程よ。\n３剣７の補助的武器として買う人が多いわ。	
0x672f2	0x4cd	ファーニス	こんなので殴られたくないわ。	
0x672f2	0x4f2	レイナ	流血を嫌う僧侶達が使う武器ね。	
0x672f2	0x524	ファーニス	でも、これで殴られる方がむごいと思うんだけど。	
0x672f2	0x54d		ジェシカ\nこれは大型の鎚矛で両手持ちの武器よ。長い柄の先に、スパイク付きのコブが付いているの。\nこれを振り回すには相当の筋力が必要ね。	
0x672f2	0x5cf	レイナ	トゲトゲがあって、あんまりカッコいい武器じゃないわね。	
0x672f2	0x602	ファーニス	棒の先に、ウニが付いてるみたいね。	
0x672f2	0x629		ジック　じいさん\nワシの息子は神官戦士として城に奉公しとった。\nじゃが、死んでしもうた。\nジック\n王も死んでしもうた。\nセルーシュはどうなるんじゃ。	
0x672f2	0x683		ジック　じいさん\nブレイス団長はたいした御方じゃ。\n生き残った聖騎士をよく引っ張ってなさる。ワシもあと１０年若ければ御一緒に戦うのじゃが。	
0x672f2	0x6d9		ジック　じいさん\nこれで、死んだ息子もむくわれるじゃろうて。	
0x672f2	0x701		スージー\nジークからは、バーナー王子が。\nライランドからは、グリーク王がじきじきに来られています。	
0x672f2	0x732		スージー\n魔物は去りました。\nセルーシュ王国に平和が戻る様、祈りましょう。	
0x672f2	0x75d		スージー\n私にできる事があれば、セシリア姫様の御手伝いがしたいですね。	
0x6784b	0x12		いらっしゃい。\nうちなら何でも揃ってるよ。	
0x6784b	0x38		何を、探してるのかな？	
0x6784b	0x4f	・品物を見せて。	・話をしよう。\n・持物を売ります。\n・お店を出よう。	
0x6784b	0x84	レイナ	もう、欲しい物はないわ。	
0x6784b	0xa6	レイナ	お金が足りないわ。\n節約して生活していかなきゃ。	
0x6784b	0xdd		この街から北に戦場のメインキャンプがある。\nでも、その北のセルーシュ城には近づかない方がいいよ。	
0x6784b	0x11c		セルーシュは１からやり直しだね。でも、セシリア姫ならいい国ができそうだ。	
0x6784b	0x14f		このお店では、四割で引取らせていただいています。	
0x6784b	0x187	レイナ	また、今度の機会にするわ。	
0x6784b	0x1aa		ありがとうございました。	
0x6784b	0x1bc		これは下が山型になっている縦長の３盾７で、下方からの攻撃を受け止めやすくしてるんだ。\n馬に乗る騎士達がよく使う３盾７だよ。\n使いやすいし、防御力も高い優れ物だ。	
0x6784b	0x240	レイナ	なかなかカッコいい３盾７ね。\nウォーリック、似合いそうよ。	
0x6784b	0x272	レイナ	今、ウォーリックの使っている盾と同じね。	
0x6784b	0x2a0	ファーニス	カッコいいね。	
0x6784b	0x2bc		これはヒーターシールドを縦長に伸ばした大型の３盾７だ。\n防御面積がかなり広くなってるだろ。でも、その分重くなって動きを阻害されやすいから、慎重に使ってくれ。	
0x6784b	0x33b	レイナ	ちょっと値段が高いわね。	
0x6784b	0x360	ファーニス	カイトって、凧の事だね。	
0x6784b	0x394		チほどの鱗型の金属片を、レザーアーマーに鋲で止めた物なんだ。リ	
0x6784b	0x3c2		グメイルとかに比べて金属部分がしっかりしているから防御力も高いし、運動性を損なう事もないよ。	
0x6784b	0x414	レイナ	スケイルって、鱗って意味ね。	
0x6784b	0x443	ファーニス	なんか、お魚みたいだね。\nデザイ	
0x6784b	0x460		もキレイだし、いいなぁ。	
0x6784b	0x47c		これはレザーアーマーに、小さな長方形の金属板を両端で固定した３鎧７だ。\nスケイルメイルに似ているけど、こっちの方が防御力は断然高いよ。\nただ、金属板の両側を止めているから、運動性はかなり落ちるね。	
0x6784b	0x51b	レイナ	動きずらそうね。\nスケイルメイルの方が、いい様な気がするわ。	
0x6784b	0x558	ファーニス	ラメラーって、板って意味なの？	
0x6784b	0x583		こいつだけは買っときな。\n金属製リ	
0x6784b	0x59c		グを鎖状に編み合わせて造ったんだが、なんせ手が込んでいるんだよ。\nだから値段は高いよぉ。\nお勧め品だから絶対買っときなぁ。	
0x6784b	0x603	レイナ	コレ、買っておきましょうよぉ。	
0x6784b	0x62b	ファーニス	私も着れるんだね。\nファーニス、ラッキー。	
0x6784b	0x65a		これは全身を板金で包む３鎧７で、完壁って言っていいほどの防御力を持っている。\n関節も工夫されてるし、最高の品だよ。デザイ	
0x6784b	0x6b2		も豊富だし、今買うとサイズ直しは無料です。	
0x6784b	0x6ea	レイナ	装飾も、キレイねぇ。\nウォーリックに似合いそうね。	
0x6784b	0x71b	レイナ	ウォーリックの着ているのと同じね。	
0x6784b	0x740	ファーニス	いろんなデザイ	
0x6784b	0x751		があってキレイね。ウォーリック、これなんかいいんじゃん。	
0x67d4a	0x1a		ライトにようこそ。\n良い品がたくさん揃っているわよ。	
0x67d4a	0x49		いかがいたします？	
0x67d4a	0x5d	・品物を見せて。	・話をしよう。\n・持物を売ります。\n・瞬間移動したい。\n・お店を出よう。	
0x67d4a	0x93	レイナ	また後にするわ。	
0x67d4a	0xb0	レイナ	持ち合わせがないわ。	
0x67d4a	0xd1		ラミーカ\nこの頃、魔道士の数がめっきり減ったわ。\n貴方のような魔道士に合うとホッとするわね。	
0x67d4a	0x11f		ラミーカ\nこの先、貴方達の旅が良い旅である事を祈っているわ。	
0x67d4a	0x150		ラミーカ\nうちは４割で引取るわ。	
0x67d4a	0x17f	レイナ	やっぱり、もうちょっと使ってからにする。	
0x67d4a	0x1a3		ラミーカ\nシルバーホーン地方は、精霊力が乱れていて魔力が届かないの。\nクラウスかジークにしか送れないわよ。	
0x67d4a	0x1ec		ラミーカ\n５００ダインだけど、どうする？	
0x67d4a	0x20a		・クラウスの村に行く。\n・ジーク王国に行く。\n・やめておく。	
0x67d4a	0x23a		ラミーカ\nじゃあ、始めるわよ。\nラミーカ\n天地の皇王の名において、我、虚空の門を開かんっ。\nテレポート！	
0x67d4a	0x2c1		ラミーカ\nありがとうございました。	
0x67d4a	0x2d1		ラミーカ\nこれは、ミスリル銀でできた杖よ。\nこのミスリルって素材自体、強力な魔力を持っている上に、呪紋処理を施してあるの。\nかなり上級の呪文も使いこなせる様になれると思うわ。	
0x67d4a	0x36a	レイナ	ウォーリック、これ欲しいなぁ。	
0x67d4a	0x38c	レイナ	これは良い品ね。	
0x67d4a	0x3a5		ラミーカ\n最初のＭは、ミスリルの略。\nこれはミスリル製のブロードソードよ。刀身に呪紋処理がしてあって刃こぼれもしないし、その破壊力は普通の３剣７と比べ物にならないわ。	
0x67d4a	0x42a	レイナ	魔力は感じるわね。	
0x67d4a	0x450	ファーニス	すっごぉぉぉい！！\n魔力が吹き出してるよ。	
0x67d4a	0x47e		ラミーカ\nこれは魔法疑似生命体をつかったローブで、肩当てにたくさん付いている水晶柱達が、持主の危険を感じ取ると、対象物を阻止しようと働くわ。\n制御用魔力は大気中より吸収しているから、負担もないわよ。	
0x67d4a	0x52a	ファーニス	なんか、カッコいいねぇ。	
0x67d4a	0x562		は、古代神聖魔術の一種なの。\n古代魔術を完全に復元して書ける人はこの時代にはいないけど、この指輪はかなり強い力を引き出しているわ。	
0x67d4a	0x5d7	レイナ	私も古代魔術を勉強した事があったけど、チ	
0x67d4a	0x605		だったわ。	
0x67d4a	0x612		ラミーカ\nこれもミスリル製の指輪よ。\nただし呪紋処理とかは、一切していないわ。\nミスリルの真の力のみで、生命力の覚醒、増加を行っているの。\n負担もないしおすすめ商品よ。	
0x67d4a	0x695	ファーニス	ミスリルって、凄いんだね。	
0x67d4a	0x6b9		パーシャの手紙を渡した。	
0x67d4a	0x6dc		ラミーカ\n貴方達、パーシャ様の使いね。\nジオクリスタルは、ちゃんとできているわ。\nこれなら、どんな巨大な魔法陣でも解体できるわよ。	
0x67d4a	0x73a		ジオクリスタルを受け取った。	
0x67d4a	0x756		ラミーカ\n操作方法は解除の魔法をかける事で封印が解けて作動するわ。\nこれは１回限りの物だから、取扱いには注意して。	
0x682d6	0xe		サラ\nいらっしゃいませぇ。	
0x682d6	0x27		何を、お探しでしょう？	
0x682d6	0x3e	・品物を見せて。	・話をしよう。\n・持物を売ります。\n・お店を出よう。	
0x682d6	0x71	レイナ	買物は、後にしましょう。	
0x682d6	0x94	レイナ	持ち合わせがないの。	
0x682d6	0xb1		サラ\nこのところ、ポーション類がよく売れるわ。\nでも、戦争が理由で売れるなんて、悲しい事ね。\nサラ\nそれにしても、ジーク王国のワイバーン見た？\nカッコいいわよねぇ。\nバーナー王子も素敵だわぁ。	
0x682d6	0x125		サラ\nセシリア姫は立派な君主になるでしょう。\n私達も頑張らなきゃ！	
0x682d6	0x159		サラ\nこのお店では、５割で引取らせていただいています。	
0x682d6	0x194	レイナ	また、今度の機会にするわ。	
0x682d6	0x1b1		サラ\nありがとうございました。	
0x682d6	0x1c1		サラ\nここの薬草は、他の店の薬草とは違ったブレ	
0x682d6	0x1e6		ドなのよ。\nこの地方特産のアマツヅラって言う草が入っているの。\nこのアマツヅラは、強い消毒作用があって、傷によく効くわよ。	
0x682d6	0x254	レイナ	よく効きそうね。	
0x682d6	0x273	ファーニス	身長が伸びる薬ってないのかしら。	
0x682d6	0x296		サラ\nポーションは多種の薬草を数日煮込んで、濃度を上げた物なの。\n今、売っているポーション煮込みすぎちゃって、普通の倍くらい濃くなっちゃったけどゴメ	
0x682d6	0x2f3		なさい。\nでも、効き目はたしかだから許してぇ。	
0x682d6	0x324	レイナ	効き目も倍になってるといいのにね。	
0x682d6	0x34e	ファーニス	そんなの苦くて飲めないよぉ。	
0x682d6	0x378		ポジットボウは複合弓って言って、複数の素材を組み合せて造られてるの。うちでは、木材と動物の角とけんを使っていて、威力はロ	
0x682d6	0x3da		グボウと同じくらいだけど、大きさは３分の２で持ち運びが便利なの。	
0x682d6	0x418	レイナ	小さいけど強力そうね。	
0x682d6	0x44d		ポジットボウか・・・\n私、欲しいなぁ。	
0x682d6	0x47c	ファーニス	私、今使ってるけど、とっても調子いいよ。	
0x682d6	0x4a4		サラ\nこれはフィールドブーツに金属製の装甲を付けて、足まわりの防御力を高めた物なの。\n装甲って言ってもそんなに重い物じゃないし、履きやすい様に改良されてるから安心よ。	
0x682d6	0x528	レイナ	ブーツは良い物を使った方が戦闘が楽ね。	
0x682d6	0x557	ファーニス	見た目、カッコよくなぁぁぁい。	
0x682d6	0x577		サラ\nこれはゲタって言うんだって。\n他の大陸から渡って来た物なんだけど、イマイチ人気がなくって売れ残っちゃったのよ。\n上質の樫の木でできているんだけど、安くしとくわ・・・買わない？	
0x682d6	0x608	レイナ	変わった靴だけど、何にも力を感じないわ。	
0x682d6	0x63b	ファーニス	ウォーリック、ライド。\nなんだか２人共、似合いそうだよ。	
0x682d6	0x668		セリディー\n私達、２年前まで大陸で拳闘士をやってたの。\nこれから傭兵部隊として、セルーシュ城奪回作戦に参加するつもりよ。	
0x682d6	0x6c0		セリディー\n私、これからお城に務める事にするわ。	
0x682d6	0x6e3		ビークス\n俺も戦うぜ。\n他の国の人達にばかり頼るわけにはいかないからな。	
0x682d6	0x713		ビークス\n聖騎士団も６人になっちまったて言うし、俺も聖騎士に志願するかな。\nこう見えても、傭兵部隊の中じゃピカイチの腕だったんだぜ。	
0x68833	0xe		サーニア\nいらっしゃいませ。\nごゆっくり、おくつろぎ下さい。	
0x68833	0x38		何にいたしましょう？	
0x68833	0x4e		・宿泊します。\n・食事をとろう。\n・話をしよう。\n・テミスを換金します。\n・お店を出よう。	
0x68833	0x80	レイナ	お金が足りないわ。	
0x68833	0x98		サーニア\nお泊りですね。\n一泊　３００ダインになります。	
0x68833	0xc2		・泊まる。\n・やめておく。	
0x68833	0xdd	レイナ	今日は、まだ明るいし\nそんなに疲れてないわ。	
0x68833	0x143	ウォーリック	明日のために、その１・・・寝る。	
0x68833	0x188	ファーニス	おやすみなさぁぁぁぁぁい。	
0x68833	0x1a2		サーニア\n今、ちょうどラ	
0x68833	0x1b4		チタイムですので、人数分で、ちょうど１００ダインになります。	
0x68833	0x1da		・食事にする。\n・やめておく。	
0x68833	0x1f7	ファーニス	まだ、おなか空いてないよぉ。	
0x68833	0x23f		チは、牛肉のフローレ	
0x68833	0x24e		ス風ドリアです。\n正面のテーブルが、開いているわ。	
0x68833	0x281	ファーニス	ううぅぅぅん。\nベリィ、ロイヤリィィィィィ！	
0x68833	0x2c7		カツのセルーシュ風です。\n正面のテーブルが開いているわ。	
0x68833	0x2f8	ファーニス	ニワトリって美味しいね。\nコカトリスは恐いけど。	
0x68833	0x32e	ライド	俺、コカトリスの肉、喰った事あるぞ。	
0x68833	0x357		サーニア\nライランドの騎士達は、パーシャとか言う宮廷魔術士の魔法で、瞬間移動して来たんですって。\n凄いわよねぇぇぇ。	
0x68833	0x3ad		サーニア\nこの街も、また昔みたいに、にぎやかになるかしら。	
0x68833	0x41a		サーニア\n換金は、１００テミスからです。\nこの店での今の換金率は、	
0x68833	0x446		テミス１０に対してダイン１５です。	
0x68833	0x45e		テミス１０に対してダイン１７です。	
0x68833	0x476		テミス１０に対してダイン２０です。	
0x68833	0x48e		どうします？	
0x68833	0x49e		・換金する。\n・まだしない。	
0x68833	0x4b2		・換金する。\n・まだしない。	
0x68833	0x4c6		・換金する。\n・まだしない。	
0x68833	0x4e0	レイナ	もっと、換金率のいい時にするわ。	
0x68833	0x4ff		サーニア\n換金は１００テミス以上ないとできません。	
0x68833	0x571		サーニア\n換金終りました。	
0x68833	0x58c		サーニア\nまた、いつでもどうぞ。	
0x68833	0x5a5		レーニア\n私、サーニアの妹のレーニア。\nお姉ちゃんと一緒にこの宿屋を経営してるんだけど、見てよこの有様。\nレーニア\nこの非常時に客なんて来ないわよね。\nみんな、傭兵としてキャンプに行っちゃうのよ。	
0x68833	0x63a		レーニア\n戦争も終ったし、またお客が増えるといいな。	
0x68833	0x65c		レーニア\nさぁぁぁてと。\n今日はどっかに遊びに行こうかなぁ。	
0x68833	0x68a		ビータム\nこの街を見てくれ。\n普通ならこの大通りには、人々が集い活気が溢れているのに今はどうだい。\nビータム\nみんな、傭兵とか看護に行って誰もいない。\nまあ、俺もこれから傭兵をして行くんだがな。	
0x68833	0x718		ビータム\nこの国は本当にいい街なんだ。\nこの国を魔物なんかに渡してたまるか。\n俺の戦うぞぉぉぉっ！	
0x68833	0x758		ビータム\nセシリア姫のために、もうひと頑張りするかな。\nさあっ、城に行って復興作業の手伝いだ。	
0x68da5	0x1d		セボニカ司祭\n貴方達も巡礼に来たのですね。\nとても良い心がけです。\n・・・セシリア姫？\nセボニカ司祭\nまさか、セシリア姫！\nよくぞ御無事で。\n皆、城の者の事を案じておりました。\nでっ、王や大神官は・・・・・。	
0x68da5	0xc9		７⟨14⟩⟨14⟩セシリアは、あの忌まわしい一夜の事を話した。	
0x68da5	0xfe		セボニカ司祭\n・・・そうでしたか。\n皆、天に召されたましたか。\nセボニカ司祭\n決断の時が来た様です。\n今こそ闇に生まれし者達に、聖なる鉄槌を下す時。\n神の審判の下る時なのです。	
0x68da5	0x1a8		セボニカ司祭\n姫様、この聖なる鐘の音が聞こえますか。\nこの鐘の音を聞き、多くの勇者達がこの寺院に集まるでしょう。\nセボニカ司祭\nそして、この寺院の者も皆、神官戦士として戦場に赴き、永遠の平和のため共に戦う事を御約束します。	
0x68da5	0x254		セボニカ司祭\nブレイス団長達聖騎士団は、北西のメインキャンプにおりますぞ。	
0x68da5	0x27b		セボニカ司祭\n神の御加護のあらん事を。	
0x68da5	0x29d		神官　シェーミア\n神官戦士としての教育はされているわ。\n私達は、いつだって戦えるのよ。	
0x68da5	0x2d2		神官　シェーミア\n神は我々に微笑んだわ。	
0x68da5	0x2f4		神官　セイミー\n戦いが早く終ればいいのにね。	
0x68da5	0x312		神官　セイミー\nこの戦いで天に召された人々のため、祈りを捧げましょう。	
0x68da5	0x345		神官　ラーチャム\n私、ここに来て３週間目なの。\n絶対、立派な神官になってみせるわ。	
0x68da5	0x384		神官　ラーチャム\n今日はいい天気ね。	
0x68da5	0x3a3		神官　チャム\n正しき心持ちて戦う者達に、神の祝福のあらんことを。	
0x68da5	0x3d1		神官　チャム\n神は、我等に勝利を与えてくれました。	
0x68da5	0x3f5		神官　リーム\n私、今日は食事当番で忙しいの。	
0x68da5	0x41c		神官　ファシス\nこの寺院からも、神官戦士として戦場へ行く日が来ると思うわ。\n今のうちに装備を揃えておかなくちゃ。	
0x68da5	0x465		神官　ファシス\nセルーシュ王国は１からやり直しね。	
0x68da5	0x486		ト\n聖騎士団も、我々６人になってしまいました。	
0x68da5	0x4a1		聖騎士　ポール\nセルーシュは１からやり直しです。	
0x68da5	0x4b8		聖騎士　リーク\n死んだ仲間のためにも、立派な国にしてみます。	
0x68da5	0x4de		聖騎士　ラートム\nさあぁぁぁて、がんばるぞぉ！	
0x68da5	0x4f7		聖騎士　ムークス\nセシリア姫がいれば、セルーシュは安心さ。	
0x68da5	0x51b		皆さん、いつでも遊びに来て下さい。	
0x68da5	0x552		正午の鐘が鳴り響いた。\n一斉に城目指して重装騎兵団が出陣。\nそして傭兵部隊と神官戦士が、その後を追う様にセルーシュ城に向かった。\nドラゴン　ライダー隊は、一気に雲上まで上昇し、すでにセルーシュ城後方数十キロの所まで迫っている。\n聖騎士団は、キャンプの外で、突撃の時を待つ。	
0x68da5	0x610	ウォーリック	さあっ！\n俺達もパーシャ様の所に急ごう。	
0x68da5	0x63e	ライド	そんな事気にするモノじゃないぜ、セシリア。\nセシリアの方が、これから大変なんだからな。	
0x68da5	0x698	レイナ	これから色々と大変だろうけど頑張ってね。\n貴方なら、きっと良い君主になれるわ。	
0x68da5	0x6e4	ファーニス	また、遊びに来るからね。\nその時には、お城で歓迎会を開いてね。	
0x68da5	0x752	ウォーリック	・・・セシリア。\n君なら何だってできる。\n頑張れよっ！	
0x68da5	0x787	セシリア	・・・ありがとう、ウォーリック。\nありがとう、皆さん。\n私も皆さんの旅の成功を祈ってます。	
0x69391	0x12	ライド	ところで、この店に大鍋は置いてあるかい。\nできれば・・・こう・・・魔法のかかってる物が・・・・・。	
0x69391	0x79		ラミーカ\n・・・魔法の鍋ねぇ。\n使い古したミスリル製の大鍋ならあるわよ。\nでもね、たしかにミスリル製だから凄い強度はあるけど、魔力が上がったりする代物じゃないわよ。	
0x69391	0xef	ライド	そっ、それでいい。\nその鍋はいくらだい？	
0x69391	0x11b		ラミーカ\nお金を取れるほどの物じゃないわ。\n無料でいいわよ。	
0x69391	0x156		ミスリル大鍋を受け取った。	
0x69391	0x178	ファーニス	ライド、そんな物どうするの？	
0x69391	0x1a7	ライド	俺、ちょっと欲しい物があるんだよ。	
0x69391	0x1cd	パーシャ	用意はできたのかしら？	
0x69391	0x1e7		・ちょっと待って。\n・用意はできた。	
0x69391	0x1fe	パーシャ	城内では、何が起きるかわからないわ。装備は重装の方がいいわよ。	
0x69391	0x235	パーシャ	王城に行く前に話しておきたい事があるの。	
0x69391	0x260	パーシャ	この世界では、国１つ滅びるのは珍しい事じゃないわ。\nなのになぜ、ジークもライランドも主力部隊でこの戦争に加勢したと思う？	
0x69391	0x2c1	レイナ	・・・敵軍が、魔物で構成されているから。	
0x69391	0x2ed	パーシャ	・・・そう。\nこれは、もうセルーシュだけの問題じゃなく、人間と魔物との戦いになっているの。\nパーシャ\nこの事だけは、頭に入れておいて。	
0x69391	0x356	パーシャ	私も貴方達を送り込んだ後、聖騎士団と共に城に行きグリーク王と合流します。\n・・・城で会いましょう。	
0x69391	0x3b9	パーシャ	天地の皇王の名において、我、虚空の門を開かんっ！\nテレポート！	
0x69391	0x409		聖騎士　クラーバ\nぐぐッ・・・こんな傷。\n早く、城を取り戻さねば。	
0x69391	0x436		聖騎士　オガジー\n俺は、まだ戦えるんだぁぁぁぁぁッ！	
0x69391	0x45c		うぅぅぅッ。\n痛いよぉぉぉ。	
0x69391	0x473		聖騎士　ポール\nブレイス団長は奥の作戦室にいます。\n早く行ってやって下さい。	
0x69391	0x4a6		ト\nコボルドごときにやられてしまった。\n無念だぁぁぁッ！！	
0x69391	0x4d7		セルーシュの聖騎士達、無理しすぎだよ。	
0x69391	0x4ed		重装騎兵　ジョグ\nくそぉぉぉぅっ！\nオーガに馬を喰われた。	
0x69391	0x515		重装騎兵　カスター\nセルーシュの団長さん・・・かなり無理してるぜ。	
0x69391	0x541		看護兵　アニス\nセルーシュの皆さん、ボロボロになるまで戦うんですよ。\nみんな強がっているけど不安でいっぱいなのよ。	
0x69391	0x584		看護兵　アハメス\nここは、看護兵の詰所よ。\n別に変わった物はないわ。	
0x69391	0x5b2		看護兵　セーシナ\nその人、ファイア・ボールをまともに受けて重体です。\nあまり話しかけないで下さい。	
0x69391	0x5f1		看護兵　カナミ\n私、長い事看護婦してたけど、ワイバーンを治療したの初めて。\nでも、ワイバーンってカワイイのよぉ。	
0x69391	0x637		看護兵　ラーミス\n私達、看護兵は僧侶系魔法も使えるのよ。貴方達、怪我してるわねぇ。\n治してあげる。	
0x69391	0x67f		看護兵　アニス\n最終攻撃のため私達にも撤退命令がでたわ。もうすぐ、このテ	
0x69391	0x6b1		トも解体します。	
0x69391	0x6bc		看護兵　アハメス\nみんな生きて帰って来て。	
0x69391	0x6d8		看護兵　セーシナ\n最終攻撃が始まったわ。\nみんな、無事に帰って来て。	
0x69391	0x707		看護兵　カナミ\n作戦の成功を祈っているわ。	
0x69391	0x726		看護兵　ラーミス\n貴方達も作戦に参加するんですってね。\n頑張って下さいね。	
0x6995b	0x35	ウォーリック	・・・どうやら敵はいないようだな。	
0x6995b	0x59	レイナ	ここは出口よ。	
0x6995b	0x8b	ウォーリック	ここが入口だな。	
0x6995b	0xa9	ファーニス	ここから城内に通じてるんだね。\nでも、奥が真っ暗で何に見えないよ。	
0x6995b	0xe8	レイナ	本当に、ここ通らなくちゃいけないの？\n嫌な予感がするわ。	
0x6995b	0x122	ウォーリック	大丈夫だよ。\nさッ、行こう。	
0x6995b	0x162	ウォーリック	・・・急に深くなってるぞ。\n流れが早いから気を付けろ。	
0x6995b	0x19e	ファーニス	あッ！\n滑べった。	
0x6995b	0x1be	レイナ	きゃッ。	
0x6995b	0x1ec	レイナ	だんだん流れが速くなってない？	
0x6995b	0x213	ファーニス	なってるよぉんッ。	
0x6995b	0x240	ライド	ファーニス！！\n精霊に頼んで何とかしてもらえッ。	
0x6995b	0x26f	ファーニス	ひょぇぇぇぇぇぇッ！！\nそんなの無理だよぉぉぉッ。	
0x6995b	0x2b0	ファーニス	滝の音がするのは気のせいかしら？	
0x6995b	0x2d9	ウォーリック	気のせいじゃない。\n滝どわぁぁぁぁぁぁぁぁぁッ。	
0x6995b	0x331	ウォーリック	うぬぬぬッ。\n負けるかぁぁぁッ！	
0x6995b	0x396	ファーニス	ああッ！？\n奥から光が見える。	
0x6995b	0x3db	ウォーリック	かなりヤバかったが、どうやら城内に入れた様だな。	
0x6995b	0x41c	ファーニス	すっごい！！\nこんな大きな魔法陣、初めて見た。	
0x6995b	0x44d	レイナ	かなりの技術だわ。\n敵側に強力な魔導士がいる事は確かね。	
0x6995b	0x47f	ファーニス	・・・待って！\n魔法陣の中心に誰かいるよ。	
0x6995b	0x4d7		黒い鎧の男\nフッ・・・今ごろ来たか。\n地の水晶とパンツァードラグーンは、本国に送らせてもらった。\n黒い鎧の男\nこれで、この城には用はない。\nせいぜい上の魔法使いの相手でもするがいい。	
0x6995b	0x5a1	ファーニス	敵の指揮官かなぁ。\nでも、人間だったみたいだけど。\nそれにパ	
0x6995b	0x5d7		ツァー何とかって言ってたよ。	
0x6995b	0x5f8	レイナ	詮索は後にして、早く魔法陣を解体しましょう。\nジオクリスタルをセットして来るわね。	
0x6995b	0x662		７⟨14⟩⟨14⟩　魔法陣の中心にジオクリスタルをセットした。	
0x6995b	0x68b	レイナ	・・・汝、永遠の戒めより解き放たれ、眠れる力醒まさん。	
0x6995b	0x6e8	レイナ	・・・ふぅ。\n終ったわよ。	
0x6995b	0x70f	ライド	この魔法陣で敵の本拠地を割り出せなかったのか？	
0x6995b	0x738	レイナ	魔法陣を使って、向こう側に行けばわかったわよ。	
0x6995b	0x761	ライド	うぅぅぅぅぅん。\n飛び出したら魔物の真っ只中か。	
0x6995b	0x798	レイナ	・・・んんっ！？\n上の階で、とても強い魔力がぶつかり合っている。\n早く加勢に行きましょう。	
0x69f0c	0x14	レイナ	そっちは上に行く階段よ。\n私達は魔法陣を見つけて破壊しなきゃ。	
0x69f0c	0x7b	レイナ	ねぇ。\n後ろの方で、音がしなかった？	
0x69f0c	0xa6	ファーニス	私も水中で何かふれた様な。	
0x69f0c	0xcc	ウォーリック	おおッ！？\n何か出て来たぞッ。	
0x69f0c	0x107	ウォーリック	早く魔法陣を見つけて破壊しよう。	
0x69f0c	0x143	ライド	ダイガーン！！\n待ってろ、今助けてやる。	
0x69f0c	0x171	ダイガーン	・・・ライドかッ！！\nおでの事はいい。\nダイガーン\n先の部屋に、グリーク王とパーシャ様が行がれだ。\n王の加勢に行っでくでッ。	
0x69f0c	0x1cf	ライド	しかし、それだけの数相手にできるわけないだろ。\n助けるぞ。	
0x69f0c	0x203	ダイガーン	・・・聖騎士も、ライランドの近衛も、ほとんどやられでしまっだ。\nおでの事は心配するなッ！	
0x69f0c	0x24a	ライド	・・・しッ、しかしッ。	
0x69f0c	0x269	ダイガーン	ライドォォォッ！\nこの腰抜けがぁぁぁ。\n早く行げぇッ。\nダイガーン\nだのむ、ライド。\n・・・行っでくで・・・行っで王を守っでくで。	
0x69f0c	0x2f6	ライド	・・・ダイガーン。\nグリーク王は必ず守るッ。\nだからお前も死ぬなよ！！	
0x69f0c	0x33a	ダイガーン	たのむど、ライド。	
0x69f0c	0x38f		重装騎兵　カイル\nあんちゃん・・・もう帰ろう。\nあんちゃんは、よくやったよ。\n重装騎兵　カイル\n・・・グリーク王から、また御褒美もらえるね。\nさぁ、あんちゃん・・・起きなきゃ、魔物が来るよ。	
0x69f0c	0x434		重装騎兵　カイル\n・・・ああっ、ライドさん。\n・・・あんちゃんを、起してよ。\nあんちゃん、さっきから起きないんだ。\n重装騎兵　カイル\nあんちゃんを起してよ。\n・・・ライドさん、頼むよ・・・あんちゃんを起してよぉぉぉッ！	
0x69f0c	0x4cd		ダイガーンは既に冷たくなっている。\nそしてその手にはライドからもらった大鍋が、しっかりと握られていた。	
0x69f0c	0x516	ライド	・・・ダイガーン。\nちくしょぉぉぉぉぉぉッ。\n魔物め、俺が全部叩っ切ってやるッ！！	
0x69f0c	0x55b		重装騎兵　カイル\n・・・ダイガーンあんちゃん。	
0x69f0c	0x587	ファーニス	んんっ！？\n・・・気を付けて。\n柱の影に何か潜んでるよ。	
0x69f0c	0x5cf		声\n１つ。\n秘境の傭兵部隊。	
0x69f0c	0x5f1		声\n２つ。\n不滅の暗殺拳。	
0x69f0c	0x611		声\n３つ。\nみんなの人気者。	
0x69f0c	0x630		声\n４つ。\nよろしく４人衆。	
0x69f0c	0x65a	ウォーリック	・・・何者だっ！	
0x69f0c	0x6f4		な\nナイフ使い、ラキューイ。	
0x69f0c	0x714		な\n精霊使い、パイ	
0x69f0c	0x755		な全員\n・・・我ら、最強。	
0x6a491	0x22	レイナ	マジック　ロック！？\n・・・駄目だわ。\n解除に時間がかかっちゃう。	
0x6a491	0x72	ウォーリック	いいからやるんだ。	
0x6a491	0xa5		老人\nクォッ　クォッ　クォッ　クォッ！\n若いのに、かなりの魔力じゃ。\nしかし相手がこのバーグ様では、ちと分が悪かったのぉ。	
0x6a491	0x107	パーシャ	・・・バーグ！？\nそうか・・・お前がバーグか。\nその強大な魔力で、数百年も生き続けている人類最強の魔導士。	
0x6a491	0x168		大魔導士　バーグ\nお美しい御婦人に知ってていただけたとは、光栄な事だのう。\n・・・お嬢さん。	
0x6a491	0x1b9	パーシャ	ちょうどいい。\n同じ魔導を追究する者として、機会があったら御手合わせ願いたいと思っていた。	
0x6a491	0x20a		大魔導士　バーグ\nこのワシを倒すと言うのか？\nお前の様なヒヨッコに、何ができる。普通の呪文じゃワシは倒せんぞぉ。	
0x6a491	0x265	パーシャ	・・・普通の呪文？\nなら、暗黒魔術ならどうかしら。	
0x6a491	0x2ad	パーシャ	・・・天の法皇よ、地の法皇よ。\n魔導の法たる我に力を与えたまえ。\n魔の根源たるその炎で、我が敵を焼きつくせ。\nパーシャ\n・・・冥王魔光砲。	
0x6a491	0x367		大魔導士　バーグ\n甘い　甘い　甘い　甘いわ。\nそれでも魔光砲か？\n真の暗黒魔術の威力、見せてくれようぞ。\n大魔導士　バーグ\n・・・天の法皇よ、地の法皇よ。\n魔導の法たる我に力を与えたまえ。\n魔の根源たるその炎で、我が敵を焼きつくせ。\n大魔導士　バーグ\n・・・冥王魔光砲。	
0x6a491	0x44a		大魔導士　バーグ\n・・・ぬぬッ！？\nこざかしくも、我が呪文を耐えぬいたか。\nだが、次はそうはいかんぞぉ。\n大魔導士　バーグ\n・・・ハッ！？	
0x6a491	0x4f7		大魔導士　バーグ\nライトニング　ボルト！？\n何奴じゃ。	
0x6a491	0x53a	レイナ	大丈夫ですか、パーシャ様。	
0x6a491	0x580		大魔導士　バーグ\n魔導士の仲間がおったのか。\nまあよい、まとめて我が呪文の餌食にしてやろう。	
0x6a491	0x608	パーシャ	よくやったわ、貴方達。\nでも戦いはまだ終ってないわ。\n・・・ううッ！	
0x6a491	0x652	レイナ	パーシャ様はここに残って下さい。\n魔力が激しく低下してます。\n後は私達が。	
0x6a491	0x68f	パーシャ	・・・わかったわ。\n少し休んだら後を追います。	
0x6a491	0x71e	ウォーリック	・・・ダークエルフ　特戦隊！？\n何だかカッコいいぞ。	
0x6a491	0x768		特戦隊の隊長　ジーナス\n諸君、また会おう。\nはっはっはっは・・・・・。	
0x6a9d7	0x2		佳渦峡重装騎兵　バータム\nダークエルフの特殊部隊が来ている。\n気を付けろ。	
0x6a9d7	0x39		こいつ等は俺達にまかせろ。	
0x6a9d7	0x4f		重装騎兵　マーダック\n敵に魔法使いがいるそうだ。\n上に行ってくれ。	
0x6a9d7	0x7b		重装騎兵　リッキー\nうおぉぉぉッ！！\nドノバ	
0x6a9d7	0xa9		グス\n魔物なんかに、負けるかぁぁぁッ。	
0x6a9d7	0xca		・・・グリーク王を御守りしなくては。	
0x6a9d7	0xe6		重装騎兵　ミック\n俺の仲間達をよくもやったなぁぁぁッ。	
0x6a9d7	0x108		重装騎兵　キリー\nここは俺達が引き受けたぁぁぁッ。	
0x6a9d7	0x14b		く６小隊、前へッ。	
0x6a9d7	0x1c7	セシリア	よくぞ御無事で。\n魔軍の大将は、この奥にいるはずです。	
0x6a9d7	0x1fc	セシリア	私なら大丈夫です。\n他の者達の加勢をして下さい。	
0x6a9d7	0x234		グリーク王\nお前達か。\nパーシャが奥の部屋に閉じ込められた。魔法でロックされ、開けられん。\n頼む、行ってくれ。	
0x6a9d7	0x288		グリーク王\n私は大丈夫だ。\nパーシャを頼む。	
0x6a9d7	0x2b0		ト\n姫様・・・私はもう大丈夫です。\n他の者の治療を。	
0x6a9d7	0x2df		聖騎士　クラーバ\nジャックリーがやられた。\nポール！\nベルモ	
0x6a9d7	0x30f		トの援護にまわれッ。	
0x6a9d7	0x31e		聖騎士　ポール\nわぁぁぁッ！\nお前等、この城から出て行けッ。	
0x6a9d7	0x347		聖騎士　リーク\n死んでいった仲間達の無念、思い知れッ。	
0x6a9d7	0x36e		聖騎士　マロース\n負けん、負けん、負けんぞぉぉぉッ。	
0x6a9d7	0x3a6	セシリア	私もすぐ後を追います。	
0x6a9d7	0x3c5		グリーク王\n不覚を取った。	
0x6a9d7	0x3ec	セシリア	グリーク王が怪我を。	
0x6a9d7	0x40d		グリーク王\nこんなの怪我のうちに入らん。\nそれより、敵将を倒した様だな。\n我等の勝利だッ！！	
0x6a9d7	0x487		聖騎士　ヨークス\n・・・隣の部屋に、ミノタウロスが。\n・・・今、ブレイス団長が向かいました。・・・ガクッ。	
0x6a9d7	0x515	パーシャ	グリーク王。\n全重装騎兵、及び戦死者の遺体。\n本国に魔法移動完了いたしました。	
0x6a9d7	0x560		グリーク王\n御苦労、パーシャ。\n・・・セシリア姫。\nセルーシュ王国の繁栄を御祈りする。	
0x6a9d7	0x5ce		グリーク王\n・・・ウォーリック。\nライランドに来る事があれば、城に寄るがいい。\nお前達ならいつでも歓迎するぞ。	
0x6a9d7	0x632	パーシャ	貴方達、人を探しているそうね。\n見当がつかないのなら、砂の城のカル伯爵に会いなさい。\n何か、わかるはずよ。\nパーシャ\n・・・これを持って行けば入城できるから。	
0x6a9d7	0x6c7		トを受け取った。	
0x6a9d7	0x710	ウォーリック	じゃあ、俺達もそろそろ行くか。	
0x6a9d7	0x737	セシリア	皆さん・・・本当にありがとう。\n私、何と言ったらよいか。\nセシリア\nこんな危険な目に会わせてしまって。・・・何か、お礼がしたいのですが、今の私には何も・・・。	
0x6af95	0x26	ライド	おい、ダイガーン。\nお前にコレやるよ。	
0x6af95	0x54		ダイガーンにミスリル大鍋を手渡した。	
0x6af95	0x84		重装騎兵　ダイガーン\n・・・何だ、この鍋は？	
0x6af95	0xb1	ライド	お前、目が悪いのか？\nこれのどこが鍋に見えるんだよ。\nこれは、お前専用の特注ヘルメットだ。	
0x6af95	0x101		重装騎兵　ダイガーン\n・・・ヘルメット！？\nおでには、どう見でも鍋だぁ。\n貴様、おでを馬鹿にしでるなぁぁぁッ。	
0x6af95	0x15a	ライド	うるせぇ、黙ってかぶれ。\nこいつなら、そのドデカ頭だって守ってくれるんだッ。	
0x6af95	0x199		重装騎兵　ダイガーン\n・・・ふんッ！\nくだらぬ物だが、いぢお受け取っでおいでやるぞ。	
0x6af95	0x1d4	ダイガーン	・・・おでの、ヘルメット。	
0x6af95	0x1f2		重装騎兵　カイル\n僕はダイガーンの弟、カイルだ。\nあんちゃんは、近衛騎士団なんだぞ。\n僕もあんちゃんみたいな立派な騎士になりたいな。	
0x6af95	0x245		重装騎兵の中に、すんげぇ頭デカイ奴いるだろう。\n見に行ってみろよ。	
0x6af95	0x273		竜騎士　ハロルド\nワイバーンに餌やったら休憩だ。	
0x6af95	0x28d		竜騎士　テイラー\n今日の空中戦は大勝利だ。\n俺なんかガーゴイル６匹も倒したんだぜ。	
0x6af95	0x2c9		竜騎士　ジョリー\n今日も無事帰れてよかった。	
0x6af95	0x2e6		竜騎士　ガッツ\nくっそう。\n今日はラ	
0x6af95	0x300		スは落すし、ついてないぜ。	
0x6af95	0x319		前線には、まだかなりの魔物が残っているなぁ。	
0x6af95	0x336		重装騎兵　バータム\n馬に餌やったら一休みするか。	
0x6af95	0x353		重装騎兵　ジミー\n聖騎士達、みんな無理しすぎだぜ。\n見ているこっちがヒヤヒヤする。	
0x6af95	0x382		重装騎兵　マーダック\n今日は城門近くまで攻め込んだぜ。	
0x6af95	0x3ac		聖騎士達は皆、真剣だぜ。\nもし、俺の祖国が魔物に占領されたとしたら・・・。	
0x6af95	0x3e9		次の攻撃で城内に突入できそうだ。	
0x6af95	0x404		竜騎士　ルージ\n俺のワイバーン、元気ないんだよ。\nきっと病気になっちまったんだ。\nどうしよう。	
0x6af95	0x43d		看護兵　エイミー\nこのワイバーン。\nただのホームシックね。	
0x6af95	0x476	ファーニス	そうだッ！！\nワイバーン煎餅あげてみよっと。	
0x6af95	0x4ac		ワイバーン煎餅を食べさせた。	
0x6af95	0x4ec	ファーニス	ああッ、喜んでる。\nワイバーンってカワイイねぇ。	
0x6af95	0x50e		看護兵　セレナ\n今ちょうど第７次攻撃中よ。\nキャンプには負傷者が残っているわ。	
0x6af95	0x583		ブレイス団長\n城内にはダークエルフ部隊が、まだ多数残っているはずじゃ。\n油断するなッ！	
0x6af95	0x5c9		セシリア姫\nこの戦い、セルーシュ王国　再興の第一歩だと思いなさい。\n蛮勇、犬死は私が許しません。\nセシリア姫\n王をはじめ死んでいった者達のためにも魔軍を倒し、再び平和なセルーシュを取り戻すのです。\nセシリア姫\n・・・神の御加護のあらんことを。	
0x6af95	0x67f		聖騎士団全員\n神の御加護の、あらんことを。	
0x6b56a	0x60	パーシャ	皆、集まった様ですね。\n作戦会議を始めましょう。	
0x6b56a	0x10d	パーシャ	水路の入口までは、私の魔法で送るわ。地下魔法陣の有無で戦いの勝敗は決るわよ。\nパーシャ\n用意ができたら来て。\nメイ	
0x6b56a	0x173		トの横で待っているから。	
0x6b56a	0x1d8	レイナ	・・・その３鎧７姿。\n城に行くつもりね、セシリア。	
0x6b56a	0x20e	セシリア	ええ。\n私も聖騎士達と、共に戦います。\n貴方達の事は一生忘れません。\n・・・本当に、ありがとう。\nセシリア\nセルーシュ城で、会いましょう。\n・・・神の御加護のあらんことを。\nセシリア姫\n・・・ブレイス。\n聖騎士全員に、召集をかけなさい！	
0x6b56a	0x2d1		ブレイス団長\nはッ！！\n既に召集を済ませ、全員、テ	
0x6b56a	0x2f9		トの外に待機しております。	
0x6b56a	0x311		セシリア姫\n・・・参りましょう。	
0x6b56a	0x373		看護兵　パール\n誰かこの人、止めてぇ！\n絶対安静なのに戦場に行く気なのよ。	
0x6b56a	0x3b5		頭のデカい重装騎兵\nただのカスリ傷だ。\nごんなの怪我のうちに入らんど。	
0x6b56a	0x3e7		看護兵　パール\n何、言ってんのよ！\n顔面にライトニ	
0x6b56a	0x40e		グボルトの直撃を受けたのよ。\n生きているのが奇跡なくらいなのに。\n看護兵　パール\n・・・もう、知らないッ！\nダイガーンさんのバカァァァッ！	
0x6b56a	0x4ad		頭のデカい重装騎兵\n・・・行っでしもた。\nんんっ？\n何だ、お前達は？	
0x6b56a	0x4ea	ライド	俺の名はライド。\nおおっ・・・これは凄い。\nお前、ハ	
0x6b56a	0x51c		パじゃなく頭デカいなぁ。お前、名は？	
0x6b56a	0x53f		頭のデカい重装騎兵\nおでの名は、ダイガーン。\n由緒あるライランドの近衛騎士をやっでいるんだど。	
0x6b56a	0x57e	ライド	いやぁ、それにしてもデカイ。\n頭だけで、ファーニスぐらいあるぞ。お前兜をしてないが、まさか頭がデカすぎて、合うサイズがないのか？	
0x6b56a	0x5e9		重装騎兵　ダイガーン\nうぬぬぬぅッ、ライドとか申したな。貴様、おでを愚弄するのがッ！？\nゆるざんぞぉぉぉッ。	
0x6b56a	0x635	レイナ	ライド、そんな事言ったら失礼よ。	
0x6b56a	0x65c	ファーニス	でも、大っきいね。\nゴーレムの頭だって、もっと小さいよ。	
0x6b56a	0x692		重装騎兵　ダイガーン\nうぬぬぬぬぬぬッ。\nぞれ以上言うど許ざんぞぉぉぉッ。\nあっちへ行げッ、行げッ！！	
0x6b56a	0x6da	ダイガーン	だがら礼儀を知らぬ冒険者はぎらいだ。	
0x6b56a	0x760		看護兵　パール\nダイガーンさんなんか嫌いよ。\n私の気持ちなんか、全然わかってないんだから。\nもう、プ	
0x6b56a	0x7a0		看護兵　パール\nダイガーンさん、無茶しなければいいな。お願い、生きて帰って来て。	
0x6bb66	0x1a	ファーニス	・・・んんッ？\n中から話し声がするよ。	
0x6bb66	0x8e	パーシャ	あまり無理をなさらぬ方がいいですよ、ブレイス殿。\n精神的にも肉体的にも、かなり無理なさっている様です。	
0x6bb66	0xe1		ブレイス団長\n無理はわかっておる。\nしかし、無理をしておるのはワシだけではない。\nブレイス団長\nなんとも情けない話じゃ。\nヒドラ退治から帰ってみれば城は魔物で溢れ、皆の生死すらわからん。\nブレイス団長\nしかし皆、生きているはずじゃ。\n城さえ取り戻せば・・・王も・・・妃も・・・姫様達も・・・帰って来てくれる。\nブレイス団長\n必ずワシ等の元に帰って来てくれる。皆、そう信じて戦っておるのじゃ。	
0x6bb66	0x210	パーシャ	しかし、城にはもう・・・。	
0x6bb66	0x232		ブレイス団長\n聞こえん、聞こえんッ！！\n皆、生きておるッ。\nワシ等の助けを待っておるのじゃ。	
0x6bb66	0x2ac	レイナ	さあ、セシリア姫。\n早く行ってあげなくては。	
0x6bb66	0x331		セシリア姫\n・・・心配をかけましたね。\nよくここまで兵達をまとめ、頑張ってくれました。	
0x6bb66	0x3a4		ブレイス団長\n・・・姫・・・姫様！？\nまさか、姫様。	
0x6bb66	0x3e0		セシリア姫\n・・・どうしたのです。\n私は、ゴーストでもゾ	
0x6bb66	0x40b		ビでもありません。\n私は帰って来たのです。	
0x6bb66	0x438		セシリアは今までの出来事を話した。	
0x6bb66	0x478		セシリア姫\nウォーリック、ライド、レイナ、ファーニス・・・本当にありがとう。	
0x6bb66	0x4b1	ファーニス	みずくさいなぁ、セシリアちゃん。	
0x6bb66	0x4d3	レイナ	私達にできる事があったら何でも言って。\n決して足手纏いにはならないと思うけど。	
0x6bb66	0x51a		セシリア姫\n・・・皆さん。	
0x6bb66	0x557		つ、魔法使い？	
0x6bb66	0x56e	レイナ	はい・・・そうです。	
0x6bb66	0x58d	パーシャ	なら、本気で手伝ってほしい事があるの。\nセルーシュの街の魔法屋に、ある物を取って来てほしいんだけど。	
0x6bb66	0x5d4	レイナ	セルーシュの魔法屋に？	
0x6bb66	0x5e9	パーシャ	魔法増幅アイテム、ジオクリスタルよ。どうやら魔軍は地下に魔法陣を形成して、テレポートして来ている様なの。\nパーシャ\n魔法陣解体専用の呪紋処理をしたジオクリスタルを特注で造らせたわ。\nそれを使える者が必要だったのよ。\nできるかしら？	
0x6bb66	0x687	レイナ	・・・ええ。\nいいでしょ、ウォーリック。	
0x6bb66	0x6b2	ウォーリック	ああ、もちろん。	
0x6bb66	0x6ce	パーシャ	じゃあ決まりね。\nこれを魔法屋に持って行けば渡してもらえるわ。	
0x6bb66	0x710		パーシャの手紙を受け取った。	
0x6bb66	0x72e	セシリア	ありがとう、皆さん。	
0x6bb66	0x74e	パーシャ	ジオクリスタルの扱いには気を付けて。	
0x6bb66	0x76d	パーシャ	作戦会議が始まるまで、まだ時間があるわ。\nキャンプ内で待っててもらえるかしら。	
0x6c0bd	0x24	ブラフォード	君に、これを持って行ってほしい。	
0x6c0bd	0x58		突然、ブラフォードが地面に剣を突き刺した。	
0x6c0bd	0xd1	ウォーリック	台座の中に黄金のナイフがある。\nこれは、俺が持っているのと同じ物じゃないか？	
0x6c0bd	0x114	ブラフォード	・・・そうだ。\nこのナイフと、君の持っているナイフ。一緒にパディッシュ様の所に持って行ってほしい。	
0x6c0bd	0x16e		黄金のナイフを受け取った。	
0x6c0bd	0x18f	ウォーリック	・・・教えてくれブラフォード。\nそのパディッシュって、誰なんだ？\nこのナイフは一体何なんだ！？	
0x6c0bd	0x1db	ファーニス	そんな事より、その変な鎧脱いで早く一緒に帰ろうよ。\n・・・ねぇ・・・お兄ちゃん。	
0x6c0bd	0x236	ブラフォード	私はすぐ、あの男を追う。\nウォーリック。\n妹を・・・ファーニスを頼む。	
0x6c0bd	0x279	ファーニス	待ってよ、お兄ちゃん。\n私を置いて行かないでよ。	
0x6c0bd	0x2ac	ウォーリック	ちょっと、待ってくれ。\nまだ聞きたい事がたくさんあるんだ。\nあの黒い鎧の男も、何か関係があるのか！？	
0x6c0bd	0x30d	ブラフォード	・・・私達は、守護騎士だ。\nそれ以上は、何も言えない。\nブラフォード\n・・・これから神官竜に会いなさい。\n君達の道は、そこから決まる。	
0x6c0bd	0x3a8	ファーニス	・・・お兄ちゃん。\n・・・行っちゃったよ。\n何で私を置いて行くの？\nファーニス\nいつも。\n・・・いつもそうだよ。	
0x6c0bd	0x419	ウォーリック	あの３鎧７・・・ランバートの着ていた物と同じだ。	
0x6c0bd	0x44f	レイナ	あの黒い鎧の男も・・・みんな、守護騎士って呼ばれてる様ね。	
0x6c0bd	0x48a	ウォーリック	とにかく、ここに黄金のナイフが２本そろった。\n早くパディッシュを探し出そう。\nそうすれば全てがわかるはずだ。	
0x6c0bd	0x4df	ファーニス	こんな所に神殿の遺跡がある。\n何の神様を祭った神殿だろうねぇ？	
0x6c0bd	0x52f	レイナ	何か書いてあるわ。\n・・・・・古代語ねぇ。\nええっと・・・・・祭る・・・竜の・・・・・金と銀？\nレイナ\nああっ、全然わからないわ。\nでも、何か竜の神とか書いてあるみたいよ。\n竜神信仰なんて聞いた事ないけど。	
0x6c0bd	0x5fc	ファーニス	とにかく入ってみようよ。\n誰も脚を踏み入れてないみたいだし、ワクワクするね。	
0x6c0bd	0x63b		なんだいお前達は、出て行けッ出て行けッ。	
0x6c0bd	0x679	レイナ	・・・光った。\n今のはライトニング　ボルトよ。\nこの近くで誰かが戦っているのは間違いないわね。	
0x6c0bd	0x6c9	ファーニス	たぶんこの神殿の西の方だよ。\nあっちの精霊達・・・すごく騒いでる。	
0x6c570	0x1e	ファーニス	・・・ああッ！！\nやっぱり誰か戦ってるよ。	
0x6c570	0x50	ウォーリック	ふせろ、ファーニス！！\n少し様子を見た方がいい。	
0x6c570	0x115		黒い鎧の男\n・・・どうした、水晶竜の守護騎士。お前の力はそんなモノではなかろう。	
0x6c570	0x2b2		黒い鎧の男\nなかなかやるな。\n・・・しかし、今の腕で俺を倒すのは不可能だ。\n仲間のエリオットは、すでに倒した。	
0x6c570	0x315		細身の男\n・・・エリオットがッ！！	
0x6c570	0x335		黒い鎧の男\nこの神殿に、ナイフを取りに来た所をな・・・。\n今頃、裏の森で寝ているはずだ。\n次はお前の番だ、ブラフォード！	
0x6c570	0x3c3	ファーニス	・・・お兄ちゃん！？	
0x6c570	0x3f3	ファーニス	あの黒い奴と戦ってるの、私のお兄ちゃんだよ！\nお兄ちゃんが殺されちゃう。\n早く助けて。	
0x6c570	0x451	ファーニス	お兄ちゃん、助けに来たよ。	
0x6c570	0x473	ブラフォード	ファーニス。\nお前、なぜここにッ！？	
0x6c570	0x494	ファーニス	説明は後だよ、お兄ちゃん！\nウォーリック、あいつ魔法陣にいた人じゃない。	
0x6c570	0x4da		黒い鎧の男\n・・・ふんッ！\n仲間がいたのか。\nいいだろう。\nまとめて相手をしてやる。	
0x6c570	0x541		黒い鎧の男\n・・・ちぃぃぃッ！\n命拾いしたな、ブラフォード。\n今日のところはエリオットを倒せただけで良しとしよう。	
0x6c570	0x5bc	ライド	どうやら追い返せたな。	
0x6c570	0x614	ブラフォード	・・・ファーニス。\nこれはどういう事だ？\n説明してくれ。	
0x6c570	0x64b	ファーニス	うんッ。\nあのね・・・。	
0x6c570	0x682		ファーニスは、今までの出来事を話した。	
0x6c570	0x6ac	ブラフォード	・・・だいたいの事はわかった。\n皆さん、妹が世話になった。\n礼を言う・・・ありがとう。	
0x6c570	0x703	ウォーリック	とんでもない。\n逆に俺達が助けられてる方さッ。	
0x6c570	0x72e	ブラフォード	ウォーリック。\n君に渡したい物がある。\nちょっと付いて来てくれ。	
0x6c570	0x79c	ファーニス	お兄ちゃんは、そっちじゃないよ。	
0x6ca81	0xc		武器屋\n⟨14⟩⟨14⟩ジャクーナ\n狩猟用、攻撃用、武器類各種取り揃えてございます。	
0x6ca81	0x7d		道具屋\n⟨14⟩⟨14⟩ミディー\nプリティーなミディーのお店。\n生活用品なら、ここよ。	
0x6ca81	0xc8		１週間　６００ダイン。\n⟨14⟩御食事⟨14⟩定食　２５ダインより。	
0x6ca81	0xed		ジェシカの武器屋\n\n神官用打撃武器、各種取り揃えてございます。	
0x6ca81	0x128		おシャレな貴方に、素敵な一着。	
0x6ca81	0x157		ライト\n\n魔導具の修理、調整いたします。	
0x6ca81	0x1d4	ファーニス	・・・なんか、活気の無い街だね。	
0x6ca81	0x1ff	ゼロ船長	やはり来たな。\n用意はできているのか？	
0x6ca81	0x226		・ちょっと待って。\n・行きましょう。	
0x6ca81	0x23d	ゼロ船長	装備を整えてから来い。	
0x6ca81	0x25e	ゼロ船長	よしっ！\n出航準備だっ。	
0x6ca81	0x2cc		か航速度保て！\n魔力吸収セイル、オープ	
0x6ca81	0x31d		んです。	
0x6ca81	0x322		ですか？	
0x6ca81	0x344		を受け取った。	
0x6ca81	0x375		地の法皇よ。	
0x6ca81	0x41c	ゼロ船長	戦闘艦としてのバッカス２世号の威力。見せてやろう。\nゼロ船長\nポップ！\n精霊達の少しの変化も見逃すな。	
0x6ca81	0x472	ゼロ船長	クイーンストーカー号の船足は速いぞ。もう、奴を捕捉した筈だ。	
0x6ca81	0x4a8	ゼロ船長	お前達。\n戦う前に船酔するなよ。	
0x6ca81	0x4d3	ファーニス	ぐべぇぇぇッ。\n私、酔ったぁぁぁッ。	
0x6ca81	0x4fd	ゼロ船長	お前達、砂上戦は未経験だろう。\n陸地とは勝手が違うぞ。\n流砂だけは気を付けろ。	
0x6ca81	0x550	ポップ	俺は精霊使いなんだ。\nまあ、船の目の役割だ。\nちなみにタップは魔導士なんだぜ。	
0x6ca81	0x58c	ポップ	攻撃地点まではまだだよ。\n船内でも見学すればいい。	
0x6ca81	0x5bf	ポップ	砂の海ってのは、精霊達が狂っちまった死の世界だ。\nどうしてこんなになったんだろう。	
0x6ca81	0x5f5	ポップ	精霊反応、今だ無し。	
0x6ca81	0x60f	ポップ	この真下に水晶の角があるんだ。\nこいつで、モビーディックをグサリさッ。	
0x6ca81	0x640	タップ	ここはバッカス２世号の動力室だよ。\n俺は少し魔法が使えるから制御係なんだ。	
0x6ca81	0x679	タップ	このバッカス２世号やクイーンストーカー号は、旧世界の魔導器なんだぜ。\n数百年たっても立派に動いている。	
0x6ca81	0x6b9	タップ	砂船や潜砂艦は魔導技術の結晶だ。\n上のセイルで大気中から収集してる魔力は、微々たる物で、本当の動力源はゼロ船長の魔力だ。\nタップ\n船の性能は、その船のキャプテ	
0x6ca81	0x731		の魔力によって左右するんだよ。	
0x6ca81	0x751	タップ	魔法障壁を船底の張り巡らせ、砂の抵抗を下げて航行している。	
0x6d064	0xe		ジャクーナ\nいらっしゃいませ。	
0x6d064	0x29		御探し物は？	
0x6d064	0x3c	・品物を見せて。	・話をしよう。\n・持物を売ります。\n・お店を出よう。	
0x6d064	0x6d	レイナ	買物は、もういいわ。	
0x6d064	0x8d	レイナ	やっぱり節約のため、買わない。	
0x6d064	0xaf		ジャクーナ\n在庫が少なくてすまんな。\nみんな、モビーディック戦の時に出しちまったんだよ。	
0x6d064	0xef	ファーニス	モビーディックって、鯨さんの事？	
0x6d064	0x10d		ジャクーナ\n鯨さんなんて優しい、モノじゃないよ。普通の砂鯨の７倍はデカイ。\nおまけにどう猛で、かったぱしから船を攻撃しやがる。\nこの街の漁師のほとんどが奴にやられちまった。	
0x6d064	0x184		ジャクーナ\nまったく、この街も淋しくなったなぁ。これもみんなモビーディックのせいさ。早く、元の活気に満ちた街に戻ってほしいなッ。	
0x6d064	0x1d6		ジャクーナ\nこのお店じゃ、５割で引取ってるよ。	
0x6d064	0x20d	レイナ	今回はやめておくわ。	
0x6d064	0x225		ジャクーナ\nありがとうござぁぁぁい。	
0x6d064	0x24f		マーって聞くと、ビッグなト	
0x6d064	0x262		カチをイメージする人がいるけど違うぜ。\nこれは小さい鎚頭とピックを合わせた武器で、刺すのと叩くのと２通りの使い方ができるんだ。	
0x6d064	0x2dd		マーって、以外と小さいのねぇ。\nやっぱり私も巨大金鎚を想像してたわ。	
0x6d064	0x32b		カチじゃないのぉ。\nカワイくなぁぁぁぁぁい。	
0x6d064	0x34d		ジャクーナ\n幅広の刃の付いた戦斧で、バトルアックスに比べると柄も長く、力が込めやすくなっているんだ。\n船乗りが砂鯨に止めを刺す時にも使われるんだ。\nかなり重いぞ。	
0x6d064	0x3d7	レイナ	海の男って３斧７が似合うわね。	
0x6d064	0x3ff	ファーニス	刃が両方に付いているのが特徴だね。	
0x6d064	0x435		グスター・・・うぅぅぅん、いいネーミ	
0x6d064	0x44f		グだねぇ。\nこいつはスパイクのいっぱい付いた星型の鉄球と握りとを、鎖で繋いだ武器で、フレイルの超豪華版ってとこかな。	
0x6d064	0x4c3	レイナ	自分で振って、自分に当っちゃったりして。	
0x6d064	0x4f3	ファーニス	お星さま、キラキラ。	
0x6d064	0x514	ライド	シブい俺には似合わぬ武器だ。	
0x6d064	0x536		ジャクーナ\n三又の３槍７を言えば聞こえはいいが、これは大型のモリだな。\nこの街じゃ砂魚なんかを捕るのに使われてるが、戦闘用としても立派に使えるぜ。\nこの砂の海じゃ一番の武器だ！	
0x6d064	0x5c2	レイナ	砂の海でも使える３槍７なんて、凄いわねぇ。	
0x6d064	0x5ed	ファーニス	よく、虫歯の菌や悪魔が持ってるアレだね。	
0x6d064	0x616		ラホベ\nパラボじいちゃんならいないよ。\nモビーディックにやられちまった。\nラホベ\n俺のじいちゃんみたいな、立派な漁師になるんだ。\nそうそう、隣の小屋は発着所の待合室だから、誰もいないよ。	
0x6d064	0x69b		ラホベ\nモビーディックには勝てないよ。\nじいちゃんも負けたんだ。\n奴は海のデーモンさ。	
0x6d55a	0xe		レミー\n・・・いらっしゃいませ。\nごゆっくりどうぞ。	
0x6d55a	0x3b		いかがいたします？	
0x6d55a	0x4f	・品物を見せて。	・話をしよう。\n・持物を売ります。\n・瞬間移動したい。\n・お店を出よう。	
0x6d55a	0x85	レイナ	お買物は、あとで。	
0x6d55a	0xaa	レイナ	今、持ち合わせがないのよ。	
0x6d55a	0xca		レミー\nこの砂の海に大型の砂鯨、モビーディックが現れたの。\nモビーディックは雷精の加護を受けた魔物よ。\nレミー\nこの精霊達の狂った砂の海に住む生物達は、何かしら特殊能力を持っているから気を付けて。	
0x6d55a	0x157		レミー\n誰かモビーディックを倒して。	
0x6d55a	0x172		レミー\nうちは４割で引取るわ。	
0x6d55a	0x1a0	レイナ	もうちょっと使ってからにするわ。	
0x6d55a	0x1c0		レミー\n・・・砂の海は越えられないわよ。\n砂の海は、精霊の力が正しく働かないのよ。	
0x6d55a	0x1fc		レミー\n５００ダインだけど、どうする？	
0x6d55a	0x21a		・クラウスの村に行く。\n・ジーク王国に行く。\n・セルーシュ王国に行く。\n・やめておく。	
0x6d55a	0x257		レミー\nじゃあ、始めるわよ。\nレミー\n天地の皇王の名において、我、虚空の門を開かん。\nテレポート！	
0x6d55a	0x2f6		レミー\nありがとうございました。	
0x6d55a	0x305		レミー\nこれは、古代魔法文明の遺産です。\nカーズってのは、昔いた魔導具職人の名で、かなりの数の作品を残しているんですよ。\nこの杖も、その１つで、かなりの魔力を秘めているわ。	
0x6d55a	0x3a9	レイナ	そう言えばカーズのローブってあったわねぇ。	
0x6d55a	0x3d8	レイナ	今、私が着ているこれもカーズって人の作品なのね。\n数百年たっても残ってるなんて、凄い魔導技術ね。	
0x6d55a	0x430		レミー\nこれは、ミスリル製のレイピアよ。\n普通のレイピアの場合あまり固い物を攻撃すると刃が折れる心配があったけど、これなら安心です。\nそれにさらに軽くなっているし、攻撃力もかなり上がってます。	
0x6d55a	0x4cd	ファーニス	わぁぁぁぁぁ！\nとってもキレイだし、カッコいいねぇ。ねぇ、これ欲しい。\n欲しい、欲しい、欲しいぃぃぃッ。	
0x6d55a	0x523	ファーニス	私、今使ってるよ。\nどぉお？\n私、似合う、似合う？	
0x6d55a	0x559		レミー\nこれは魔導士のローブに、暗黒魔術で召喚した闇を織り込ました物です。\n物理攻撃から魔法攻撃まで、すべての攻撃を吸収してくれるわ。\n暗黒魔術って悪質な感じを受けるけど、とても洗練されたモノなのよ。	
0x6d55a	0x5f2	レイナ	パーシャ様も使っていたし、私も暗黒魔術には興味があるわ。	
0x6d55a	0x622		レミー\n金って素材はあまり魔力を含んでいないんだけど、人気があるのよねぇ。魔力が無いからって紛い物じゃないわよ。\nこの指輪は強い呪紋処理をしてあるら安心して。	
0x6d55a	0x6ad	ファーニス	金って人気があるのね。	
0x6d55a	0x6ce		レミー\n白銀でできた指輪です。\nとってもキレイでしょ。\nもう、この指輪は説明の余地がないほどの人気なのよ。\n在庫も少ないから、買うんなら今のうちよ。	
0x6d55a	0x747	レイナ	わぁぁぁ、本当にキレイねぇ。	
0x6d55a	0x781		スもいいよ。	
0x6da8d	0xe		ミディー\nいらっしゃいませ。\n店長のミディーでぇぇぇす。	
0x6da8d	0x3e		何にする？	
0x6da8d	0x4e	・品物を見せて。	・話をしよう。\n・持物を売ります。\n・お店を出よう。	
0x6da8d	0x81	レイナ	買物はまた後で。	
0x6da8d	0xa0	レイナ	節約しなきゃ。	
0x6da8d	0xb9		ミディー\nモビーディックを倒すために、漁師のほとんどが死んでしまったわ。\n誰か、みんなのカタキをとって。	
0x6da8d	0x111		きも、キ	
0x6da8d	0x11f		きも、アマヤー	
0x6da8d	0x12b		号も、ブルーコメット号も、北天丸も、みんなモビーディックに沈められちゃったわ。	
0x6da8d	0x163		ミディー\nここでは、６割で引取らせていただいてまぁぁぁす。	
0x6da8d	0x19f	レイナ	うぅぅぅぅぅん。\nもうちょっと、使ってからにするわ。	
0x6da8d	0x1c8		ミディー\nありがとうございました。\nまた、買いに来てねぇぇぇ。	
0x6da8d	0x1ec		ミディー\nこの薬草には、砂ワカメも入っているのよ。\n砂ワカメには日射病の対抗性があって、この砂の海で生活する人々には欠かせない物なの。	
0x6da8d	0x260	レイナ	ワカメって、髪の毛が濃くなるのよね。ウォーリックが将来ハゲない様に、買っておきたいわ。	
0x6da8d	0x2ae	ファーニス	ワカメと昆布は違います。	
0x6da8d	0x2d6		ミディー\nこのポーションは当店の薬草袋の成分と同じよ。\nかなり濃く作ってあるからよくお客さんから苦いって言われるもんで、サービスで味噌で味付けしてあるの。凄いでしょ。	
0x6da8d	0x355	レイナ	なんで味噌味なの？	
0x6da8d	0x377	ファーニス	神秘の味がしそうだね。	
0x6da8d	0x396		ミディー\nちょっと情けない名前だけど、これはれっきとした魔導具よ。\n戦闘中使うと敵をテレポートで飛ばせるの。\n魔法に関する危険性がまったくないし、道具屋でも扱えるのよ。	
0x6da8d	0x425	レイナ	面白そうね、コレ。	
0x6da8d	0x446	ファーニス	素敵な名前ね。	
0x6da8d	0x460		ミディー\nクロスボウって言うのは、太矢を置く台尻と、弓とを一体化した武器よ。\n照準器付きで正確に狙えるし、その威力はプレートメイルだって簡単に貫通できちゃうわ。\nただ速射はできないわね。	
0x6da8d	0x500	レイナ	強力そうね。\nそれにカッコいいわ。	
0x6da8d	0x531	ファーニス	私、これ欲しいなぁ。\nねぇ、買おッ、買おッ、買おぉぉぉ。	
0x6da8d	0x56e	ファーニス	これって凄くいいよ。\n使いやすいし、強いしね。	
0x6da8d	0x59b		ミディー\nこのブーツはプロテクトブーツと同じく、装甲付きのブーツよ。\nただ使っている装甲は金属製じゃなくて、甲殻類の装甲を使っているの。とっても丈夫だし軽いのが特徴ね。	
0x6da8d	0x622	レイナ	本当っ！\n軽いわねこのブーツ。	
0x6da8d	0x64b	ファーニス	甲殻類って、蟹さんや海老さんの事だよね。	
0x6df16	0xe		ジョナ婆さん\nいらっしゃい。\nゆっくりしてきな。	
0x6df16	0x37		何にするんだい？	
0x6df16	0x4b		・宿泊します。\n・食事をとろう。\n・話をしよう。\n・テミスを換金します。\n・お店を出よう。	
0x6df16	0x7d	レイナ	お金が足りないわ。	
0x6df16	0x95		ジョナ婆さん\nお泊りかい。\n１週間で、６００ダインでいいよ。	
0x6df16	0xc4		・泊まる。\n・やめておく。	
0x6df16	0xdf	レイナ	私達、そんなに疲れてないわ。	
0x6df16	0x106		ジョナ婆さん\n２階の真中の部屋を使いな。\n１週間は自由にしていいよ。	
0x6df16	0x14d	ウォーリック	おやすみなさい、レイナ。	
0x6df16	0x186		ジョナ婆さん\n今、ちょうどラ	
0x6df16	0x19b		チタイムだから、人数分で、１００ダインだね。	
0x6df16	0x1b9		・食事にする。\n・やめておく。	
0x6df16	0x1d6	ファーニス	まだ、食べたくなぁい。	
0x6df16	0x211		ジョナ婆さん\n今日は、砂蟹のクリームコロッケと、砂鯵のフライ定食だよ。\n適当に開いてる所で喰っとくれ。	
0x6df16	0x267	ファーニス	・・・以外と美味しいね。	
0x6df16	0x28e		ジョナ婆さん\n今日の定食は、砂鮪の刺身と砂ワカメの味噌汁だよ。\n適当に開いてる所で喰っとくれ。	
0x6df16	0x2e4	ライド	おおっ！\nこいつぁうまいや。\nあの婆さん、なかなかやるな！	
0x6df16	0x339		キー船長。\nそりゃあ、勇敢な人だった。\nキ	
0x6df16	0x35a		グシェル号のジェド船長。\n酒好きで、愉快な人だったよ。\nアマヤー	
0x6df16	0x38d		号のバスク船長。\n船速が自慢だったねぇ。\nジョナ婆さん\nブルーコメット号のダーギ	
0x6df16	0x3d2		船長。\n若いし、頭がキレる男だったんだ。\n北天丸のパラボじいさん。\nモリの名手だった。\nでも、みんな逝っちまったんだよ。	
0x6df16	0x433		ジョナ婆さん\nみんな、逝っちまった。\nみんな、優しい海の男だったのに。\nモビーディックにやられて、冷たい砂の海の底さ。	
0x6df16	0x4ab		ジョナ婆さん\n換金は、１００テミスからだよ。\nこの店での今の換金率は、	
0x6df16	0x4db		テミス１０に対してダイン１５だ。	
0x6df16	0x4f4		テミス１０に対してダイン１７だ。	
0x6df16	0x50d		どうするんだい？	
0x6df16	0x51f		・換金する。\n・まだしない。	
0x6df16	0x533		・換金する。\n・まだしない。	
0x6df16	0x54d	レイナ	もっと、換金率のいい時にするわ。	
0x6df16	0x56c		ジョナ婆さん\n換金は１００テミス以上ないとできないよ。	
0x6df16	0x5c7		ジョナ婆さん\n換金終ったよ。	
0x6df16	0x5e4		ジョナ婆さん\nまた、いつでも来な。	
0x6df16	0x606		ジョナ婆さん\n砂の城に行きたいだって？\nこの街から船は出ないんだよ。\nみんな、モビーディックのせいさ。\n船を次々と襲っては、多くの漁師達を砂の海に引きずり込んだ。\nジョナ婆さん\n漁師達だって腰抜けじゃない。\n皆、こぞって奴を退治に行ったんだ。・・・でも戻って来たのは、たったの２隻。\nジョナ婆さん\nゼロ船長のバッカス２世号と、クラ	
0x6df16	0x6f3		キー船長のナイトヘッド号。\nナイトヘッド号は港近くで沈没。\n助けられたクラ	
0x6df16	0x730		キー船長も昨日死んだよ。\nジョナ婆さん\n砂の海を渡りたいならゼロ船長に頼みな。\n船長なら２階の奥の部屋にいるよ。	
0x6e441	0x14	ポップ	砂の海を渡りたいって！？\n駄目だよ、駄目。\n出ていってくれ。	
0x6e441	0x4c	タップ	船長は怪我をしてるんだ。\n出てってくれよ。	
0x6e441	0x72	ポップ	船は出せないんだよ。\n駄目だ、駄目だ。	
0x6e441	0x9d	タップ	船なら出ないよ。\n船長にもしもの事があったらどうするんだ。	
0x6e441	0xd6	ゼロ船長	・・・よせ、ポップ、タップ。\n旅人の様だがよかろう。\n砂の海を渡してやる。	
0x6e441	0x113	タップ	しかし船長。	
0x6e441	0x126	ゼロ船長	私も海に戻らなくてはならない。	
0x6e441	0x14e	ウォーリック	話は宿屋の婆さんから聞きました。\nできる事があったら、何でも言って下さい。	
0x6e441	0x188	ゼロ船長	・・・水晶の角さえあれば。	
0x6e441	0x1b8	ゼロ船長	街の北の丘に水晶の角と呼ばれる水晶が生えている。\nそれさえあれば奴を倒せる。\nゼロ船長\n水晶の魔力が奴の魔力を封じ、対等に戦えるはずだ。	
0x6e441	0x226	ウォーリック	わかりました。\n北にある丘ですね。\n水晶の角は必ず取って来ます。	
0x6e441	0x25c	ゼロ船長	ただ、丘には魔獣　キメラが住み付いている。\nそれでも行けるか？	
0x6e441	0x29e	ライド	キメラなんて、めったにいない魔獣。望むところだぜ。	
0x6e441	0x2c9	ゼロ船長	・・・頼んだぞ。\nポップ、タップ、船の修理にかかれ。	
0x6e441	0x2ff	ポップ	気を付けて行ってくれ。	
0x6e441	0x318	タップ	水晶さえあればモビーディックも楽勝だぜ。	
0x6e441	0x334	ポップ	あのキメラを倒したの！？\n凄いじゃないか。	
0x6e441	0x35c	ウォーリック	ゼロ船長！\n水晶の角を取って来ました。	
0x6e441	0x388		水晶の角を渡した。	
0x6e441	0x3a8	ゼロ船長	・・・確かに水晶の角だ。\nよくやってくれた。\nこれで奴と戦える。	
0x6e441	0x3e6	ファーニス	でも、これをどうやって使うの？	
0x6e441	0x403	ゼロ船長	船首に突角として付け串刺しにする。\n水晶が奴の魔力を吸収している間に、砂上戦闘で止めを刺す。	
0x6e441	0x45b	ファーニス	砂の上でも、少しは歩けるんだ？\nでもモビーディックの位置がわからないのに、どうするの？	
0x6e441	0x498	ゼロ船長	・・・オトリの小船を使って、おびき出す。	
0x6e441	0x4ce		女の声\nその役目、私がやろう。	
0x6e441	0x52e	ゼロ船長	・・・ウィルディースか。\nいつ戻った。	
0x6e441	0x558	ウィルディース艦長	今日付いたわ。\n宿の婆さんから聞いたよ。\nみんなのカタキを取るんだったら、私も手伝わせてほしい。\nウィルディース艦長\nここは、私にとっても母港だ。\nいやだと言ってもやらせてもらうよ、ゼロ。	
0x6e441	0x5d9	ゼロ船長	・・・いいだろう。	
0x6e441	0x605	ファーニス	ねぇ、ポップさん。\nあの人、誰？	
0x6e441	0x628	ポップ	あの御方は、ウィルディース艦長だ。\nゼロ船長の仲間で、海賊潜砂艦クイーンストーカー号の艦長だよ。	
0x6e441	0x65b	ファーニス	海賊！？\nあの人、海賊なの。	
0x6e441	0x67d	ポップ	そうさ。\nだってゼロ船長や俺達だって、元は海賊なんだよ。\n凄いだろぉ。	
0x6e441	0x6ba	ゼロ船長	ポップ、おしゃべりはいい。\n早く水晶の角をセットするんだ。	
0x6e441	0x727	ウィルディース艦長	でっ。\nどうするんだい？	
0x6e441	0x74b	ゼロ船長	海上におびき出す事さえできれば、バッカス２世号の突角で攻撃できる。\nそして、砂上戦闘に持ち込むつもりだ。\nゼロ船長\nできるか？	
0x6e99a	0xa	ウィルディース艦長	簡単な事ね。\nクイーンストーカー号で、奴の真下から魔導魚雷をプレゼ	
0x6e99a	0x3d		トしてあげるわ。\nウィルディース艦長\n時間どうり、ピタリと奴の顔を拝ませてあげる。\nそれで攻撃地点は？	
0x6e99a	0x85	ゼロ船長	タカピ岬から３０カイリの所だ。\nあそこなら流砂もないし、潜砂艦にも十分な深度がある。\n時間は１３時ちょうどではどうだ。	
0x6e99a	0xe7	ウィルディース艦長	・・・１３時か。\nいいだろう。\n皆の無念を晴らしましょう、ゼロ。	
0x6e99a	0x124	ゼロ船長	ああ。\n必ずな。	
0x6e99a	0x162	ゼロ船長	ウォーリック。\n一緒に来るつもりがあるのなら、港で待っている。\nゼロ船長\n港には、バッカス２世号しか船はない。すぐわかるだろう。	
0x6e99a	0x1d7	ポップ	本船真正面、距離３０００、深度２５０に精霊反応、急速浮上中！\n精霊種確認・・・雷精。\n間違いありません、モビーディックです！	
0x6e99a	0x248	ゼロ船長	遂に来たか。\nポップ、奴をロストするな。\nタップ、出力最大、戦闘船速。	
0x6e99a	0x2a5	ポップ	モビーディック、なおも浮上中。\n凄い数の雷精を従えています。\nその後ろ３０００に、反応有りッ。\n・・・クイーンストーカー号です。	
0x6e99a	0x30a	ゼロ船長	よくやってくれた、ウィルディース。後は俺に任せろ。\n冷たい海の底に眠る仲間達の恨み、晴らす時が来た！\nゼロ船長\n砂上戦闘、用意。\n船首突角に魔力集中。\n総員、衝撃に・・・むぅぅぅっ。	
0x6e99a	0x3be	ゼロ船長	・・・うろたえるな。\n何でもない。	
0x6e99a	0x3e6	ポップ	その体ではまだ無理です。\nやはり引き返しましょう。\nポップ\nタップ、上がって来い。\n船長に手を貸すんだッ。	
0x6e99a	0x43b	ゼロ船長	持ち場を離れるなッ！！\n奴を・・・奴を倒すまでは死にはしない。\n戦闘準備。	
0x6e99a	0x494	ライド	我慢ってのは身体に良くないんだぜ、船長。鯨は俺達が倒してやるから、そこでゆっくり見てな。	
0x6e99a	0x4e8	ウォーリック	後は任せて下さい、ゼロ船長。\nそれより敵は真近だ。\n気を付けろ。	
0x6e99a	0x527	ポップ	精霊反応、異常なまでに活性化してます！\nポップ\n距離１０００、深度８０。\nポップ\n距離８００、深度５０。\nポップ\n距離４００、深度３０。\nポップ\n距離１００、深度１０。\nポップ\n正面、出まぁぁぁす！	
0x6e99a	0x617	ゼロ船長	よくやってくれた。\nこれで、この海に眠る仲間達もゆっくり休める。	
0x6e99a	0x651	ポップ	左舷に、クイーンストーカー号浮上。\n甲板にウィルディース艦長がいます。	
0x6e99a	0x6a7	ウィルディース艦長	やったわね、ゼロ。\n死んだみんなも見ていてくれたと思うわ。\nウィルディース艦長\nそれに貴方達・・・かなりの強運を感じたわ。\nいつか機会があったらまた会いましょう。	
0x6e99a	0x74a	ゼロ船長	また会おう、ウィルディース。\n・・・面舵いっぱい。\n砂の城に進路をとる。	
0x6ef1c	0x8		［バーナー王子］\n昨日の攻撃で、敵飛行生物は残らず始末した。\n飛行戦力の立て直しには、当分かかると思われる。	
0x6ef1c	0x62		［パーシャ］\n・・・例の作戦を実行出来ます。\n敵側の飛行戦力が衰えている、今こそ好機。	
0x6ef1c	0xb3		［グリーク王］\n成功しそうなのか？	
0x6ef1c	0xd4		［パーシャ］\nはい。\n我が方に魔術師が加わった事により、実行可能です。\n［パーシャ］\nセシリア姫。\n・・・作戦の許可を。	
0x6ef1c	0x148		［セシリア］\n・・・やりましょう。	
0x6ef1c	0x168		［パーシャ］\n簡単に説明します。\n・・・作戦決行は正午です。\n［パーシャ］\nまず重装騎兵団が城正面まで一気に突破、左へ旋回運動をとりながら、敵主力のオーガ、コボルドの部隊を出来るだけ引き付けて下さい。\n［パーシャ］\nそして、ドラゴ	
0x6ef1c	0x22d		ライダー隊が山沿いに城後方より奇襲をかけ城内中庭を確保します。\n［パーシャ］\n確保の合図と共に、私の移動呪文で聖騎士団が中庭に侵入します。\n目標は城内の敵司令官です。	
0x6ef1c	0x2bd		［パーシャ］\n重装騎兵は機を見て、城内に侵入して下さい。	
0x6ef1c	0x2f1		［パーシャ］\n敵は城の地下大聖堂に巨大魔法陣を張り、そこから出入りしていると考えられます。\n［パーシャ］\nウォーリック達には、その魔法陣を破壊してもらいます。	
0x6ef1c	0x370		［パーシャ］\nそれでは解散し、各自持ち場へ・・・。	
0x6f1cd	0x8		［セシリア］\nじい・・・もう少しの我慢です。\nすぐ、回復の魔法を・・・。	
0x6f1cd	0x50		［ブレイス団長］\nやめて下され、姫様。\n・・・もう、無駄ですじゃ。	
0x6f1cd	0x91		［セシリア］\nじい・・・何を言うのです。\nあきらめてはなりません。\nすぐ治ります・・・治してみせます。	
0x6f1cd	0xed		［ブレイス団長］\nそれより姫様。\n・・・敵将は・・・城は・・・。	
0x6f1cd	0x133		［セシリア］\n・・・大丈夫です。\n皆の活躍のおかげで、魔軍は去りました。\n・・・城は、取り戻せたのです。	
0x6f1cd	0x190		［ブレイス団長］\n・・・よかった。\nこれで亡き王に、顔向け出来そうじゃ。\nまた王の下で仕えられる。\n［ブレイス団長］\nわしは幸せ者じゃ。\n・・・姫様の腕の中で・・・逝けるとは。	
0x6f1cd	0x22e		［セシリア］\n許しませんよ、じい。\n死ぬ事は・・・絶対に許しません。\n［セシリア］\n・・・許しません。\n目をっ・・・目を開けなさい。	
0x6f1cd	0x2aa		［セシリア］\n・・・見ていなさい、ブレイス。\n私は、セルーシュを再建します。\n［セシリア］\nどこよりも平和で、どこよりも豊かな国にしてみせます。\n［セシリア］\nここで死んでいった、全ての者達に誓いましょう。	
0x6f1cd	0x3bb		多くの尊い犠牲の下に、セルーシュ城奪環作戦は幕を閉じた。\nセルーシュ城からは国宝『地の水晶』と、建国時からある『竜の守護像』が持ち去られた事が調べでわかった。\n地の水晶とはあらゆる肉体を破壊する旧世界の魔導具。\n竜の守護像は、何の変哲もない石像である。\n竜像はともかく、地の水晶が奪われた意味は明白であった。\nそして、魔神軍が去って数週間。\nウォーリック達は城に留まり、セルーシュ城復興に力を貸した。	
