block_off	str_off	speaker	text	english
0x5864	0x226b		とダダダ？むむむむ	
0x5864	0x285e		１ゐマい５ゐマぴ８ゐマぴ８ゐマぴ８ゐマぴ８ィマふ⟨18⟩ゐマヒ！ゐマ！１ゐマい５ゐマぴ８ゐマぴ８ゐ	
0x5864	0x2890		ゑぴ８ィマふ⟨18⟩ゐマヒ！ゐマ！１ゐマい５ゐマぴ８ゐマぴ８ゐ	
0x5864	0x2b01		ゑめ？ゑゆゐ・	
0x5864	0x3101		ゑめ？ゑゆゐ・	
0x5864	0x395e		１ゐマい５ゐマぴ８ゐマぴ８ゐマぴ８ゐマぴ８ィマふ⟨18⟩ゐマヒ！ゐマ！１ゐマい５ゐマぴ８ゐマぴ８ゐ	
0x5864	0x3990		ゑぴ８ィマふ⟨18⟩ゐマヒ！ゐマ！１ゐマい５ゐマぴ８ゐマぴ８ゐ	
0x5864	0x3a7b		ゐマ！１ゐマい５ゐマぴ８ゐマぴ８ゐマにたゐゑぴ８ィマふ⟨18⟩ゐマヒ！ゐマ！１ゐマい５ゐマぴ８ゐマぴ８ゐマにたゐゑゑゑゑパパパパきききき陳陳	
0x5864	0x4c7c		ぃ１き！	
0x5864	0x5344		つトつトた、	
0x76e3	0x20cb		とははダ？むむむむゑゑむびヮ	
0x76e3	0x297b		ソダむソ？むゑめ？ゑむゐ・む・んばむサゐソめソゐソむゃゐソダむめ・サゐむとゃめソゃゃめダむゃめむゐダゐゑめッロヮロゃィゆ	
0x76e3	0x2a01		ゑめ？ゑゆゐ・	
0x76e3	0x3017		とダダダ？むむむソンン	
0x76e3	0x39fb		ゐマ！１ゐマい５ゐマぴ８ゐマぴ８ゐマにたゐゑぴ８ィマふ⟨18⟩ゐマヒ！ゐマ！１ゐマい５ゐマぴ８ゐマぴ８ゐマにたゐゑゑゑゑパパパパきききき陳陳	
0x76e3	0x3fde		１ゐマい５ゐマぴ８ゐマぴ８ゐマぴ８ゐマぴ８ィマふ⟨18⟩ゐマヒ！ゐマ！１ゐマい５ゐマぴ８ゐマぴ８ゐ	
0x76e3	0x4010		ゑぴ８ィマふ⟨18⟩ゐマヒ！ゐマ！１ゐマい５ゐマぴ８ゐマぴ８ゐ	
0x76e3	0x41de		１ゐマい５ゐマぴ８ゐマぴ８ゐマぴ８ゐマぴ８ィマふ⟨18⟩ゐマヒ！ゐマ！１ゐマい５ゐマぴ８ゐマぴ８ゐ	
0x76e3	0x4210		ゑぴ８ィマふ⟨18⟩ゐマヒ！ゐマ！１ゐマい５ゐマぴ８ゐマぴ８ゐ	
0x76e3	0x541c		よ。りぇはばえょより	
0x76e3	0x579d		ょよぇはばえら。よ	
0x76e3	0x5b1d		よりぇはばえよ。ら	
0x76e3	0x5e4a		よ。りぇはばえょより	
0x9a1d	0xe18		モモヒぽモヒメ！ヒメヒ。モパパ。マパパ！マメパゑ	
0x9a1d	0x13ce		パパマヒァゑァモア。モゑゑ。アゑマ！ゑゑゑゑツ	
0x9a1d	0x14d8		ナパパ。パパメ！パパパ。パパパ。パパナ。メモモろピピパモマょモめマょゑゑゑょゑゑ	
0x9a1d	0x1524		パパろ⟨1a⟩ヒごご。パパメ！	
0x9a1d	0x27e2		パ。ヒパパ。モモナ。ゑヒパ。ぷゑマメぷゑヒモぷゑヒメぷゑモモ	
0x9a1d	0x48c3		はたたたテたたフたメたたた９ぁく及８区筒ち９ぢ敦だヅヲヅだヲザちザルヅヲヱザリヰヲく願ぁあくぁぐちけ葛ぐだげさよょザシょらジヅムフニヅテムザリラリヲヲルペヲヲムムホベムムベペソしセししゾしゼしギすすすすルブベリメリラドすじじたすヅじヅザすザすザデザプトヅヘヅわヅ！ヅたたた	
0x9a1d	0x496d		ゐ？？た	
0xbedf	0x4ec8	レイナ	７レイナ７未使用\n\n\nここ７７ここ７こ７こ７こ	
0xbedf	0x4fb0		ユユ７こ７７ュュボボここホ⟨17⟩。⟨1f⟩	
0xdfad	0xb38		ゑヮパ！ょ	
0xdfad	0x4e8a		敷・、ぉがヲ	
0xdfad	0x4f1e		ねに壌ぉおぱはばひひはばは⟨14⟩、びぴ壌ふぶ	
0xdfad	0x4ffd		・テミスを換金して。わゑイイゥわギ	
0x11464	0x4c23		ふなにば、ぬね、ぱ	
0x11464	0x6218		・、ぱフローディーテの森	
0x11464	0x6226		・、ぱフローディーテの森	
0x11464	0x6234		・、ゑフローディーテの森	
0x11464	0x6242		・、ゑフローディーテの森	
0x13ad7	0x33ff		むぶ、へへ	
0x189aa	0x5b32		ぉぉぉぉぉぉぉ、⟨14⟩・ぉぉぉぉぉぉ	
0x189aa	0x5b72		ぉぉぉぉぉぉぉ、⟨14⟩・ぉぉぉぉぉぉ	
0x189aa	0x5bb2		けけけけけけけ、⟨14⟩・けけけけけけ	
0x1c442	0x5291		粗てて覗◇！タタ	
0x1c442	0x570d		かかなでづづづづづづとかかか	
0x3c0f3	0x28	レイナ	石版に、何か書いてあるわ。\n魔導言語の様ね。\n・・・これなら、私にもわかりそう。\nレイナ\n・・・・・ええっと。\nふむふむ・・・ここが、ああなるのか。・・・ここの単語は、あれだから・・・・・・・・そっか。\nレイナ\n・・・だいたいわかったわ。\nこれは移動魔法の一種で、石版に弱い魔力を送り込めば、作動する仕組みになっているの。	{REINA}\nThere's something on this tablet.\nLooks like magic script.\n...I think I can read this.\p{REINA}\n{...}..Let's see.\nMmhm... so this goes there. And\nthis word means... ...I see.\p{REINA}\n...I've mostly got it.\nIt's a kind of transport spell. Feed\na little magic into the tablet and\nit activates.
0x3c0f3	0x155	ファーニス	よくわかんないけど、凄いねぇ。\nねぇ、やってみようよ。	{FURNIS}\nI don't really get it, but wow.\nHey, let's give it a try!
0x3c0f3	0x184	レイナ	試してみる？	{REINA}\nShall we try it?
0x3c0f3	0x19a		・試してみよう。\n・やめておこう。	・Let's try it.\n・Better not.
0x3c0f3	0x1b9	レイナ	ここは、西の管制室の２階よ。\n１階に降りる？	{REINA}\nThis is the 2nd floor of the west\ncontrol room. Go down to floor 1?
0x3c0f3	0x1ed		・行く。\n・行かない。	・Go.\n・Don't go.
0x3c0f3	0x20e	レイナ	えっと。\n魔力を送って・・・光りの柱の中に入るのね。	{REINA}\nLet's see. Feed in the magic...\nthen step into the pillar of light.
0x3c0f3	0x349	レイナ	ここは、中央管制室の２階よ。\n１階に降りる？	{REINA}\nThis is the 2nd floor of the central\ncontrol room. Go down to floor 1?
0x3c0f3	0x37a		・行く。\n・行かない。	・Go.\n・Don't go.
0x3c0f3	0x3e4	レイナ	ここは、塔の３階ね。\n下の階に降りる？	{REINA}\nThis is the 3rd floor of the tower.\nGo down to the floor below?
0x3c0f3	0x40f		・行く。\n・行かない。	・Go.\n・Don't go.
0x3c0f3	0x47a	レイナ	今いるのは、塔の２階よ。\n下の階に降りるの？	{REINA}\nWe're on the 2nd floor of the tower.\nGo down to the floor below?
0x3c0f3	0x4a9		・行く。\n・行かない。	・Go.\n・Don't.
0x3c0f3	0x528	レイナ	クーレイアの都市部に戻れるわよ。\n戻るの？	{REINA}\nWe can head back to the city\nof {KULEIA}. Want to go back?
0x3c0f3	0x54e		・行く。\n・行かない。	・Go.\n・Don't.
0x3c0f3	0x596	レイナ	クーレイアの塔に行けるわよ。\nどうするの？	{REINA}\nWe can reach the tower of\n{KULEIA}. What'll we do?
0x3c0f3	0x5bd		・行く。\n・行かない。	・Go.\n・Don't.
0x3c41f	0x24	レイナ	西の管制室の２階に通じているわ。\n上の階に行く？	{REINA}\nThis leads to the 2nd floor of the\nwest control room.\nGo up?
0x3c41f	0x5c		・行く。\n・行かない。	・Go up.\n・Stay here.
0x3c41f	0x169	レイナ	ここは、中央管制室って所ね。\n２階に行ってみる？	{REINA}\nThis is the central control room.\nGo to the 2nd floor?
0x3c41f	0x19c		・行く。\n・行かない。	・Go up.\n・Stay here.
0x3c41f	0x206	レイナ	塔の２階に通じているわよ。\n上の階に行ってみる？	{REINA}\nThis leads to the 2nd floor of the\ntower. Go up?
0x3c41f	0x237		・行く。\n・行かない。	・Go up.\n・Stay here.
0x3c41f	0x2a2	レイナ	ここは３階に通じているのね。\n行ってみる？	{REINA}\nThis leads to the 3rd floor.\nGo up?
0x3c41f	0x2c9		・行く。\n・行かない。	・Go up.\n・Stay here.
0x3c41f	0x323	亡霊	ここは、補助管制室だよ。\n大事な物がいっぱいあるから、やたらに魔力を送り込まないでね。	{GHOST}\nThis is the auxiliary control room.\nIt's full of important things, so\ndon't go pouring magic in carelessly.
0x3c41f	0x36a	亡霊	ここでは、快適な生活をおくるための温度調節や湿度調節を制御してるんだ。\nちゃんと、季節感も考えてあるんだよ。	{GHOST}\nWe control the temperature and the\nhumidity here, for comfortable\nliving. We even account for the\nfeel of the seasons.
0x3c41f	0x3bd	亡霊	中央管制室に行ってみなさい。\nクーレイア全ての環境を制御しているわ。	{GHOST}\nGo to the central control room.\nIt manages all of {KULEIA}'s\nenvironment.
0x3c41f	0x3f3	亡霊	もうすぐ昼休みね。\n今日のお昼御飯は、何にしようかなぁ。	{GHOST}\nLunch break is almost here.\nWhat should I have today, I wonder?
0x3c41f	0x422	亡霊	ここは、中央管制室よ。\n都市の転移とか、全ての制御をしているわ。今いるのは、辺境のタリアトフね。	This is the central control room.\nWe manage everything here, even\nthe cities' relocation. Right now\nwe're over remote {TALIATOV}.
0x3c41f	0x473	亡霊	クーレイアの動力源は、太陽と月よ。\n太陽と月からの魔力を使った永久機関で、数年の魔力の蓄積で都市ごと移動出来るの。	{KULEIA} draws its power from the\nsun and moon. A perpetual engine\nfeeds on their magic, and after a\nfew years' store, the whole city\ncan move at once.
0x3c41f	0x4e6	ファーニス	凄い設備だね。\nでも、こんな強い魔力を持っていると、逆に恐くない？	{FURNIS}\nIncredible machines. But holding\nmagic this strong... doesn't it\nscare you a little?
0x3c41f	0x523	亡霊	そうだね。\n強い力というモノは、兵器にもなれば人を助ける事も出来る。\n使う者次第だね。\n亡霊\nでも安心していいよ。\nクーレイアの女王は優しいカーム様だから、この力は平和のために使われるんだ。	True. Great power can be a weapon,\nor it can save lives. It all\ndepends on who wields it.\p{GHOST}\nBut rest easy. {KULEIA}'s queen\nis kind {CALM}, so this power is\nused for peace.
0x3c41f	0x5a8	亡霊	今日は、神の召喚実験とか言ってたな。\nこれだけの魔導技術があるのだから、神の力など必要ないと思うのだが・・・。	They spoke of an experiment to\nsummon a god today. With magic\nthis advanced, I'd think we have\nno need of a god's power...
0x3c41f	0x60e	亡霊	召喚実験は、始まったかしら？\nカーム様は、実験に反対していたみたいだけど、神様が見れるなんて素敵よねぇ。	Has the summoning begun yet?\n{CALM} seemed against it, but to\nsee a god... how wonderful.
0x3c41f	0x660	亡霊	もう少ししたら、休憩を取りましょう。\n今日の御飯は、何にしようかなぁ。	Let's take a break before long.\nWhat shall I have for lunch\ntoday, I wonder.
0x3c41f	0x697	亡霊	今度は、星の世界に行ってみたいな。\n神界の力が自由に使える様になったら、それも可能かなぁ。	Next I'd like to visit the world\nof the stars. If we could freely\nwield the divine realm's power,\nmaybe even that is possible.
0x3c41f	0x6df	亡霊	賢者様って凄いよなぁ。\n普通、神界から神を召喚するなんて、恐くて考え付かないもんなぁ。	The sages truly are amazing.\nNormally no one would dare even\nthink of summoning a god from\nthe divine realm.
0x3c41f	0x72f	亡霊	何か、外の方が騒がしいわねぇ。\nもしかしたら、神様が召喚されたのかしら？	It's gotten noisy outside.\nCould the god have been\nsummoned already?
0x3c41f	0x76b	亡霊	仕事が終ったら、神様の姿でも見に行こうかしら。\nどんな姿か、楽しみだわ。	When my work is done, perhaps\nI'll go see this god. I can't\nwait to behold its form.
0x3c905	0xb9	ウォーリック	へぇぇぇぇぇっ。\nここがクーレイアかぁ。\n何か、不思議な感じがする所だな。	{WARRICK}\nWhoooaaa.\nSo this is {KULEIA}, huh.\nThere's a strange feeling to this\nplace.
0x3c905	0xfd	レイナ	それにしても、凄い魔導技術だわ。\nカベに埋め込まれた管で、温度調節や湿度調節もしてるみたい。\nレイナ\n天候をも左右する力。\n人間が持てる力に、限界ってないのかしら？	{REINA}\nWhat incredible magic tech.\nPipes set into the walls control\nthe heat and humidity.\np{REINA}\nPower to sway even the weather.\nIs there no limit to what\nhumans can wield?
0x3c905	0x192	ファーニス	エルフの族長から、ここの話を聞いた事があるの。\nファーニス\n人間の持てる力に、限界があったからクーレイアは滅びた。\n一時とはいえ、神と肩を並べた代償だって。	{FURNIS}\nThe elf chief once told me\nof this place.\np{FURNIS}\n{KULEIA} fell because there was\na limit to human power.\nThe price for standing beside\nthe gods, even for a moment.
0x3c905	0x20c	ライド	代償にしちゃ、ちとデカかったな。\n・・・さぁ。\n古代の魔導文明を、見学と行こうぜ。	{RIDE}\nQuite the price to pay.\n...Come on.\nLet's go tour this ancient\nmagic civilization.
0x3c905	0x269	ファーニス	・・・・・んん？\nここに何か、はさまってるよ。\nひっこ抜いてみようか？	{FURNIS}\n{...}..Hmm?\nSomething's wedged in here.\nShould I try yanking it out?
0x3c905	0x2b3		銀のプレートを手に入れた。	Got a silver plate.
0x3c905	0x2e1	レイナ	何のプレートかしら？\nよくわからないけど、危険な物ではなさそうね。\nもらっておきましょう。	{REINA}\nWhat kind of plate is it?\nNot sure, but it doesn't\nseem dangerous.\nLet's hold on to it.
0x3c905	0x333	亡霊	いやぁぁぁぁぁっ。\n君達は好運だよ。\nちょうど今日、八賢者様が神界との通路を開くんだ。	{GHOST}\nWelcooome.\nYou're in luck.\nThis very day, the {EIGHT SAGES}\nopen the path to the divine realm.
0x3c905	0x387	ファーニス	おっちゃん・・・亡霊！？	{FURNIS}\nMister... a {GHOST}!?
0x3c905	0x3aa	亡霊	何、言ってんだい？\nクーレイアには、勇敢な騎士団がいるんだから、亡霊なんかいないよ。	{GHOST}\nWhat are you talking about?\n{KULEIA} has a brave order of\nknights, so there are no ghosts.
0x3c905	0x3de	亡霊	神って、どんな姿してんのかなぁ。\n楽しみだぜ。	{GHOST}\nI wonder what the gods look like.\nI can't wait.
0x3c905	0x407	亡霊	さっさと掃除をすませて、お昼御飯の支度をしなくちゃ。\n子供達が、お腹を空かせて帰って来る頃ね。	{GHOST}\nI'd best finish cleaning and\nget lunch ready.\nThe children will be home soon,\nhungry as can be.
0x3c905	0x44d	亡霊	今日もクーレイアは平和だわ。\nこの幸せが、永遠に続きますように・・・。	Kuleia is at peace today as well.\nMay this happiness last\nforever...
0x3c905	0x483	亡霊	裏の家で、魔導レールのチケットを製造してるよ。\nチケットは上級魔導士しか持てない規則だけど、内緒でもらえるんだ。	They make magic rail tickets in the\nhouse out back.\nOnly high mages are allowed them,\nbut I can slip you one in secret.
0x3c905	0x4df	亡霊	今日は久しぶりに、子供達と遊んでやろうかな。\n・・・んんっ！？\n外で、騎士達が騒いでいるみたいだ。	Maybe today I'll play with the\nchildren for once.\n...Hmm!?\nThe knights outside seem to be\nin an uproar.
0x3c905	0x52a	亡霊	子供達は、表の広場で遊んでいるよ。\n今日はいい天気だし、私も散歩でも行こうかな。	The children are playing in the\nplaza out front.\nIt's a fine day. Maybe I'll go\nfor a walk myself.
0x3c905	0x569	亡霊	そろそろ召喚実験が始まる頃だ。\n子供達を連れて、見に行ってみるかなぁ。	The summoning experiment will be\nstarting soon.\nMaybe I'll take the children\nalong to watch.
0x3c905	0x5a7	亡霊	八賢者様達って、凄いわぁ。\n神界の力を使ったら、どんな世界が出来るんでしょう。	The {EIGHT SAGES} are amazing.\nWhat sort of world will they make\nwith the power of the heavens?
0x3c905	0x5e4	亡霊	・・・んん！？\n何か、外が騒がしいわね。\n騎士達が騒いでるみたいだけど、何かあったのかしら？	...Hmm!?\nIt's noisy outside.\nThe knights seem to be in an\nuproar. Did something happen?
0x3c905	0x630	亡霊	あらっ、見かけない顔ねぇ。\nちょうどよかったわ。\n今、お茶をいれるところだったのよ。\n貴方達も一緒にいかが？	Oh, a face I don't know.\nPerfect timing.\nI was just about to make tea.\nWon't you join me?
0x3c905	0x68b	ファーニス	へへっ。\nちょっと、遠慮しておきます。\nそれより、『何かおかしいなぁ』って思う事ありません？	{FURNIS}\nHeh. I'll have to pass.\nMore to the point... don't you\nfeel like something's off here?
0x3c905	0x6d3	亡霊	・・・・・？\n別にないわよ。\n近所の人達も変わらず元気だし、いたって平和よ。	.{...}.?\nNot really.\nThe neighbors are well as ever.\nIt's perfectly peaceful.
0x3c905	0x710	亡霊	そろそろ、召喚実験が始まる頃だわ。\n隣の奥さんでも誘って、見に行きましょうかねぇ。	The summoning experiment will be\nstarting soon.\nMaybe I'll invite the lady next\ndoor and go watch.
0x3c905	0x753	亡霊	あんた達、旅人だね。\nこのクーレイアに、移住権でももらいに来たのかい？	You're travelers, aren't you?\nDid you come to Kuleia to get\nresidency rights?
0x3c905	0x782	亡霊	前の家は、何でも売っている日用雑貨店だよ。\n物に困ったら、行ってみな。	The house up front is a general\nstore.\nThey sell all sorts of daily goods.\nDrop by if you need anything.
0x3cf20	0x3a		子供の声\nねぇ、お兄ちゃん達。\n・・・一緒に、遊ぼっ。	A child's voice\nHey, big brothers.\n...Let's play together.
0x3cf20	0x8e	ウォーリック	・・・誰だ！？\n誰か、いるのか。	{WARRICK}\n...Who's there!?\nIs someone there?
0x3cf20	0xd4		子供の声\nこっちだよ、こっち。\nねぇ、遊ぼうよぉ。	A child's voice\nOver here, over here.\nCome on, let's play.
0x3cf20	0x10c	ウォーリック	こっちか！？\n隠れてないで、出てこい。	{WARRICK}\nOver here!?\nStop hiding and come out.
0x3cf20	0x13a		子供の声\nお兄ちゃん達、冒険者？\n旅のお話、聞かせてよぉ。	A child's voice\nBig brothers, are you adventurers?\nTell me about your travels.
0x3cf20	0x171		子供の声\n一緒に遊ぼうよ。\nかくれんぼがいいなぁ。	A child's voice\nLet's play together.\nHide-and-seek would be fun.
0x3cf20	0x1a1		子供の声\nお兄ちゃん達、カッコいいね。どっから来たの？	A child's voice\nYou look so cool, big brothers.\nWhere did you come from?
0x3cf20	0x1cd		子供の声\nその３剣７見せて。\n僕も、剣士になりたいんだ。	A child's voice\nShow me that sword.\nI want to be a swordsman too.
0x3cf20	0x200		子供の声\n遊ぼ、遊ぼっ。\n早く、遊ぼってばぁ。	A child's voice\nPlay, let's play.\nHurry, come play with me.
0x3cf20	0x237	ライド	何か、ヤバそうだぞ。\n・・・俺、寒気がしてきた。\n逃げた方がよさそうだぜ。	{RIDE}\nSomething feels wrong.\n...I'm getting the chills.\nWe'd better run.
0x3cf20	0x287	ファーニス	気持ち悪いよ、ウォーリック。\n何か様子も変だし、早く逃げよぉ。	{FURNIS}\nThis is creepy, {WARRICK}.\nSomething's off here. Let's run,\nquick.
0x3cf20	0x2c9		子供の声\n僕達と、遊んでくれるのぉ。	A child's voice\nWill you really play with us?
0x3cf20	0x2ee		子供の声\nここは、僕達の遊び場なんだよ。	Child's Voice\nThis is our playground,\nyou know.
0x3cf20	0x316		子供の声\nねぇ、お兄ちゃん達。\n遊んでくれるのぉ？	Child's Voice\nHey, big brothers.\nWill you play with us?
0x3cf20	0x340		子供の声\n返事してよ、お兄ちゃん。	Child's Voice\nAnswer me, big brother.
0x3cf20	0x360		子供の声\nねぇ、遊ぼうよ。\n返事してぇ。	Child's Voice\nHey, let's play.\nAnswer me.
0x3cf20	0x389		子供の声\n返事してよぉ、お兄ちゃん。	Child's Voice\nAnswer me, big brother.
0x3cf20	0x3b1	ウォーリック	・・・・・ああ、いいよ。\n一緒に遊ぼう。\nだから、姿を見せてくれないかい？	{WARRICK}\n{...}..Yeah, all right.\nLet's play together.\nSo won't you show yourselves to us?
0x3cf20	0x4c1		騎士の亡霊\nお前達、どこの国から来たんだ？\n魔神は、中央塔の上にいるって言うぞ。\n早く行こう。	Knight's Ghost\nWhat land are you from?\nThey say the {DEMON GOD} is atop\nthe central tower.\nHurry, let's go.
0x3cf20	0x508		騎士の亡霊\n傭兵部隊か？\n中央の広場で、作戦会議があるはずだ。	Knight's Ghost\nA mercenary unit?\nThere's a war council in the\ncentral plaza.
0x3cf20	0x53e		騎士の亡霊\n魔神は、どこだぁぁぁっ！\n俺の大剣で斬り刻んでやるぜ。	Knight's Ghost\nWhere is the {DEMON GOD}?!\nI'll carve him up with my greatsword.
0x3cf20	0x56f		騎士の亡霊\nお前等、見慣れん格好をしておるな。\n油断をするな。	Knight's Ghost\nYou wear unfamiliar garb.\nStay on your guard.
0x3cf20	0x59b		騎士の亡霊\nカーム様を御守りしろ。\n中央タワーに集結するんだ。	Knight's Ghost\nProtect Lord {CALM}.\nRally at the central tower.
0x3cf20	0x5cb		騎士の亡霊\n近隣のミノタルロス族が、加勢に来たそうだぞ。\nこれで千人力だぁ。	Knight's Ghost\nThe nearby {MINOTAUR} clan has\ncome to aid us.\nNow we're a thousand strong.
0x3cf20	0x605		騎士の亡霊\n魔神の目は、直接見るな。\n魔法に対する抵抗力が無いと、命を吸い取られちまうぞっ。	Knight's Ghost\nNever look the {DEMON GOD} in the\neye. Without resistance to magic,\nyour very life will be drained\naway.
0x3cf20	0x64c		騎士の亡霊\n皆、カーム様に続けぇぇぇぇぇっ！\n魔神の首を取るんだぁ。	Knight's Ghost\nFollow Lord {CALM}, everyone!\nWe'll have the {DEMON GOD}'s head!
0x3cf20	0x679		騎士の亡霊\n国の３盾７はどうした？	Knight's Ghost\nWhere is the kingdom's shield?
0x3cf20	0x692		騎士の亡霊\nお前達、見慣れないな。\nさては、魔神の手の者だな。\n許さんっ！	Knight's Ghost\nI don't know your faces.\nSo... you serve the {DEMON GOD}.\nI will not forgive you!
0x3cf20	0x6cc		騎士の亡霊\nお前達、魔神の仲間だなぁ。\n皆、来てくれぇぇぇぇぇっ！	Knight's Ghost\nYou're the {DEMON GOD}'s lackeys!\nEveryone, come to me!
0x3cf20	0x6ff		騎士の亡霊\nおっ、お前達が魔神なのかぁ！？\nうわぁぁぁぁぁっ。\n皆、来てくれぇぇぇっ。	Knight's Ghost\nY-you're the {DEMON GOD}?!\n{AAAAAAH}!\nEveryone, come to me!
0x3cf20	0x73c		騎士の亡霊\n魔神の手先めっ。\n我が秘剣を受けてみよぉぉぉっ！	Knight's Ghost\nMinion of the {DEMON GOD}!\nTaste my secret blade!
0x3cf20	0x770		騎士の亡霊\nお前達・・・魔神の手先だな。\n騎士の名誉に賭けて、貴様等を倒す。	Knight's Ghost\nYou... serve the {DEMON GOD}.\nOn my honor as a knight,\nI will strike you down.
0x3d47f	0xf	亡霊	いらっしゃいませ。	Welcome.
0x3d47f	0x27		何を、お求めでしょうか？	What are you looking for?
0x3d47f	0x3f	・品物を見せて。	・話をしよう。\n・持物を売ります。\n・お店を出よう。	{・LET'S TALK.}\n{・SELL ITEMS.}\n・Leave The {SHOP}.
0x3d47f	0x72	レイナ	買物は、また後にするわ。	{REINA}\nI'll do my shopping later.
0x3d47f	0x95	レイナ	うぅぅぅぅぅん。\nテミスが足りないわ。	{REINA}\nHmmm...\nI don't have enough Themis.
0x3d47f	0xb8	亡霊	えっ、武器！？\n平和なクーレイアに、武器は必要ないでしょう。\n一応、３鎧７は置いてあるけど、新製品のサンプルみたいな物ですよ。\nまぁ、ゆっくり見て行って下さい。	Weapons? Here?\nPeaceful {KULEIA} has no need for arms.\nWe keep a sword on hand, but it's\njust a sample of a new product.\nGo on, take your time and look.
0x3d47f	0x12e	亡霊	貴方達、聞いた？\n今日、行われる召喚実験の事よぉ。\n神界から、神様を呼ぶって言うけど、何の神様かしらねぇ。\n商売繁盛の神様だったらいいんだけど。	Did you all hear?\nAbout the summoning experiment\nhappening today.\nThey say they'll call a god from\nthe divine realm, but which one?\nI hope it's a god of good business.
0x3d47f	0x1ba		ラーシェル\nこのお店では、６割で引取らせていただいています。	Larshel\nThis shop buys items back\nat sixty percent of their value.
0x3d47f	0x1f8	レイナ	やっぱり、やめます。	{REINA}\nOn second thought, never mind.
0x3d47f	0x20e	亡霊	ありがとうございました。	Thank you kindly.
0x3d47f	0x21e	亡霊	これは、傷薬です。\n１回限りの使い捨てですが、効き目は保証します。\n腕くらいなら、ちぎれ飛んでも３０秒程度で完全に再生しますよ。\nいかがですか？	This is a healing salve.\nSingle use only, but I guarantee\nit works.\nLose an arm and it fully regrows\nin about thirty seconds.\nHow about it?
0x3d47f	0x29a	レイナ	ヒールポーションと同じみたい。\nでも、こっちの方がカッコいいわ。	{REINA}\nSeems just like a heal potion.\nBut this one looks cooler.
0x3d47f	0x2d5	ファーニス	何か、凄い説明だね。\n頭が飛んだら、さすがにアウトだろうなぁ。	{FURNIS}\nQuite a sales pitch.\nThough I bet losing your head\nis still game over.
0x3d47f	0x30f	亡霊	ライフブースターのセットです。\n傷の度合を判断して、自動的に適量を出してくれます。\n重傷なら、１回で使いきる可能性がありますが、普通で５回くらいは使えますよ。	It's a Life Booster set.\nIt reads how bad the wound is and\ndoses you automatically.\nA grave wound might use it all at\nonce, but normally it lasts 5 uses.
0x3d47f	0x399	レイナ	ふぅぅぅぅぅん。\n薬草袋と同じだけど、こっちの方が効き目はありそうね。	{REINA}\nHmmmmm.\nSame as an {HERB POUCH}, but this\nlooks like it works better.
0x3d47f	0x3df	ファーニス	面白そうだねぇ。\n早く、使ってみよぉぉぉよ。	{FURNIS}\nLooks like fun.\nLet's try it out, quick!
0x3d47f	0x40c	亡霊	今、流行のブーツです。\n履き心地も良く、驚異的に軽いのが特徴です。\nその軽さのせいで『履いているのがわからない』なんて苦情が来るくらいなんですよ。	All the rage right now -- boots.\nComfy to wear, and amazingly light.\nSo light, in fact, that folks\ncomplain they can't even tell\nthey've got them on.
0x3d47f	0x48c	レイナ	わぁぁぁっ。\n本当に軽いわぁ、コレ。	{REINA}\nWhoaaa.\nThese really are light!
0x3d47f	0x4bd	ファーニス	エルフ族が作るブーツと、素材が似ている。\nそれに、名前がカッコいいねぇ。	{FURNIS}\nThe material's like the boots the\n{ELF} folk make. And the name's\npretty cool too.
0x3d47f	0x4f7	亡霊	森の精霊　ドリアードの作品です。\n一見、丸まった小枝の様にみえますが、微弱な光りから魔力を吸収して、使用者の健康を維持しようと努めます。\n小さな葉がワンポイントになって、とってもカワイイでしょ。	A work of the {DRYAD}, forest\nspirit. It looks like a curled-up\ntwig, but it draws magic from\nfaint light to keep its wearer\nhealthy. The little leaf's a cute\ntouch, isn't it?
0x3d47f	0x598	レイナ	ドリアードと言えば、フローディーテの森の番人だったわね。\nこんな仕事もするんだ。	{REINA}\nThe {DRYAD} was the warden of\n{FRODITE FOREST}, wasn't it?\nGuess it does work like this too.
0x3d47f	0x5d3	ファーニス	ホント、カワイイねぇ。\nそれに、植物を身に付けていると、気持ちが落ち着くよね。	{FURNIS}\nReally is cute.\nAnd wearing a bit of greenery\nputs the heart at ease.
0x3d47f	0x617	亡霊	これは、新しく開発された魔導技術を、いち早く取り入れた新商品です。\n錬金術と魔術の進歩により、融合不可能とされていた複数の素材の合成に成功しました。\n成果は、着てみればわかります。	This is a new product, first to\nadopt freshly developed magic\ntech. Alchemy and sorcery advanced\nenough to fuse materials once\nthought impossible. Wear it and\nyou'll see the result.
0x3d47f	0x6c2	レイナ	布みたいな軽さだけど、硬度は鉄以上ね。\nホント、素材が何だかわからないわ。	{REINA}\nLight as cloth, yet harder than\niron. I really can't tell what\nit's made of.
0x3d47f	0x709	ファーニス	これなら、私やレイナにも着れるね。私の合うサイズがあればいいなぁ。	{FURNIS}\nEven {REINA} and I could wear this.\nI hope they have it in my size.
0x3da04	0x56	パンツァードラグーン	レイナで\nで	{REINA}{...}\nwith...
0x3da04	0x1c7	レイナ	どうしてっ！？\nこの子達・・・皆、亡霊。	Why?!\nThese children... all ghosts.
0x3da04	0x1fd		子供の亡霊\n僕達と遊んでくれるんでしょ。遊ぼ、遊ぼっ。	Ghost Child\nYou'll play with us, right?\nLet's play, let's play!
0x3da04	0x22c		子供の亡霊\nへへっ。\nお兄ちゃん、カッコいいな。	Ghost Child\nHeh.\nMister, you look so cool.
0x3da04	0x259		子供の亡霊\nキャハハッ。\nとっても楽しいねぇ。	Ghost Child\nKyahaha!\nThis is so much fun.
0x3da04	0x2a9		子供の亡霊\n知ってる？\n今日ね、実験があるんだよ。	Ghost Child\nDid you know?\nThere's an experiment today.
0x3da04	0x2d8		子供の亡霊\n賢者様達が、神様を呼び出すんだって。	Ghost Child\nThe sages are going to\nsummon a god.
0x3da04	0x30b		子供の亡霊\n平和な世界が出来るんだって、ママが言ってた。	Ghost Child\nMama said it'll make\na peaceful world.
0x3da04	0x344		子供の亡霊\n神様に、何をお願いしようかなぁ。	Ghost Child\nI wonder what I should\nwish the god for.
0x3da04	0x36b		子供の亡霊\nねぇ、お兄ちゃん。\n願い事は、何？	Ghost Child\nHey, mister.\nWhat's your wish?
0x3da04	0x39c		子供の亡霊\nお兄ちゃんの、願い事は？	Ghost Child\nMister, what's your wish?
0x3da04	0x3d8		子供の亡霊\n願い事は？	Ghost Child\nYour wish?
0x3da04	0x3f4		子供の亡霊\n教えて？	Child's Ghost\nTell us?
0x3da04	0x40c		子供の亡霊\n教えて？	Child's Ghost\nTell us?
0x3da04	0x43f		女の声\n・・・こらこら。\n無理を言っては、いけませんよ。\nその人達が、困っているではありませんか。	Woman's Voice\n...Now, now.\nYou mustn't ask too much of them.\nCan't you see you're troubling them?
0x3da04	0x48c		子供の亡霊\nああっ！\n女王様だっ。	Child's Ghost\nOh!\nIt's the Queen.
0x3da04	0x4af		子供の亡霊\nわぁぁぁぁぁい。\n女王様だぁ。	Child's Ghost\nYaaaay!\nIt's the Queen.
0x3da04	0x4d8		子供の亡霊\nカーム様が来たぞ。\nわぁぁぁぁぁい。	Child's Ghost\nLady {CALM} is here!\nYaaaay!
0x3da04	0x502		女の声\n私は、そのお兄さん達に用があるの。\nみんな、ちょっと他の所で遊んでいてくれるかしら？	Woman's Voice\nI have business with these gentlemen.\nWould you all go play somewhere else\nfor a little while?
0x3da04	0x553		子供の亡霊達\nはぁぁぁぁぁぁぁぁぁぁい。	Children's Ghosts\nYeeeeeees.
0x3da04	0x630	ウォーリック	おっ、お前はカーム！？\n・・・いいだろう。\n今度こそ決着を付けてやる。	{WARRICK}\nY-you're {CALM}!?\n...Fine by me.\nThis time I'll settle it for good.
0x3da04	0x67f	レイナ	待って、ウォーリック。\n少し、様子が変よ。\nあのカーム・・・生体反応が無い。\n亡霊よ。	{REINA}\nWait, {WARRICK}.\nSomething's off.\nThat {CALM}{...} she gives no life signs.\nShe's a ghost.
0x3da04	0x6d8		カームの亡霊\n私はクーレイアの女王、カーム。\n貴方達は、私の肉体を御存知の様ですね。\n・・・確かにあれは、私の体。\nカームの亡霊\n９００年前に奪われた、私の体。\nでも今は、魔神の細胞の力で動く破壊の肉人形。	{CALM}'s Ghost\nI am {CALM}, Queen of {KULEIA}.\nYou seem to know my body well.\n...Yes, that is my body.\p{CALM}'s Ghost\nMy body, stolen 900 years ago.\nNow a puppet of ruin, moved by\nthe {DEMON GOD}'s cells.
0x3da04	0x788	レイナ	魔神の細胞！？\n・・・話を聞きましょう。	{REINA}\nThe {DEMON GOD}'s cells!?\n...Let's hear her out.
0x3df0b	0xa		カームの亡霊\n・・・９００年前。\n八賢者に神の召喚を許したのは、私のあやまちでした。\nこんな結果になるとは・・・。\nカーム亡霊\n召喚の扉を開いて出て来たのは、破壊の女神。\nクーレイアの国民の半数が、一瞬で命の光を奪われました。	Ghost of {CALM}\n...900 years ago.\nMy mistake was letting the\n{EIGHT SAGES}\nsummon the god.\nThat it would end like this...\n\pGhost of {CALM}\nThrough the summoning gate came\nthe goddess of destruction.\nHalf of {KULEIA}'s people had their\nlight of life stolen in an instant.
0x3df0b	0xc0	レイナ	魔神の話なら知ってるわ。\nそれより、あの子供の亡霊は？\n汚れの無い子供達が、こんな所にさまよっているなんて許せない。	{REINA}\nI know the tale of the {DEMON GOD}.\nBut those child ghosts... what of\nthem?\nInnocent children, wandering a place\nlike this. I cannot bear it.
0x3df0b	0x11e		カームの亡霊\nあの子達は、死に気付いていない。\n召喚実験の日・・・子供達はいつもの様に、この広場で遊んでいた。\nカーム亡霊\nそして、魔神の召喚と共に、一瞬にして殺されたのです。\nそれ以来時は止まり、９００年間あの日の事を繰り返すだけ。	Ghost of {CALM}\nThose children do not know they\nare dead.\nThe day of the summoning... they\nplayed in this square as always.\n\pGhost of {CALM}\nAnd with the {DEMON GOD}'s coming,\nthey were slain in an instant.\nTime has stood still since, repeating\nthat one day for 900 years.
0x3df0b	0x1d9	レイナ	・・・そんな。\nあの子達は、９００年もさまよっていると言うの。	{REINA}\n...How awful.\nYou mean those children have wandered\nhere for 900 years.
0x3df0b	0x212		カームの亡霊\nここの騎士達を見たでしょ。\n魔神の出現を知り、世界各国から集って来た勇敢な騎士達です。\n彼等は、今も魔神と戦っている。\nカームの亡霊\n魔神を倒し、平和な世界を取り戻すために戦っている。\n自分達が敗れたのも知らず、９００年もクーレイアをさまよっている。\nカームの亡霊\n一時、神界の加護で、魔神は滅んだかに見えました。\nしかし、魔神は神竜に倒されたはずなのに、皆の魂は休まらない。\nカームの亡霊\n魔神は、神界に帰ってなかった。\n魔神がこの世に残り、復活の時を待っている事は９００年前からわかっていました。\nカームの亡霊\n魔神に殺された者に、安住の世界は存在しない。\n彼等を助けて下さい。\n貴方達の手で、彼等を助けて下さい。	Ghost of {CALM}\nYou saw the knights here.\nBrave warriors who gathered from\nevery land at the {DEMON GOD}'s coming.\nThey battle it even now.\n\pGhost of {CALM}\nThey fight to slay the {DEMON GOD} and\nreclaim a world at peace.\nNot knowing they fell, they wander\n{KULEIA} still, 900 years on.\n\pGhost of {CALM}\nFor a time, by the grace of the\nheavens, it seemed the {DEMON GOD}\ndied.\nThe {DIVINE DRAGON} should have slain\nit,\nyet no soul could find rest.\n\pGhost of {CALM}\nThe {DEMON GOD} never returned to\nthe heavens.\nWe knew 900 years ago it lingered\nhere, awaiting its revival.\n\pGhost of {CALM}\nFor those the {DEMON GOD} slew, no\nworld of peace exists.\nSave them. With your own hands,\nI beg you, save them.
0x3df0b	0x3cc	ライド	言われなくても、そのつもりだぜ。\n魔神を倒しゃいいんだろう。	{RIDE}\nNo need to ask. That was the plan.\nWe just gotta beat the {DEMON GOD},\nright?
0x3df0b	0x3ff		カームの亡霊\n中央にある塔の最上階に、地の水晶という魔導兵器があります。\n有機体の細胞を、分子レベルで分解する物です。\nカームの亡霊\nそれなら魔神の肉体を破壊出来ます。現在、魔神は竜の肉体をよりどころに、この世界に存在しています。	Ghost of {CALM}\nAtop the central tower lies a magic\nweapon, the {EARTH CRYSTAL}.\nIt breaks down living cells at the\nmolecular level.\n\pGhost of {CALM}\nWith it you can destroy the {DEMON}\nGOD's flesh. It now exists in this\nworld anchored to a dragon's body.
0x3df0b	0x4b8	セス	そのよりどころを破壊すれば、魔神はこの世界にいられなくなるのね。	{SETH}\nDestroy that anchor, and the {DEMON}\nGOD can no longer remain here.
0x3df0b	0x4e9		カームの亡霊\nそうです。\nこの国の女王である私の最後の役目は、生ある騎士に魔神の存在を伝える事。\nカームの亡霊\n魔神に乗っ取られた体に呼応し、死の意識があるのがせめてもの救い。\n９００年、待ったかいがありました。	Ghost of {CALM}\nYes.\nAs this land's queen, my last duty\nis to tell living knights of it.\n\pGhost of {CALM}\nThat a will of death answers within\nthat stolen body is some small mercy.\n900 years of waiting were not\nin vain.
0x3df0b	0x588	ウォーリック	それで、魔神はどこにいるんだい？\n場所は、わかってるんだろ。	{WARRICK}\nSo where is the {DEMON GOD}?\nYou know the place, don't you.
0x3df0b	0x5bb		カームの亡霊\nわかりません。\nしかし、数年前からこのクーレイアに、見慣れない者が出入りする様になりました。\nカームの亡霊\nこのクーレイアの中にいる事は確かなのです。\n必ず、どこかにいます。\n・・・必ず・・・どこかに・・・。	Ghost of {CALM}\nI do not know.\nBut some years ago, unfamiliar ones\nbegan coming and going in {KULEIA}.\n\pGhost of {CALM}\nIt is surely here within {KULEIA}.\nWithout fail, it is somewhere.\n...Without fail... somewhere...
0x3df0b	0x680	ウォーリック	・・・消えた。	{WARRICK}\n...Gone.
0x3df0b	0x6a4	ライド	言いたい事だけ言って、行っちまったな。\n地の水晶って、セルーシュで奪われた物だったよな。	{RIDE}\nSaid her piece and vanished, huh.\nThe {GEO CRYSTAL}{...} that's the one\ntaken from {SERUSH}, right?
0x3df0b	0x6e4	ウォーリック	ああ。\n魔神が自分に使われるのを恐れて奪ったんだ。	{WARRICK}\nYeah.\nThey took it, afraid the {DEMON GOD}\nwould turn it on them.
0x3df0b	0x710	ライド	・・・へへっ。\n今じゃ、それが命取りだぜ。\n早く頂いて、サッと倒しちまおうぜ。	{RIDE}\n...Heh heh.\nNow it's their undoing.\nLet's grab it quick and end this\nfast.
0x3e446	0x26	ウォーリック	・・・これが、地の水晶か？\n思っていたより、デカいなぁ。	{WARRICK}\n...so this is the {EARTH CRYSTAL}?\nBigger than I thought.
0x3e446	0x5c	ファーニス	それよりさっ。\nジークにあった天の水晶は壊したのに、何でこれは残しておいたの？	{FURNIS}\nHey, here's a thought.\nYou smashed the {SKY CRYSTAL} at\n{ZEKE}, so why keep this one?
0x3e446	0x9b	セス	天の水晶は、魔神にとって脅威なの。神は魂さえ残っていれば、肉体は完全に再生出来るわ。\n\nセス\nでも天の水晶は、その魂を破壊してしまうのですもの。\n神、唯一の恐怖ね。\n危険な物は、破壊しておくに限るわ。	{SETH}\nThe {SKY CRYSTAL} is a threat to the\n{DEMON GOD}. A god's body can fully\nregenerate so long as its soul\nremains.\p{SETH}\nBut the {SKY CRYSTAL} destroys that\nvery soul. A god's only fear.\nDangerous things are best destroyed.
0x3e446	0x147	ライド	なるほどな。\nそれに比べたら地の水晶なんて、全然恐くないってわけか。	{RIDE}\nI see. Next to that, the Earth\n{CRYSTAL} is nothing to fear at all.
0x3e446	0x17a	セス	神にとって肉体は、この世界に存在するための服にすぎないわ。\n肉体を失っても、死ぬわけではないからね。	{SETH}\nTo a god, the body is just clothing\nfor existing in this world.\nLosing it doesn't mean death.
0x3e446	0x1cd	ライド	それに手元に置いておけば、復活したメーフィス様にいつでも使える。\n邪魔者を簡単に神界に送り帰せるってわけか。	{RIDE}\nAnd kept close at hand, {MEPHIS} can\nuse it once revived. An easy way\nto send nuisances back to the\ndivine realm.
0x3e446	0x222	セス	そういう事ね。\nでも、逆に私達が使わせてもらうわ。	{SETH}\nExactly. But instead, we'll be\nthe ones to put it to use.
0x3e446	0x264	ファーニス	キラキラしていて、キレイだねぇ。\n私が持っていいでしょ、ウォーリック。	{FURNIS}\nIt's all sparkly and pretty.\nI can hold it, right, {WARRICK}?
0x3e446	0x2a3		地の水晶を手に入れた。	Got the {EARTH CRYSTAL}.
0x3e446	0x2c7		声\n・・・殺されに来たか、ウジ虫共。	Voice\n...come to die, have you, maggots?
0x3e446	0x2f2	ウォーリック	誰だっ！？	{WARRICK}\nWho's there!?
0x3e446	0x307		声\n・・・俺の名はドード。\n銀竜の守護騎士、ドードだ。	Voice\n...my name is {DODE}.\n{DODE}, guardian knight of the\n{SILVER DRAGON}.
0x3e446	0x332	ウォーリック	・・・銀竜の守護騎士！？\n銀竜　アスタルト様の守護騎士か。\n姿を見せろ、ドード。	{WARRICK}\n...Guardian of the {SILVER DRAGON}?\nThe knight who serves {ASTARTE}.\nShow yourself, {DODE}.
0x3e446	0x3b1	ライド	どわっ！\nなっ、なんだコイツは。	{RIDE}\nGyah!\nWh-what is this thing?
0x3e446	0x3db	ドード	・・・・・・何だ？\nこの感覚・・・俺は覚えている。\nこの感覚を、俺は覚えているぞっ。\nお前は何者だ。	{DODE}\n.{...}..What is this?\nThis feeling... I remember it.\nI remember this feeling.\nWho are you?
0x3e446	0x441	ウォーリック	体が覚えていたのは、パラサイトデーモンの性質か？\n神官竜に寄生した、醜いバケモノめ。俺も、お前を知ってるぞ。\nウォーリック\nお前が緑竜　バーダルから這い出て来た時、俺はその場に立ち会っていたからなぁ。	{WARRICK}\nSo your body recalls it... the\nnature of a {PARASITE DEMON}?\nUgly beast that fed on a\n{PRIEST DRAGON}. I know you too.\n\p{WARRICK}\nI was there when you crawled out\nof the {GREEN DRAGON}, {BARDAL}.
0x3e446	0x4dc	ライド	こっ、こいつが・・・バーダル様を殺した、パラサイトデーモン。\n・・・こいつが。	{RIDE}\nTh-this is... the {PARASITE DEMON}\nthat killed {BARDAL}.\n...This thing.
0x3e446	0x533	ドード	・・・そうか。\n緑竜の感覚から自分の感覚に切り替わる時、わずかに隙が出来る。\n命拾いしたなぁ。	{DODE}\n...I see.\nWhen I shift from the dragon's\nsenses to my own, a gap opens.\nYou got lucky.
0x3e446	0x58b	セス	あれが、パラサイトデーモン。\n神竜の３鎧７の力に加え、神官竜の力を持ち合わせていると言うの？	{SETH}\nThat is the {PARASITE DEMON}.\nYou mean it holds a Divine\nDRAGON's armor and a Priest\nDRAGON's power both?
0x3e446	0x5d2	ドード	その通りだ、白竜の守護騎士よ。\n神官竜の力と、神竜の３鎧７の力を俺は持っている。\nそれも、魔神の３鎧７だぁ。\nドード\nさぁ、かかって来い。\n全員殺してやるぞ。\n鎖骨を寛骨まで引き裂き、骨髄をすすってやるぞぉぉぉぉぉっ！	{DODE}\nThat's right, guardian of the\n{WHITE DRAGON}.\nI hold a {PRIEST DRAGON}'s power\nand a {DIVINE DRAGON}'s armor.\nA {DEMON GOD}'s armor, no less.\n\p{DODE}\nCome at me, then.\nI'll kill you all.\nI'll tear you bone from bone and\nsuck out the marrow, {AAAAAAH}!
0x3e446	0x6d1	セス	ドードの移動魔法が、成功している事を祈りましょう。	{SETH}\nLet us pray {DODE}'s teleport\nspell worked.
0x3e446	0x6fe	ウォーリック	成功していなかったら・・・？	{WARRICK}\nAnd if it didn't...?
0x3e446	0x722	セス	亜空間に入ってしまい、永遠にさまよう事になる・・・。	{SETH}\nWe slip into the void and wander\nthere forever...
0x3e9cb	0x20	レイナ	何かしらね、この丸い物？\n乗物らしいけど・・・動きそうにないわ。	What is this round thing?\nLooks like some kind of vehicle, but\nit won't budge.
0x3e9cb	0x6a	セス	別な場所につながっているみたいだけど、動きそうにないわねぇ。\n何か、必要な物があるのかしら？	It seems to link to somewhere else,\nbut it won't move.\nMaybe we need something first?
0x3e9cb	0xb9	ファーニス	この乗物、カワイイねぇ。\n動かすには、何か必要みたいだけど、どうしよっか？	This vehicle's so cute!\nLooks like we need something to make\nit go. What should we do?
0x3e9cb	0x101	セス	この乗物、起動のための鍵が必要みたいね。\nこのままでは、動かないわよ。	This vehicle seems to need a key to\nstart it up.\nIt won't move as it is.
0x3e9cb	0x141	レイナ	この銀のプレートと、同じサイズの穴はあるんだけど・・・変ねぇ。\nやっぱり、動かないわぁ。	There's a hole the same size as this\nsilver plate, but... how strange.\nIt still won't move.
0x3e9cb	0x192	ファーニス	おっかしいなぁ。\nこのプレートで、動くと思ったんだけどなぁ。	How odd.\nI really thought this plate would\nmake it go.
0x3e9cb	0x1d3	セス	プレートを挿せる穴はあるのに、何も起らないわ。\n違うプレートがあるのかしら？	There's a hole for a plate, but\nnothing happens.\nIs there a different plate?
0x3e9cb	0x223	セス	ポットに乗るの？	Ride the pot?
0x3e9cb	0x23d		・乗る。\n・乗らない。	・Ride.\n・Don't ride.
0x3e9cb	0x2ce	セス	ポットに乗るの？	Ride the pot?
0x3e9cb	0x2e8		・乗る。\n・乗らない。	・Ride.\n・Don't ride.
0x3e9cb	0x34d	セス	ポットに乗るの？	Ride the pot?
0x3e9cb	0x367		・乗る。\n・乗らない。	・Ride.\n・Don't ride.
0x3e9cb	0x3d4	セス	ポットに乗るの？	Ride the pot?
0x3e9cb	0x3ee		・乗る。\n・乗らない。	・Ride.\n・Don't ride.
0x3e9cb	0x457	セス	ポットに乗るの？	Ride the pot?
0x3e9cb	0x471		・乗る。\n・乗らない。	・Ride.\n・Don't ride.
0x3e9cb	0x502	セス	ポットに乗るの？	Ride the pot?
0x3e9cb	0x51c		・乗る。\n・乗らない。	・Ride.\n・Don't ride.
0x3e9cb	0x581	セス	ポットに乗るの？	Ride the pot?
0x3e9cb	0x59b		・乗る。\n・乗らない。	・Ride.\n・Don't ride.
0x3e9cb	0x604	セス	ポットに乗るの？	Ride the pot?
0x3e9cb	0x61e		・乗る。\n・乗らない。	・Ride.\n・Don't ride.
0x3e9cb	0x68c	ファーニス	・・・あらら。\n大っきな穴が、開いちゃたね。	{FURNIS}\n...Oh my.\nA great big hole just opened up.
0x3e9cb	0x6bb	ファーニス	お兄ちゃん、凄ぉぉぉい。\n３０センチはある壁が、粉々に砕けてるよぉ。	You're amazing, big brother!\nA wall a whole foot thick,\nsmashed to bits!
0x3ed20	0x13	ファーニス	おおっ！？\n銀のプレートを挿したら、妙な手ごたえがあったよ。\nもしかしたら、いけるんじゃん。	Whoa!?\nWhen I slid the silver plate in,\nI felt something strange.\nMaybe this'll actually work.
0x3ed20	0x65	レイナ	・・・うん。\n確かに、魔力が流れ始めている。\n動かせそうよ。	...Yeah.\nThe magic is starting to flow.\nLooks like we can move it.
0x3ed20	0xa5	ファーニス	やったぁぁぁぁぁっ。\n・・・それで、動かし方は？	Yesssss!\n...So, how do we drive it?
0x3ed20	0xdd	レイナ	ちょっと待ってね。\nえっと・・・魔力の制御役と、操縦役が必要かしら。\nレイナ\n本当は１人で操縦出来るみたいだけど、私には無理だわ。\n魔力の制御で、たぶん精一杯。\n操縦は、セスがやってくれる？	Hold on a sec.\nUmm... we need one to control\nthe magic and one to steer.\n\p{REINA}\nOne person could do it all, but\nnot me. Controlling the magic\nis about all I can manage.\n{SETH}, will you steer?
0x3ed20	0x18d	セス	わかったわ。\nなんだか面白そうね、コレ。	Got it.\nThis looks kind of fun, actually.
0x3ed20	0x1e3	セス	何とか行けそうよ。\nスピードが出そうだから、しっかり捕まっててね。\n・・・行くわよっ！	I think I can manage.\nWe'll be moving fast, so hold\non tight.\n...Here we go!
0x3ed20	0x287	ウォーリック	むぅぅぅぅぅん。\nちょっ、ちょっとクラクラするぞぉ。	Mmmmmgh.\nWh-whoa, I'm getting dizzy.
0x3ed20	0x2b8	セス	少し、乱暴だったかしら？	Was that a little too rough?
0x3ed20	0x2ee	ブラフォード	んんっ！？\n・・・風を感じる。	Hmm!?\n...I feel wind.
0x3ed20	0x326	ファーニス	・・・・・はて？\n私は、何にも感じないよ。	{...}..Huh?\nI don't feel anything.
0x3ed20	0x352	ブラフォード	・・・いやっ。\n微弱だが、確かに吹いている。	...No.\nIt's faint, but it's there.
0x3ed20	0x3a1	ブラフォード	・・・・・そこだっ！	{...}..There!
0x3ed20	0x3eb	ファーニス	壁の後ろが、空洞になってる。	There's a hollow space\nbehind the wall.
0x3ed20	0x413	ブラフォード	・・・穴は、下に向って伸びている。底がまったく見えん。\n空気の感じからして、巨大な空間が広がっている事は確かだ。	The hole stretches downward.\nI can't see the bottom at all.\nBy the feel of the air, a vast\nspace lies open below us.
0x3ed20	0x478	セス	地下に、巨大な空間。\nあのダークエルフが言っていた事が、本当だとしたら、魔神の所へ通じている可能性が高いわね。	A vast space, underground.\nIf what that {DARK ELF} said is\ntrue, the odds are high it\nleads to the {DEMON GOD}.
0x3ed20	0x4cc	ブラフォード	・・・ふむ。\n降りる時は、精霊の力を借りて降下は出来る。\nしかし、登る事は不可能だぞ。	...Hmm.\nWe can descend with the aid\nof the {SPIRITS}. But climbing\nback up is impossible.
0x3ed20	0x51a	セス	元々、後戻りは不可能。\n行きましょう。	There was never any going\nback. Let's go.
0x3ed20	0x546	ブラフォード	・・・そうだな。\n風の精霊の力を借りて、着地寸前にブレーキをかける。\n安心して飛び込め。	...So it seems.\nI'll borrow the wind {SPIRIT}'s\npower and brake just before\nwe land. Leap without fear.
0x3ed20	0x5ac	ファーニス	おおっ！？\nこの手ごたえは・・・動かせるかもしれないね。	Oho!?\nThis feel... I just might be\nable to move it.
0x3ed20	0x604		ポットに魔力が流れ始めたわ。\n動かせるわよ。	Power's flowing into the pod.\nWe can move it now.
0x3f19b	0x1e	セス	探したわよ、ブラフォード。\n魔神の手がかりは、何かつかめたの？	{SETH}\nThere you are, {BLAFORD}.\nDid you find any clue to the\n{DEMON GOD} ?
0x3f19b	0x52	ブラフォード	いいや、何も。\nかなり強い監視力がある者がいるのか、１人では思い切った行動が取れなかった。\nブラフォード\n・・・ウォーリック。\nやはり守護騎士になったか。\nお前以外に、その役はいないと思っていた。	{BLAFORD}\nNo, nothing.\nSomeone has a keen watchful eye,\nso I couldn't act boldly on my own.\n{BLAFORD}\n{...}{WARRICK}.\nSo you became a {GUARDIAN} after all.\nI never imagined anyone else for the\nrole.
0x3f19b	0xe1	ファーニス	へへっ。\nお兄ちゃん・・・私も、頑張って来たんだよ。\n強くなったの、わっかるぅ？	{FURNIS}\nHeheh.\nBig brother... I've been working hard\ntoo.\nI got stronger, can't you tell?
0x3f19b	0x12c	ブラフォード	わかるぞ。\n・・・強い精霊力を感じる。\nしばらく見ない間に、よくここまで成長したな、ファーニス。	{BLAFORD}\nI can tell.\n...I feel a strong spirit power.\nYou've grown so much while I was\naway, {FURNIS}.
0x3f19b	0x180	ファーニス	やったぁぁぁっ。\nお兄ちゃんに、誉められちゃった。\nファーニス\nそれより、お兄ちゃん。\nこんな所で、何ボケッとしてたの？	{FURNIS}\nYaaay!\nBig brother praised me.\n{FURNIS}\nAnyway, big brother.\nWhat were you spacing out for\nin a place like this?
0x3f19b	0x1da	ブラフォード	別に、ボケッとしていたわけではない。ポットのマスターキーらしき物を入手したのだが、どうにも１人では動かせんのだ。	{BLAFORD}\nI wasn't spacing out.\nI got hold of something like the\nmaster key to the pot, but I\ncan't move it alone.
0x3f19b	0x238	セス	マスターキー？\nちょっと見せてよ、ブラフォード。	{SETH}\nA master key?\nLet me see it, {BLAFORD}.
0x3f19b	0x271		金のプレートを受け取った。	Received a gold plate.
0x3f19b	0x29b	セス	やっぱり、このタイプのプレートね。任せて、ブラフォード。\nこれがあれば、レイナと私でポットは動かせるわ。	{SETH}\nJust as I thought, this type of\nplate.\nLeave it to me, {BLAFORD}.\nWith this, {REINA} and I can\nmove the pot.
0x3f19b	0x2f1	ブラフォード	動かせるのか？\nでは、早速乗ってみたいものだな。	{BLAFORD}\nYou can move it?\nThen I'd like to ride it at once.
0x3f19b	0x31c	セス	フフッ。\n私の運転でよければ、いつでもいいわよ。	{SETH}\nHeh.\nIf you don't mind my driving,\nany time is fine.
0x3f19b	0x366		ブラフォードが仲間に加わった。	{BLAFORD}{ JOINED THE PARTY.}
0x3f19b	0x385	セス	では、行きましょうか。	{SETH}\nShall we be off, then?
0x3f19b	0x3cd	セス	ブラフォード。\nとっても早いから、振り落とされない様に、しっかりつかまっててね。	{SETH}\n{BLAFORD}. It's terribly fast, so\nhold on tight or you'll be\nthrown off.
0x3f19b	0x40f	ブラフォード	・・・承知した。	{BLAFORD}\n...Understood.
0x3f19b	0x429	セス	では、出発！	{SETH}\nThen, away we go!
0x3f19b	0x504	ファーニス	おっ、お兄ちゃん！	{FURNIS}\nB-Big brother!
0x3f19b	0x52e	ファーニス	わぁぁぁぁぁん。\nお兄ちゃん、壁にメリ込んじゃってるよぉぉぉっ！	{FURNIS}\nWaaaaah! Big brother got\nsmushed into the wall!
0x3f19b	0x569	セス	あぁぁぁぁぁん。\nごめんなさい、ブラフォード。\n私の運転が乱暴なばっかりに、貴方をこんな目に会わせてしまってぇ。	{SETH}\nAaaaah! I'm so sorry, {BLAFORD}.\nMy reckless driving put you\nthrough something awful.
0x3f19b	0x5c4	ウォーリック	おいおい。\nそんな事より、早くひっこ抜いてあげなくては、窒息死してしまうぞ。	{WARRICK}\nHey, hey. Never mind that, pull\nhim out quick or he'll\nsuffocate.
0x3f19b	0x603	セス	そっ、そうね。\n待っててね、ブラフォード。\nすぐに助けてあげるから。	{SETH}\nR-Right. Hold on, {BLAFORD}.\nI'll get you out right away.
0x3f19b	0x64d	ウォーリック	ひっこ抜くぞ。\n・・・それっ。	{WARRICK}\nPulling you out now.\n...There!
0x3f19b	0x6a5	セス	本当にごめんなさい、ブラフォード。どこか痛くない？\n痛い所があったら遠慮しないで言ってね。	{SETH}\nI'm so sorry, {BLAFORD}. Does it\nhurt anywhere? Don't hold back,\ntell me if it does.
0x3f19b	0x6f2	ブラフォード	・・・だっ、大丈夫だ。\nあんなにスピードが出るとは、予想外だったので・・・思わず飛んでしまっただけだ。	{BLAFORD}\n...I-I'm fine. I never expected\nsuch speed, so... I just flew\noff without thinking.
0x3f6ca	0x1e	ファーニス	気を付けて、みんな！\n大きな空気の壁がある。\n気圧の変化で攻撃する、一種の結界だよ。	{FURNIS}\nEveryone, be careful!\nThere's a huge wall of air here.\nIt's a barrier that strikes\nwith changes in pressure.
0x3f6ca	0x76		声\nよくぞ見破ったな。\n只今、準備中につき、立入り禁止である。早々に立ち去れい。	Voice\nWell spotted.\nWe're making preparations just\nnow, so entry is forbidden.\nBegone at once.
0x3f6ca	0xc1	ライド	準備中だぁぁぁっ！？\nふざけた事言ってないで、さっさと出て来い。	{RIDE}\nMaking preparations?!\nQuit the nonsense and get out\nhere this instant.
0x3f6ca	0xf8		声\nそう、死を急ぐな。\nいずれ会う事になるであろう。\nその時までの、お楽しみだ。	Voice\nNow now, don't rush to your\ndeath.\nWe shall meet soon enough.\nSave your eagerness for then.
0x3f6ca	0x135		声\nだから、まだ駄目だって言ってるだろう。待っていられないのかぁ。	Voice\nI told you, not yet.\nCan't you wait a little\nlonger?
0x3f6ca	0x17f	ウォーリック	気を付けろ。\n奥に、何かあるみたいだぞ。	{WARRICK}\nStay alert.\nLooks like something's up\nahead.
0x3f6ca	0x1b7	ファーニス	何か、映ってる。\n大っきい鏡みたいだけど。	{FURNIS}\nSomething's reflected there.\nLooks like a big mirror.
0x3f6ca	0x1fe	ウォーリック	こんな大きな鏡、初めて見る。\n・・・ちょっと、近寄ってみるか。	{WARRICK}\nNever seen a mirror this big.\n...Maybe I'll step closer.
0x3f6ca	0x248	レイナ	何か様子が変だと思わない？\n気を付けてね、ウォーリック。	{REINA}\nDoesn't something seem off?\nBe careful, {WARRICK}.
0x3f6ca	0x276	ウォーリック	ああっ。\nわかってるよ。	{WARRICK}\nYeah.\nI know.
0x3f6ca	0x2c2	ウォーリック	曇り１つない、キレイな鏡だ。\n・・・ちょっと、遊んでみようかな。	{WARRICK}\nNot a single smudge. A truly\nbeautiful mirror.\n...Maybe I'll have some fun.
0x3f6ca	0x346	ウォーリック	・・・よく映る鏡だなぁ。\nそれに、俺ってこんな顔してたのかぁ。	{WARRICK}\n...What a clear reflection.\nAnd is that really what my\nface looks like?
0x3f6ca	0x3d4	ウォーリック	・・・んんっ！？\n鏡の中の俺・・・動きが、はずれてた気がする。\n試してみるか。	{WARRICK}\n...huh!?\nMy reflection... its movements\nseemed off, just now.\nLet me test it.
0x3f6ca	0x475		鏡の中のウォーリック\nしっ、しまった。\n・・・俺達の秘技を見破るとは、たいした奴だ。\n誉めてやろう。	{WARRICK} in the Mirror\nT-tch, blast it.\nTo see through our secret art...\nyou're quite something.\nI'll grant you praise.
0x3f6ca	0x4cb	ウォーリック	・・・何だ、お前等？	{WARRICK}\n...what are you?
0x3f6ca	0x4ea		鏡の中のウォーリック\nある時は、人間。\nある時は、エルフ。\nまたある時は、広場の石像。\nかくして、その実体は・・・。\n鏡の中のウォーリック\n美しい奇襲部隊。\n最強、ドッペル　ゲンガーズ！	{WARRICK} in the Mirror\nAt times, a human.\nAt times, an elf.\nAt other times, a town statue.\nAnd thus, our true form is...\n\p{WARRICK} in the Mirror\nthe beautiful ambush squad.\nMightiest of all, the\nDOPPELGANGERS!
0x3f6ca	0x5c2	セス	・・・何かガッカリだわ。\n私って、他の人からあんな顔に見られているのかしら？\n失礼しちゃうわね。	{SETH}\n...somehow that's a letdown.\nIs that the face others see\nwhen they look at me?\nHow rude.
0x3f6ca	0x615	ウォーリック	それなら俺もそうだぞ。\nそんな事より、鏡の後ろに通路が出て来た。\n入ってみよう。	{WARRICK}\nSame goes for me, then.\nNever mind that, a passage\nopened up behind the mirror.\nLet's go in.
0x3f6ca	0x666	ファーニス	・・・カラッポだよ。	{FURNIS}\n...it's empty.
0x3f6ca	0x687	ファーニス	宝箱だね。\n早く開けてみようよ。	{FURNIS}\nIt's a {CHEST}.\nLet's open it, quick.
0x3f6ca	0x6ba		銅のプレートを手に入れた。	{RECEIVED} a copper plate.
0x3f6ca	0x6e3	ウォーリック	・・・プレート！？\nこれで、他のポットも動かせる様になるのかな。	{WARRICK}\n...a plate!?\nMaybe this'll let us move\nthe other pots too.
0x3f6ca	0x725	ファーニス	ああっ！\n宝箱だよ、ウォーリック。	{FURNIS}\nAh!\nIt's a {CHEST}, {WARRICK}.
0x3f6ca	0x754		暗黒装甲を手に入れた。	{RECEIVED} dark armor.
0x3f6ca	0x77e	レイナ	黒のローブと、同じ技法が使われているわ。\n暗黒魔術で召喚した炎で、焼入れしてあるみたい。	Same craft as the black robe.\nIt's tempered with flames called\nup by {DARK MAGIC}.
0x3fc2e	0x1a	セス	何かしら、この部屋？\n床全部が市松模様なんて、趣味悪いわね。	{SETH}\nWhat's with this room?\nThe whole floor's a checkerboard.\nWhoever did this has awful taste.
0x3fc2e	0x57		高い声\nクオォッ、ケッケッケッケェェェッ。\n御誉めにいただき、光栄ですなぁ。\nようこそ・・・我が、ゲームルームに。\n高い声\n私の名は、ジョーカー。\n最も美しい魔界の民と、自負しております。貴方達は、素敵なゲスト。\nこのチェックを朱に染める、素敵なゲスト。	High Voice\nKwohh, heh heh heh heh!\nYou flatter me. I am honored.\nWelcome... to my game room.\np\nHigh Voice\nMy name is Joker.\nThe most beautiful of demonkind,\nif I do say so myself.\nYou are lovely guests... guests to\nstain this board crimson red.
0x3fc2e	0x128	ファーニス	・・・ジョーカー？\n何か、変な名前。	{FURNIS}\n...Joker?\nWhat a weird name.
0x3fc2e	0x156		ジョーカー\n勝負は簡単です。\nこの部屋を通って、こちらに来るだけ。\nもちろん、チェックルームから、生きて出られる保証はありませんがね。\nジョーカー\nまぁ、無理にとは言いません。\n気が向いたら、いつでも来て下さい。\n素敵な死を用意して、待っておりますから。\nジョーカー\nクオォ、クオォ、クオォッ。\nケッケッケッケェェェェェッ。	Joker\nThe game is simple.\nCross this room and come to me.\nThough I can't promise you'll\nleave this room alive, of course.\np\nJoker\nWell, I won't force you.\nCome whenever you feel like it.\nA lovely death awaits you here.
0x3fc2e	0x244	ウォーリック	不気味な奴だなぁ。\n行って、顔を拝んでみるか？	{WARRICK}\nWhat a creepy fellow.\nShall we go get a look at him?
0x3fc2e	0x27c	セス	やめた方がいいわ。\n何か普通の魔物とは、雰囲気が違うみたい。\n正気の沙汰ではないわよ。	{SETH}\nWe'd best not.\nHe feels different from an\nordinary monster somehow.\nThe man is out of his mind.
0x3fc2e	0x2c8	ファーニス	・・・でも、行ってみたい気もする。こういうのって、好奇心をそそるよね。	{FURNIS}\n...But I kind of want to go.\nThis sort of thing really\ngets my curiosity going.
0x3fc2e	0x411	ファーニス	宝箱が、最初から開いてる。\n・・・カラッポ？\n何も入ってないじゃん。	{FURNIS}\nThe chest's already open.\n...Empty?\nThere's nothing in it.
0x3fc2e	0x457		ジョーカー\nここまで来るとは、何と運の良い。\nその運を、私にも分けて欲しいものですなぁ。	Joker\nTo make it this far, how lucky.\nI'd love for you to share a\nbit of that luck with me.
0x3fc2e	0x49d	ファーニス	宝箱の中、何にも入ってないよ。\nゲームに勝ったんだから、景品もらえるんでしょ？	{FURNIS}\nThere's nothing in the chest.\nI won the game, so I should\nget a prize, right?
0x3fc2e	0x4e5		ジョーカー\n本来はそうですが、ちょっと事情が変わりました。\nもう一勝負どうです？\n私と勝負しましょうよ。\nジョーカー\n貴方達が勝ったら、生きて帰してあげます。もし負けたら、貴方達は私の宝になる事になります。\n・・・その宝箱に入る、宝にね。	Joker\nNormally, yes. But things have\nchanged a little.\nHow about one more round?\nPlay a game with me.\np\nJoker\nIf you win, I'll let you leave\nalive. If you lose, you become\nmy treasure.\n...The treasure in that chest.
0x3fc2e	0x5b0		か達が、宝物？	Us... treasure?
0x3fc2e	0x5c4		ジョーカー\nそうです。\nそして、その宝とは、貴方達の温かい内臓。血の滴る、温かい内臓。\n私は、内臓が好物なんですよぉぉぉっ。	Joker\nIndeed.\nAnd that treasure is your warm\ninnards. Warm guts, dripping\nwith fresh blood.\nInnards are my favorite treat!
0x3fc2e	0x64d	ファーニス	ああっ！？\n何か、あるよ。	{FURNIS}\nAah!?\nThere's something here.
0x3fc2e	0x67e		碧雲の鎧を手に入れた。	Received the blue cloud {ARMOR}.
0x3fc2e	0x6a7	ファーニス	そうそう。\nこの位の報酬は、なくっちゃね。	{FURNIS}\nThat's more like it.\nA reward this size is the least\nwe deserve.
0x3fc2e	0x6d2	ファーニス	危うく私達が、この中に入るとこだったね。	{FURNIS}\nWe nearly ended up locked\ninside this thing ourselves.
0x4014b	0x10	ファーニス	・・・んんっ！？\n何にも入ってないよぉ。	Furnis\n...Huh!?\nIt's totally empty.
0x4014b	0x3c	ファーニス	ここ、カラッポだよ。\n中身は、私が取ったじゃん。	Furnis\nThis one's empty.\nI already grabbed what was inside.
0x4014b	0x6b	ファーニス	箱の奥も、よく調べてっと・・・。\nやっぱり何にもない。	Furnis\nI checked the back too...\nNope, still nothing.
0x4014b	0xa6	ファーニス	何にも入ってないよ。	Furnis\nThere's nothing inside.
0x4014b	0xc3	ファーニス	初めっから、カラだよ。\nガッカリだねぇ。	Furnis\nIt was empty from the start.\nWhat a letdown.
0x4014b	0xeb	ファーニス	・・・初めから、開いてるぅ。\nショックだねぇ。	Furnis\n...It was already open.\nWhat a shock.
0x4014b	0x11d	ファーニス	へへっ。\n宝箱みっけた。	Furnis\nHehe.\nFound a treasure chest.
0x4014b	0x14a		雷神剣を手に入れた。	Got the Thunder God Sword.
0x4014b	0x172	ファーニス	凄い３剣７だね、コレ。\n私にも持てるかなぁ。	Furnis\nWhat an amazing sword, this.\nThink I could even wield it?
0x4014b	0x1a0	ファーニス	さて。\n何が入っているのかなぁ。	Furnis\nNow then.\nI wonder what's inside.
0x4014b	0x1d1		ヒールストックを手に入れた。	Got the Heal Stock.
0x4014b	0x1fa	ファーニス	早く開けてみよぉ。	Furnis\nLet's hurry and open it.
0x4014b	0x223		冥界のローブを手に入れた。	Found the Robe of the Underworld.
0x4014b	0x24c	レイナ	・・・かなり古いローブね。\nでも、防御力は高そうよ。	{REINA}\n...Quite an old robe.\nBut it looks like its defense is\nhigh.
0x4014b	0x285	ファーニス	へへっ。\n早く開けてみよぉ。	{FURNIS}\nHeh heh.\nLet's open it quick.
0x4014b	0x2b9		砂漠のバラを手に入れた。	Found a Desert Rose.
0x4014b	0x2e2	レイナ	何かしら、コレ。\n・・・魔導具の一種とも思えないけど、一応、取っておきましょう。	{REINA}\nWhat is this, I wonder.\n...I doubt it's any kind of magic\ntool, but let's keep it just in case.
0x4014b	0x336		やっぱり特戦隊全員\n・・・我ら、最強。	As expected of the whole special\nsquad... we are the strongest.
0x4014b	0x3a6		やっぱり特戦隊全員\nダークエルフ　特　戦　隊！	As expected of the whole squad.\n{DARK ELF} Special Squad!
0x4014b	0x412		ジーナス\n勝負だっ！	Zinus\nLet's settle this!
0x4014b	0x44a		ジーナス\n・・・グハッ。\nみんな・・・無事か？	Zinus\n...Gah.\nEveryone... are you all right?
0x4014b	0x47e		ガーベリー\n・・・ううっ。\n何とか生きてますぜ、隊長。	Gabery\n...Ungh.\nSomehow still alive, Captain.
0x4014b	0x4b5		パインチャ\nこっちも大丈夫よ、隊長。\nパインチャ\nラキューイは、気を失ってるだけ。	Paincha\nWe're fine over here too, Captain.\nPaincha\nLakyui just passed out, that's all.
0x4014b	0x506		ジーナス\n・・・貴様等、強いな。\n俺達の完敗だ。\nジーナス\nここに来て、強い奴にはたくさん会った。しかし、俺達　特戦隊が、ここまでやられるとは。\nはっきり言って、自信なくすぜ。\nジーナス\n俺達の上には、得体の知れないバケモノがいるらしい。\n貴様等、そいつを倒しに来たんだろ？	Zinus\n...You lot are strong.\nThis is our utter defeat.\nZinus\nWe met many strong ones coming\nhere. But that we, the special\nsquad, would be beaten this badly...\nFrankly, it shakes my confidence.\nZinus\nAbove us there's some unknown\nmonster, it seems.\nYou came to slay it, didn't you?
0x4014b	0x5e6	セス	ええ。\n旧世界を滅ぼした、魔神をね。	Yes.\nThe {DEMON GOD} that destroyed\nthe old world.
0x4014b	0x60d		ジーナス\n・・・魔神！？\nそんなデカい奴が、隠れていたのか。\n魔神軍を名乗らせたのも、ハッタリではなかったのだな。\nジーナス\n・・・よく聞け。\nその魔神なら、この都市を探しても絶対に見つからん。\nいるとしたら・・・都市の地下だ。\nジーナス\n上の奴等は、テレポートで出入りしているらしいが、そう遠い所ではない。\n感じでわかるんだ。\n・・・奴等は、地下だ。	Zenus\n...A {DEMON GOD}?\nSo something that huge was\nhiding here.\nCalling it the demon army\nwasn't just a bluff, then.\pZenus\n...Listen well.\nSearch this city all you like,\nyou'll never find that {DEMON GOD}.\nIf it's anywhere... it's beneath\nthe city. Underground.\pZenus\nThe ones above teleport in and\nout, but it's not far off.\nI can feel it.\n...They're down below.
0x40614	0x22	ファーニス	プールがあるよ。\n・・・以外と深いかなぁ？\n階段は水の中に続いているけど、このままじゃ行けないみたい。	{FURNIS}\nThere's a pool.\n...Deeper than it looks, maybe?\nThe stairs go down into the water,\nbut we can't get through like this.
0x40614	0x84	レイナ	ふむ！？\n水を抜くスイッチか、何か必要な物があるのかしらねぇ？	{REINA}\nHmm!?\nMaybe there's a switch to drain it,\nor some item we need?
0x40614	0xbe	レイナ	この部屋には、これと言った手がかりはないわね。\n他のドームに行ってみましょう。	{REINA}\nThere's no real clue in this room.\nLet's try one of the other domes.
0x40614	0x109	レイナ	うぅぅぅん。\nこの訳わかんない物、投げ込んでみようかぁ？	{REINA}\nUrrrgh.\nShould I just toss in this\nbaffling thing?
0x40614	0x13f	ファーニス	この砂の塊でしょ。\n他に使い道ないし、やってみよう。	{FURNIS}\nThe lump of sand, right?\nNo other use for it. Let's try it.
0x40614	0x17a		砂漠のバラを投げ込んだ。	Tossed in the desert rose.
0x40614	0x2ad	レイナ	待って、ウォーリック。\n・・・この奥から、強い魔力を感じる。この感じは・・・カーム。	{REINA}\nWait, {WARRICK}.\n...I feel strong magic from deep\nwithin. This presence... {CALM}.
0x40614	0x311	ウォーリック	実体の方か！？	{WARRICK}\nThe real one!?
0x40614	0x32a	レイナ	ええっ。\n・・・間違いないわ。	{REINA}\nYes.\n...No doubt about it.
0x40614	0x356	ウォーリック	向こうも、俺達の事を待っていたって事か！？\n・・・いいだろう。\nカタを付けてやるぜ、カーム。	{WARRICK}\nSo they've been waiting for us too!?\n...Fine by me.\nI'll settle this, {CALM}.
0x40614	0x3ba	ファーニス	へへっ。\nこんな所に、宝箱があるよ。	{FURNIS}\nHeh heh.\nThere's a chest way out here.
0x40614	0x3f1		スカルスマッシュを手に入れた。	Got the Skull Smash.
0x40614	0x41e	ファーニス	カッコいい３槍７だよ。\nとっても強そうだねぇ。	A cool-looking spear.\nIt looks really strong, doesn't it?
0x40614	0x449		ジーナス\nそれはよかった。	Genus\nGlad to hear it.
0x40614	0x460	ファーニス	その声はっ！？\n・・・特戦隊の隊長、ジーナスさん。	That voice...!?\n...Genus, captain of the\nspecial forces.
0x40614	0x4a5		ジーナス\n覚えていてもらえて光栄だな、お嬢ちゃん。	Genus\nHonored you remember me, missy.
0x40614	0x4da		ガーベリー\n１つ。\n必死で挽回願う。	Gabbery\nFirst.\nFight tooth and nail to win back.
0x40614	0x51f		パインチャ\n３つ。\n磨いた心と体。	Paincha\nThird.\nA honed heart and body.
0x40614	0x540		ジーナス\n４つ。\n予感の最終戦。	Genus\nFourth.\nThe final battle I foresaw.
0x40614	0x570	ウォーリック	そろそろ出て来る頃だと、思っていたよ。\n勝負をつけようぜ、特戦隊。	I figured you'd show up about now.\nLet's settle this, special forces.
0x40614	0x6b9		ぴ使い、ラキューイ。	Pi user, Lakyui.
0x40614	0x6dc		れ使い、パインチャ。	Re user, Paincha.
0x40614	0x71a	ファーニス	特戦隊が置いて行った、宝箱だよ。	A chest the special forces\nleft behind.
0x40b0f	0x24	カーム	待っていたわよ、ウォーリック。\nメーフィスは、復活出来なかった様ね。・・・旧友に会えなくなって、とても残念だわ。\nカーム\nでもいいの。\n今は、貴方がいるのですもの。\n神竜と同じ力を持つ人間が、私の目の前にいるのですもの。\nカーム\nとても会いたかったわ、ウォーリック。	{CALM}\nI've been waiting, {WARRICK}.\nSo {MEPHIS} could not be revived.\n...A shame I won't see my old friend.\np\n{CALM}\nBut it matters not.\nFor now, you are here.\nA human with the {DIVINE DRAGON}'s\nown power stands before me.\np\n{CALM}\nI longed to meet you, {WARRICK}.
0x40b0f	0xe8	ウォーリック	ああ、俺も会いたかったぜ。\nお前をブッ倒すために、ここまでやって来たんだからなぁ。\nウォーリック\n・・・女王　カームの肉体を乗っ取り、アスタルト様も乗っ取った。\n腐った神を倒すためになぁ。	{WARRICK}\nYeah, I wanted to meet you too.\nI came all this way to crush you.\np\n{WARRICK}\n...You stole Queen {CALM}'s body,\nand took {ASTARTE} too.\nAll to bring down a rotten god.
0x40b0f	0x180	カーム	知っていたのね、私の事。\n・・・でも、ちょっと違うわね。\n私は、あくまでも端末。\nカーム\nカームの知識を共有し、カームの思考を共有し、カームの癖を共有した、神の端末にすぎない。	{CALM}\nSo you knew about me.\n...But you're a little wrong.\nI am merely a terminal.\np\n{CALM}\nA terminal of the god, sharing\n{CALM}'s knowledge, her thoughts,\nand all her little habits.
0x40b0f	0x21b	セス	なるほど。\n本体は、あくまでアスタルト様って事ね。	{SETH}\nI see. So the true body is\n{ASTARTE} herself.
0x40b0f	0x248	カーム	その通り。\n私は全であり、個。\nそしてこの体は個の１つにすぎない。\nカーム\n・・・お話はここまでよ。\n危険な芽は、大木になる前に摘まなくてはならない。\n死になさい、ウォーリック。	{CALM}\nExactly. I am the whole, and\nthe one. This body is but one\npart of many.\np\n{CALM}\n...Our talk ends here.\nA dangerous bud must be plucked\nbefore it grows into a tree.\nDie, {WARRICK}.
0x40b0f	0x30e	カーム	馬鹿な。\n・・・こっ、この私が・・・貧弱な・・・人間・・・ごときにっ。	{CALM}\nImpossible.\n...That I... should fall to a\nfeeble... human... like this.
0x40b0f	0x380		カームの亡霊\n人の心の強さを理解出来ぬかぎり、お前に勝利はない！	{CALM}'s Ghost\nUntil you grasp the strength of\nthe human heart, you will never win!
0x40b0f	0x42c	ウォーリック	カッ、カーム！？\n・・・いったい、何が起ったんだ。	{WARRICK}\nC-{CALM}!?\n...Just what in the world\nhappened here?
0x40b0f	0x46d	セス	・・・安心して。\nカームは、取り戻しに来たの。\n魔神に奪われた大切なモノを、取り戻しに来たのよ。\nセス\nカームだけじゃない。\nここにいる人達全てが、魔神に大切なモノを奪われている。\nセス\n誰もが取り戻したいと、願っている。さまようクーレイアの民に、平和を愛し戦う騎士達。\nセス\nここにいる全ての者達の奪われたモノを、必ず取り戻すのよ。	{SETH}\n...Be at ease.\n{CALM} came to take it back.\nThe precious thing the {DEMON GOD}\nstole, she came to reclaim.\np\n{SETH}\nAnd not {CALM} alone.\nEveryone here has had something\nprecious stolen by the {DEMON GOD}.\np\n{SETH}\nAll of them wish to take it back.\nThe wandering folk of {KULEIA}, the\n{KNIGHTS} who fight for the peace\nthey love.\np\n{SETH}\nWhat was stolen from every soul\nhere, we will surely reclaim.
0x40b0f	0x553	ウォーリック	・・・奪われた、モノか。	{WARRICK}\n...What was stolen, huh.
0x40b0f	0x57b	ウォーリック	そんな事、話していいのか！？	{WARRICK}\nIs it all right to speak of\nsuch things!?
0x40b0f	0x598		ジーナス\n俺達は、プロの傭兵。\n腕は売っても、魂は売らないぜ。\n最後に貴様等、守護騎士と戦えて・・・光栄に思う。\nジーナス\n・・・さらばだ、我が友よ。\n生きて戻れたら、また会おう。	Genus\nWe are professional mercenaries.\nWe sell our skill, not our souls.\nTo fight you guardian {KNIGHTS} at\nthe last... is an honor.\np\nGenus\n...Farewell, my friends.\nIf I make it back alive,\nlet us meet again.
0x40b0f	0x655	ブラフォード	ちょっと、待ってくれ。\nあのドラグーン・・・・調べさせてもらいたい。\n気になるんだ。	{BLAFORD}\nHold on a moment.\nThat Dragoon... I'd like to\nexamine it. It troubles me.
0x40fb1	0xa2	ウォーリック	うぅぅぅぅぅん。\n落ちるっていうのは、そういい気分じゃないな。\n地上から、どの位落ちたんだ？	Hnnnghhh...\nFalling never gets any more pleasant.\nHow far did we drop from the surface?
0x40fb1	0xf3	セス	ざっと、数キロってトコかしら？\n・・・でも、ここで間違いなさそうね。	A few kilometers, give or take?\n...But this is the place, no\nquestion.
0x40fb1	0x12f	ウォーリック	ああっ。\n警戒して行こう。	Right.\nStay on your guard.
0x40fb1	0x166	ビアガン	ウォーリック・・・だったな。\n実に成長した様だ。	{WARRICK}{...} that was the name.\nYou've grown, truly.
0x40fb1	0x1a1	ウォーリック	貴様はセルーシュにいた、ビアガン。	You're the one from {SERUSH}. {BIAGAN}.
0x40fb1	0x1be	ビアガン	まず、貴様に礼を言わねばな。\nカームを倒してくれた事に、感謝する。	First, I owe you my thanks.\nFor striking down {CALM} , I am\ngrateful.
0x40fb1	0x1f7	ウォーリック	・・・！？\nカームは、お前達の仲間だろう。	{...}!?\n{CALM} was one of your own.
0x40fb1	0x225	ビアガン	・・・そうだな。\nしかし、あれは魔神の思うままに動く、言わば操り人形。\nこの世に存在するには、哀れすぎる。\nビアガン\n気高く、優しい女王　カーム。\n希望に光を待ち続けた彼女には、永遠の安らぎが必要だ。\n倒す事が・・・彼女のため。	...So she was.\nBut she moved only at the\n{DEMON GOD}'s whim - a puppet.\nToo wretched a thing to exist.\n\p{BIAGAN}\nNoble, gentle Queen {CALM}.\nShe who waited for the light of hope\nneeded eternal rest.\nTo fell her... was for her sake.
0x40fb1	0x2e7	ウォーリック	・・・貴様、何を考えている。	...What are you scheming?
0x40fb1	0x30d	ビアガン	９００年前、拙者は魔神に倒された。そして、２年前・・・カームの力により、蘇生した。\nビアガン\nカームは、９００年前と同じ微笑みを拙者に向けたが、それが違う事は一瞬でわかった。\n昔のカームは、もういない。\nビアガン\n・・・そして、拙者も魔神の一部。\n拙者もカームも、魔神の手の上でなければ存在出来ない、呪われた肉人形なのだ。\nビアガン\n幸か不幸か、拙者は精神を支配されていない。\n故に、あの狂気のカームを見続けなくてはならなかった。\nビアガン\n９００年前、共に戦った愛する友の狂った姿をな。\n・・・しかし、それも終った。\n貴様達のおかげでな。	900 years past, the {DEMON GOD}\nstruck me down. Then, two years\nago...\n{CALM}'s power brought me back.\n\p{BIAGAN}\n{CALM} turned the same smile on me\nas 900 years before, but in an\ninstant I knew it was false.\nThe old {CALM} was gone.\n\p{BIAGAN}\n...And I too am part of the\n{DEMON GOD}. She and I both -\ncursed dolls of flesh that\ncannot exist beyond his hand.\n\p{BIAGAN}\nFor better or worse, my mind was\nnever seized. So I was forced to\nwatch that maddened {CALM} on.\n\p{BIAGAN}\nThe ruined form of a beloved friend\nI fought beside 900 years ago.\n...But that is over now.\nThanks to you and yours.
0x40fb1	0x4b7	ビアガン	しかし、拙者も魔神の人形。\n奴の支配からは、決して逃れる事は出来ん。\n・・・ここで、ケリを着けたい。\nビアガン\nこの赤い鎧こそ、我がミノタウロス族に伝わる決闘の装束。\n・・・勝負だ。	Yet I too am the {DEMON GOD}'s doll.\nFrom his grip I can never break free.\n...Here, I would settle it.\n\p{BIAGAN}\nThis red armor is the dueling garb\npassed down through my {MINOTAUR} kin.\n...Let us fight.
0x41418	0x29	セス	・・・パァンツァー　ドラグーン。\nなぜ、ここにあるの！？\n全てのドラグーンは、パディッシュ様が回収したはずなのに。	{SETH}\n...A {PANZER DRAGOON}.\nWhy is it here?\n{PADDISH} was supposed to have\nrecovered all the DRAGOONs.
0x41418	0x83	レイナ	ドラグーン。\n・・・思いだしたわ。\nこれって、きっとセルーシュで奪われた物よ。	{REINA}\nA {DRAGOON}.\n...I remember now.\nThis must be the one stolen\nat {SERUSH}.
0x41418	0xcc	ウォーリック	セルーシュで！？\nそう言えば、竜像がどうのって言ってたなぁ。\nちょっと、調べてみるかぁ。	{WARRICK}\nAt {SERUSH}?\nCome to think of it, they did\nmention something about a\ndragon statue.\nLet's take a look.
0x41418	0x10e	レイナ	気を付けてね、ウォーリック。	{REINA}\nBe careful, {WARRICK}.
0x41418	0x144	セス	信じられないくらい、保存状態がいい。神殿にいたドラグーン達は、半分化石みたいなのに。	{SETH}\nIt's unbelievably well kept.\nThe DRAGOONs at the temple\nwere half fossilized.
0x41418	0x191	ブラフォード	・・・おかしい。	{BLAFORD}\n...Something's wrong.
0x41418	0x1ab	セス	どうしたの、ブラフォード？	{SETH}\nWhat is it, {BLAFORD}?
0x41418	0x1c9	ブラフォード	・・・むっ！？\nみんな、ドラグーンから離れるんだっ。	{BLAFORD}\n...Hmm?!\nEveryone, get away from\nthe {DRAGOON}!
0x41418	0x219		ドラグーンから声\n・・・よく、かわした。	...Well dodged.
0x41418	0x23f	ウォーリック	その声は・・・シュタイナー。\nドラグーンの中にいるのか！？	{WARRICK}\nThat voice... {STEINER}.\nYou're inside the {DRAGOON}?!
0x41418	0x271	シュタイナー	ウォーリック。\n貴様が、クーレイアに来るのを心待ちにしていたぞ。\nシュタイナー\nただ、１対１の勝負が出来ないのが、非常に残念だ。\n皆殺しの命令が出ているのでな。\n・・・ドラグーンを使わせてもらう。	{STEINER}\n{WARRICK}.\nI've been eager for you to\ncome to {KULEIA}.\n\p{STEINER}\nA shame we can't settle this\none on one. My orders are to\nleave none alive.\n...I'll be using the {DRAGOON}.
0x41418	0x2fa	ウォーリック	１つ聞かせてくれ、シュタイナー。\n貴様は守護騎士なのに、なぜ魔神に荷担する。\n何か、考えがあるのか！？	{WARRICK}\nLet me ask you one thing,\n{STEINER}.\nYou're a {GUARDIAN}, so why\naid the {DEMON GOD}?\nDo you have some plan?
0x41418	0x345	シュタイナー	・・・フンッ。\nそんなモノ・・・あるわけなかろう。\n俺は、黒竜の守護騎士。\nその役目を、全うするだけだ。	{STEINER}\n...Hmph.\nNothing of the sort.\nI am the Dragon Knight of the\n{BLACK DRAGON}. I only fulfill my duty.
0x41418	0x3c3	ウォーリック	・・・やったのか！？	{WARRICK}\n...Did we get him?
0x41418	0x415		ィグググッ・・・・・グッ、ウグググッ・・・。\nぬあぁぁぁぁぁぁぁぁっ。	Igggh.{...}..ggh, urgggh...\nNGAAAAAAH!
0x41418	0x4ad	シュタイナー	ぐはぁぁぁぁぁっ。\n・・・きっ、貴様等・・・勝負は・・・ぐふっ・・・これからだ。\nシュタイナー\nもう、ドラグーンなど・・・無粋な、力になど・・・頼らん。\n力と・・・力・・・技と、技を賭けて・・・勝負だっ。	{STEINER}\nGWAAAAAGH.\n...Y-you lot... the fight...\nguh... has only begun.\n{STEINER}\nNo more crude crutch of a\n{DRAGOON} for me...\nStrength against strength...\nskill against skill... let us fight!
0x41418	0x5c9	シュタイナー	・・・ぐっ。\n負けんぞぉぉぉっ。\nまっ、まだまだぁぁぁっ。	{STEINER}\n...Guh.\nI will not lose!\nN-not yet, not yet!
0x41418	0x60b		声\n・・・戻って来い、シュタイナー。\n早く・・・我が、元へ・・・早く・・・・・戻って・・・シュタイナァァァァァッ。	...Come back, {STEINER}.\nQuickly... to my side... quickly...\nreturn... Steineeeer!
0x41418	0x686	シュタイナー	マッ、マスター！\n遂に・・・遂に、始まってしまたか。\nシュタイナー\n貴様等の、相手をしている場合ではなくなった。\n・・・勝負はあずけるぞ。	{STEINER}\nM-{MASTER}!\nSo... so it has finally begun.\n{STEINER}\nI have no time to deal with\nyou lot now.\n...Our fight will have to wait.
0x41418	0x736	ウォーリック	待て、シュタイナー。\n・・・いったい、何が！？	{WARRICK}\nWait, {STEINER}.\n...What in the world is happening?
0x41418	0x76b	セス	シュタイナーのマスター！？\nじゃあ、今のは、黒竜　ルード様の声。シュタイナーが戦いを放棄してまで、優先しなくてはならない事。\nセス\n黒竜の身に、何かあったんだわ。	{STEINER}'s {MASTER}?\nThen that was the voice of\n{RUDE}, the {BLACK DRAGON}. For {STEINER}\nto abandon the fight for it...\n{SETH}\nSomething has befallen the\n{BLACK DRAGON}.
0x41972	0x3f	ウォーリック	・・・どうした、ファーニス？\n腹でも痛いのか。	...What's wrong, {FURNIS}?\nStomachache or something?
0x41972	0xdf	ウォーリック	どうした、ファーニス。\nどこか痛いのか！？	What's wrong, {FURNIS}?\nDoes something hurt!?
0x41972	0x108	ファーニス	・・・あれっ！？\nおかしいなぁ。\n体が全然、動かないよぉ。	...Huh!?\nThat's strange.\nMy body won't move at all.
0x41972	0x146	レイナ	・・・様子が変よ。\n体温が異様に下がっている。	...Something's wrong.\nHer body temperature is\nplummeting.
0x41972	0x19f	セス	・・・ええっ。\nわかってる。\n魔神の魔力が、ファーニスに干渉しているのよ。	...Yes. I know.\nThe {DEMON GOD}'s power is\npreying on {FURNIS}.
0x41972	0x1ff	セス	魔神の脅威的に強い魔力が、他の生物に影響を及ぼすの。\n敏感なエルフ族のファーニスには、特にね。\nセス\nこのまま行けば、衰弱して死ぬか、発狂してして死ぬかのどちらかになる。最悪の場合、魔神に体を乗っ取られるわ。\nセス\n私達には、３鎧７の守りがあるけど・・・・・２人は、ここまでよ。	The {DEMON GOD}'s terrible power\naffects all living things.\n{FURNIS}, a sensitive {ELF},\nmost of all.\p{SETH}\nGo on like this and she'll\nwaste away or go mad and die.\nWorst case, the {DEMON GOD}\ntakes her body.\p{SETH}\nWe have the {SHIELD} to guard us...\nbut you two end here.
0x41972	0x2d9	レイナ	ふっ、２人！？\n私はまだ一緒に戦えるわ。\n・・・私は、何ともないのよぉ。\nレイナ\n・・・ねぇ。\nウォーリックも、何とか言ってよぉ。	Wh-what, you two!?\nI can still fight at your side.\n...There's nothing wrong with me.\p{REINA}\n...Hey.\n{WARRICK}, say something too.
0x41972	0x350	セス	今は、まだ大丈夫。\n自分の魔力で、魔神の干渉を防いでいるから。\n・・・でも、この先からは無理ね。	For now it's fine.\nMy own power holds the\n{DEMON GOD}'s reach at bay.\n...But past here, no more.
0x41972	0x3c2	セス	今なら、私とブラフォードの魔法で、送り帰せるわ。\nでもこの先からは、私達にも何が起こるかわからない。\nセス\n帰せるチャンスがあるなら、今よ。\nよく考えて、ウォーリック。	Right now, my magic and\n{BLAFORD}'s can send them back.\nBut past here, no telling\nwhat befalls even us.\p{SETH}\nIf there's a chance to send\nthem home, it's now.\nThink well, {WARRICK}.
0x41972	0x442	ウォーリック	・・・レイナ。\nクラウスで、待っていてくれないか。	{...}{REINA}.\nWill you wait for me\nin {KLAUS}?
0x41972	0x48c	ウォーリック	俺は、必ず戻って来る。\n・・・だから待っていてくれ。\nそれに、ファーニスの看病も必要だろ。	I'll come back, I swear.\n...So please wait for me.\nBesides, {FURNIS} will need\ntending to.
0x41972	0x4f3	ウォーリック	必ず戻って来るから。\nだから・・・・・なっ。	I'll come back, I promise.\nSo..{...}. all right?
0x41972	0x528	レイナ	・・・わかった。\n貴方の言う通りにするわ、ウォーリック。	{REINA}\n...I understand.\nI'll do as you say, {WARRICK}.
0x41972	0x568		レイナとファーニスが仲間から外れた。	{REINA} and {FURNIS}{ LEFT THE PARTY.}
0x41972	0x5a8	ブラフォード	・・・聞こえるか、ファーニス。\n回復したら、国に帰るんだ。\nわかったな。	{BLAFORD}\n...Can you hear me, {FURNIS}?\nWhen you've recovered, go home.\nUnderstand?
0x41972	0x5e7	ファーニス	・・・うん。\nごめんね、お兄ちゃん。	{FURNIS}\n...Mm.\nI'm sorry, big brother.
0x41972	0x608	ブラフォード	謝る事はない。\nお前の様な強い妹を持てて、光栄に思っている。\nブラフォード\nレイナ。\n・・・妹を、頼む。	{BLAFORD}\nNo need to apologize.\nI'm proud to have a sister\nas strong as you.\n\p{BLAFORD}\n{REINA}.\n...Look after my sister.
0x41972	0x679	レイナ	・・・わかったわ。	{REINA}\n...I will.
0x41972	0x69f	セス	じゃあ、始めるわよ。\n飛び先はクラウスでいいわね。	{SETH}\nThen, let's begin.\nThe destination is {KLAUS}, yes?
0x41e41	0x2e	ブラフォード	・・・何かいる。	...Something is out there.
0x41e41	0x50	セス	どうしたの、ブラフォード。\n敵！？	{SETH}\nWhat is it, {BLAFORD}?\nEnemies?
0x41e41	0x6f	ブラフォード	誰かが、付けている様だ。\n確かに強く感じたのだが・・・今は、完全に気配を消している。	{BLAFORD}\nSomeone is tailing us.\nI felt it clearly... but now they\nhave hidden their presence\ncompletely.
0x41e41	0xca	ウォーリック	それより、シュタイナーの行動が気になる。\n早く先に進もう。	{WARRICK}\nMore than that, {STEINER}'s moves\nworry me. Let's press on.
0x41e41	0xfc	ブラフォード	・・・ああっ。	{BLAFORD}\n...Agh.
0x41e41	0x126	ブラフォード	・・・やはりいる。\n来るぞぉっ！	{BLAFORD}\n...They are here after all.\nThey're coming!
0x41e41	0x1b4	ライド	よぉぉぉぉぉっ。\n元気か、ウォーリック！？\n・・・天国から、舞戻って来たぜぇ。	{RIDE}\nYoooooo!\nDoing well, {WARRICK}?\n...Back from heaven, baby.
0x41e41	0x205	ウォーリック	ラッ、ライド！？\n・・・無事だったのか。	{WARRICK}\n{RIDE}{...} {RIDE}?\n...So you made it out alive.
0x41e41	0x241	ナッツ	こんにちは、ウォーリック。\n加勢に来ましたよ。	{NUTTS}\nHello, {WARRICK}.\nWe've come to lend a hand.
0x41e41	0x26a	ウォーリック	ナッツも！？\nそれにその３鎧７は、守護騎士の３鎧７。\nどういう事だ、ライド。	{WARRICK}\n{NUTTS} too?\nAnd that armor... it's a\nGuardian's armor.\nWhat is going on, {RIDE}?
0x41e41	0x2a9	ライド	・・・俺も、悪運が強くてな。\nドードと一緒に亜空間で遊んでたら、俺だけ現世界に呼び戻されたんだ。\nマージスのおっさんの力でな。	{RIDE}\n...My bad luck runs deep too.\nI was playing in the void with\n{DODE}, and I alone got pulled\nback to this world.\nBy old {MARGIS}'s power.
0x41e41	0x30a	ウォーリック	あの・・・リッチのマージスさん？	{WARRICK}\nUm... {MARGIS} the lich?
0x41e41	0x32f	ライド	・・・そう。\nあのおっさん、俺が守護騎士だって事、最初から知ってたんだ。\nライド\n気が付いたら、隠してあった緑竜の３鎧７まで召喚してあってさぁ。\n準備万端で待ってたんだぜ。\nライド\nここに来れたのも、おっさんの力って事さっ。\nそれより、ファーニスにレイナの姿が見えないが・・・帰したのか？	{RIDE}\n...Right.\nThat old man knew I was a guardian\nfrom the very start.\n{RIDE}\nNext thing I knew, he'd summoned the\nhidden green dragon armor too.\nHe was waiting, fully prepared.\n{RIDE}\nMe getting here was his doing as\nwell.\nMore to the point, I don't see {REINA}\nwith {FURNIS}{...} did you send her home?
0x41e41	0x3fa	ウォーリック	・・・ああっ。	...Yeah.
0x41e41	0x413	ライド	ちょっと残念だが、それでいい。\nこっちは、とびきり残念な事があったんだぜ。\n・・・カル伯爵が、死んだ。	A little sad, but that's for the\nbest.\nWe had something far sadder happen.\n{...}{COUNT CAL} is dead.
0x41e41	0x473	セス	死んだ炎竜の３鎧７に、自分の命を吹き込んだのね。	He breathed his own life into the\ndead fire dragon armor.
0x41e41	0x49f	ライド	ああ。\n・・・わかってたのか！？	Yeah.\n...You knew?
0x41e41	0x4cb	セス	今、ナッツちゃんが着ている炎竜の３鎧７は、完全に死んでいた。\n蘇らすには、新たな魂を入れるしかないわ。\nセス\nそれも、炎竜　ブレイに最も近い存在の者のね。\nそして、それが出来るのは・・・炎竜の守護騎士だったカル伯爵だけ。	The fire dragon armor {NUTTS} wears\nnow was completely dead.\nReviving it needs a new soul.\n{SETH}\nAnd one closest to the fire dragon,\n{BREI}, at that.\nThe only one who could do it was\n{COUNT CAL} , the fire dragon's\nguardian.
0x41e41	0x56b	ライド	そういう事だ。\n竜に選らばれた者以外が３鎧７を着る事も、死んだ３鎧７を復活させたのも、例外中の例外。\nライド\n守護騎士の３鎧７を着て、ナッツが平気でいられるのは、本当に奇跡だぜ。	That's right.\nAnyone but the dragon's chosen\nwearing\nthe armor, and reviving dead armor,\nboth are the rarest of exceptions.\n{RIDE}\nThat {NUTTS} can wear a guardian's\narmor and be fine is a true miracle.
0x41e41	0x5f9	ナッツ	・・・この３鎧７は、ただの守護騎士の３鎧７じゃない。\n炎竜　ブレイと、伯爵様の３鎧７。\n２人が、私を守ってくれている。	...This armor is no mere guardian's\narmor.\nIt's the fire dragon {BREI}'s and the\ncount's armor.\nThe two of them protect me.
0x41e41	0x64e	ライド	・・・そうだな。\nそれより、ウォーリック。\n魔神になったアスタルト様は、この近くにいるんだろぉ。	...That's right.\nMore to the point, {WARRICK}.\n{ASTARTE}, who became a demon god,\nis somewhere near here, isn't she.
0x41e41	0x69a	ウォーリック	ああっ。\nしかし、その前にいるはずの黒竜の様子がおかしいんだ。	Yeah.\nBut the black dragon that should be\nbefore her is acting strangely.
0x41e41	0x6cb	ライド	何でもいい。\n・・・早いトコ、倒しに行こうぜ。	Whatever it is.\n...Let's hurry and go take it down.
0x41e41	0x718		ライドとナッツが仲間に加わった。	{RIDE} and {NUTTS}{ JOINED THE PARTY.}
0x4233a	0x24	シュタイナー	どはぁっ！	Gyaaah!
0x4233a	0xbc	ウォーリック	一体、何が起ったんだ！？\n・・・答えろ、シュタイナー。	What in the world happened!?\nAnswer me, {STEINER}.
0x4233a	0xf9	シュタイナー	・・・ルード様が、完全に・・・魔神の支配に落ちた。\n俺は守護騎士なのに、ルード様を守る事が出来なかった。\nシュタイナー\n・・・かくなるうえは。	{RUDE}{...} has fallen completely\nunder the {DEMON GOD}'s control.\nI am his guardian knight, yet I\ncould not protect him.\p{STEINER}\n...Then so be it.
0x4233a	0x186	シュタイナー	・・・ルード様を・・・この手で・・・倒す。\nそれが、黒の守護騎士としての最後の役目。\nシュタイナー\nさらばだ、ウォーリック。	I will strike {RUDE} down...\nwith my own hands.\nThat is the last duty of the\nblack guardian knight.\p{STEINER}\nFarewell, {WARRICK}.
0x4233a	0x21a	シュタイナー	・・・なっ、何だコレは！？	Wha... what is this!?
0x4233a	0x241	セス	簡単だけど、魔法のオリよ。\nいくら強力な魔力を持った貴方でも、簡単には破れないわ。	It's simple, but it's a magic cage.\nEven with all your power, you\nwon't break it easily.
0x4233a	0x293	シュタイナー	ぬぅぅぅぅぅっ。\n・・・何のつもりだ。	Hrrrrgh.\n...What is the meaning of this?
0x4233a	0x2c5	セス	貴方に、黒竜は倒させないわよ。	I won't let you slay the\n{BLACK DRAGON}.
0x4233a	0x306	セス	私も守護騎士。\n自分のマスターに３剣７を向ける事の辛さくらい、わかってるつもりよ。\nセス\n貴方に味方するわけじゃない。\nでも、同じ守護騎士として、マスター殺しにはなってほしくないの。\n・・・黒竜は、私達が倒すわ。	I'm a guardian knight too.\nI know the pain of turning a sword\non your own master.\p{SETH}\nI'm not taking your side.\nBut as a fellow guardian, I won't\nlet you become a master-killer.\n...We will slay the {BLACK DRAGON}.
0x4233a	0x399	シュタイナー	ぬぅぅぅぅぅっ。\nこっ・・・こんなオリなどぉぉぉっ！	Hrrrrgh.\nA cage like thiiiis!
0x4233a	0x3d7	セス	無理しない方がいいわよ。\nあんまり無理すると、命を落す事になるわ。\n私達に任せて、シュタイナー。	Don't push yourself.\nStrain too hard and it'll cost\nyou your life.\nLeave it to us, {STEINER}.
0x4233a	0x44c	シュタイナー	・・・１つだけ言っておく。\n既にルード様には、知性のカケラもないと思え。\n偉大な神官竜とは・・・思うな。	Let me say just one thing.\n{RUDE} has not a shred of reason\nleft in him.\nDo not think of him as the great\n{PRIEST DRAGON}.
0x4233a	0x4ac	シュタイナー	・・・早く行け。	...Now go. Hurry.
0x42672	0x2d	ライド	おいっ、何だコリャ！？\n・・・入口が無くなってるぞ。	{RIDE}\nHey, what is this!?\n...The entrance is gone.
0x42672	0x88		！？\n気を付けて・・・これは、幻覚よ。\n黒竜は、必ず近くにいるわ。	!?\nBe careful... it's an illusion.\nThe {BLACK DRAGON} is near, for sure.
0x42672	0xd7		音\n・・・誰だぁぁぁっ。	A sound...\n...Who's there!
0x42672	0x115	ウォーリック	こっ、黒竜・・・ルード。	{WARRICK}\nThe... {BLACK DRAGON}{...} {RUDE}.
0x42672	0x141	ルード	誰だぁ！？\n誰だ・・・お前は、誰だ。\n・・・わかったぞ。\nお前は、私の敵だぁぁぁぁぁっ。	{RUDE}\nWho's there!?\nWho... are you. Who are you.\n...I see now.\nYou are my enemy!
0x42672	0x1b8	ルード	貧弱な攻撃など、効かぬわ。\n我が身体は、永遠不滅。\n・・・何者にも傷付けられん、不滅の身体だぁ。	{RUDE}\nFeeble blows will not touch me.\nMy body is eternal, undying.\n...Nothing can wound this\nimmortal form.
0x42672	0x221	セス	・・・なぜなの！？\n傷口が、どんどん再生している。	{SETH}\n...How can this be!?\nThe wounds keep healing over.
0x42672	0x254	ルード	我は、不滅。\n我は・・・完全。	{RUDE}\nI am undying.\nI am... perfect.
0x42672	0x288	ブラフォード	完全に蘇生した。\n・・・来るぞ！	{BLAFORD}\nFully healed already.\n...Here it comes!
0x42672	0x2d2	セス	このままでは、全滅する。\n地の水晶を使うしか・・・ないっ！	{SETH}\nAt this rate, we'll all die.\nOur only hope is the\n{EARTH CRYSTAL}!
0x42672	0x313	ライド	このままじゃ、ヤバイぜぇ。\n地の水晶を持ってるなら、ここで使っちまおう。	{RIDE}\nThis is looking bad.\nIf you've got the {EARTH CRYSTAL},\nlet's use it right here.
0x42672	0x35b	ルード	まだ、わからぬのか！？\n・・・我が再生能力は、無限。\n神は、滅びる事を知らぬのだ。	{RUDE}\nStill you don't see!?\n...My power to heal is endless.\nA god knows no destruction.
0x42672	0x3b4	ルード	無駄、無駄、無駄、無駄、無駄ぁ。\n全ては無駄だという事が、まだわからぬのかぁ！？	{RUDE}\nUseless, useless, useless,\nuseless, useless!\nDo you still not understand\nthat it is all in vain?
0x42672	0x40c	ルード	グワァァァァァッ！\nかっ、体が・・・くっ、崩れていく。	{RUDE}\nGWAAAAAH!\nMy... my body... it's...\ncrumbling away.
0x42672	0x464	シュタイナー	兆候は、１年前から出ていたんだ。	{STEINER}\nThe signs were there a\nyear ago.
0x42672	0x4c9	シュタイナー	魔神に侵されている兆候は、１年前からあった。\nルード様も認識しており、遅かれ早かれ支配される事はわかっていた。\nシュタイナー\nルード様は、魔神からアスタルト様を守るためにここに来た。\nそして俺は、そのルード様を守るためにここにいる。\nシュタイナー\n皮肉なモノだな。\n地の水晶も、魔神をアスタルト様より引き離すために、ルード様の命令で俺が奪ったんだ。\nシュタイナー\n・・・地の水晶。\n魔神に乗っ取られたとは言え、そのルード様に使われるとは。\nシュタイナー\nしかし、誤解するな。\nルード様は、負けたのではない。\n・・・こうなる事を、自ら望んだのだからなぁ。	{STEINER}\nThe signs of the {DEMON GOD}'s\ncorruption showed a year ago.\nLord {RUDE} knew it too, that\nsooner or later he'd be ruled.\p{STEINER}\nLord {RUDE} came here to shield\nLady {ASTARTE} from the {DEMON GOD}.\nAnd I am here to guard him.\p{STEINER}\nWhat irony.\nI seized the {EARTH CRYSTAL} on Lord\n{RUDE}'s orders, to draw\nthe demon from Lady {ASTARTE}.\p{STEINER}\nThe {EARTH CRYSTAL}.\nTo think it would be used on\nLord {RUDE} himself, demon-ruled\nthough he was.\p{STEINER}\nBut make no mistake.\nLord {RUDE} did not lose.\nHe chose this fate himself.
0x42672	0x632	ウォーリック	わかってる。\nルード様のためにも・・・魔神を倒すしかない。\n俺達なら・・・それが出来る。	{WARRICK}\nI know.\nFor Lord {RUDE}'s sake too...\nwe must slay the {DEMON GOD}.\nWe can do it... I know we can.
0x42672	0x6d1	ウォーリック	待ってくれ、シュタイナー。	{WARRICK}\nWait, {STEINER}.
0x42672	0x6f7	シュタイナー	甘いな、ウォーリック。\n今更、共に戦えとでも言うのか。\n俺には、俺のやり方がある。\n俺のやり方で、魔神にケリを付ける。\nシュタイナー\n・・・さらばだ、ウォーリック。	{STEINER}\nNaive, {WARRICK}.\nYou'd have us fight as one now?\nI have my own way.\nI'll end the {DEMON GOD} my way.\p{STEINER}\nFarewell, {WARRICK}.
0x42672	0x794	ウォーリック	待て、シュタイナー。\nみんな、シュタイナーを追うぞ。	{WARRICK}\nWait, {STEINER}.\nEveryone, after {STEINER}!
0x42b94	0x20	シュタイナー	うわぁぁぁぁぁぁっ！	
0x42b94	0x76	ウォーリック	これは・・・シュタイナーの３剣７！	
0x42b94	0xc9	シュタイナー	・・・聞こえるか、ウォーリック。\n・・・後は・・・お前達が・・・・・。	
0x42b94	0x179		黒竜の長剣を引き抜いた。	
0x42cc6	0x17	セス	・・・感じる。\nこのすぐ奥に・・・いるわ。\nセス\nみんな、守護騎士の装備は付けてる？普通の武器では、まったく相手にならないわよ。	...I can feel it.\nIt's right up ahead... it's there.\p{SETH}\nEveryone, are you wearing the\n{GUARDIAN}'s gear? Ordinary weapons\nwon't even scratch it.
0x42e43	0x8		［ドード］\nぐおおおおおおおっ。\nこっ・・・こざかしい、人間共がぁぁぁっ。	
0x42e43	0x45		［ウォーリック］\n逃すかっ！	
0x42e43	0x5f		［レイナ］\nだめよウォーリック。\nあれは瞬間移動の時に出る結界。\nあの結界を突き破って飛び込むなんて、自殺行為よ。	
0x42e43	0xb9		［ライド］\n・・・ここまで来て、見逃すかよっ。	
0x42e43	0xe2		［ライド］\nぬあぁぁぁぁぁぁぁぁぁぁっ。	
0x42e43	0x101		［ドード］\n・・・おっ・・・お前は・・・・・。	
0x42e43	0x134		［ライド］\n俺はお前に取り付かれ死んだ神官竜・・・バーダルの守護騎士・・・ライドだ。	
0x42e43	0x185		［ドード］\n・・・ゴフッ。\n・・・こっ・・・このままでは・・・。	
0x42e43	0x1ca		［ライド］\n・・・すまんな、ウォーリック。\n一緒に行けるのは・・・ここまでの様だ・・・。	
0x42e43	0x246		［レイナ］\nだめよ。\nもう、呪文は完成してるわ。	
0x42e43	0x29c		［魔神］\n・・・こしゃくな・・・竜の守護騎士。\n［魔神］\nあの時はメーフィスとアスタルトに不覚をとり、この世界を去ったけど・・・。	
0x42e43	0x312		［魔神］\n・・・今回はどうかしら。	
0x42e43	0x336		［魔神］\nアスタルトは完全に、我が体内に封じ・・・メーフィスは動けぬ。	
0x42e43	0x375		［魔神］\n蘇生中のメーフィスなど、我が敵ではない。\n［魔神］\n最大の敵は、神竜の加護を受けし貴方達、守護騎士。	
0x42e43	0x3da		［魔神］\n・・・貴方達に・・・神、自ら祝福を与えよう。	
0x430b9	0x2		嘉俺［アスタルト］\n・・・もうこの世界には未練はなかろう。\n私はお前に屈し、お前はあの守護騎士達に屈したのだ。	{ASTARTE}\nNo ties bind you to this world now.\nI fell to you, you to the\nguardian knights.
0x430b9	0x74		［アスタルト］\n共に帰ろう。\n後はメーフィスや神官竜・・・そして、あの守護騎士達に任せて。	{ASTARTE}\nLet us return.\nLeave the rest to {MEPHIS}, the\npriest dragon, and the knights.
0x43161	0x30		ベイグ王\nここの眺めはいつ見てもいい。	King Veig\nThis view never gets old.
0x43161	0x52		ウィンダム隊長\n・・・そうですな。	Captain Windom\n...Indeed it does not.
0x43161	0x72		ベイグ王\n・・・ウィンダム。\nこの夕焼けを見て何を考えていた？	King Veig\n...Windom.\nWhat were you pondering\nas you watched this sunset?
0x43161	0xad		ウィンダム隊長\n以前ここに立ち寄った、冒険者の事を思い出しておりました。\n・・・いい者達でした。	Captain Windom\nI was recalling the adventurers\nwho once passed through here.\n...They were good people.
0x43161	0x100		ベイグ王\n・・・そうか。\nワシも、お前に紹介したい者達がいる。\n強く、頼もしい者達だ。\nベイグ王\n砦の者達とも気が合うであろう。	King Veig\n...I see.\nI too have some I'd like\nyou to meet.\nStrong, dependable souls.\np King Veig\nThey'd get on well with\nthe folk of this fort.
0x43161	0x16c		ウィンダム隊長\nほぅ。\nそれは楽しみですなぁ。	Captain Windom\nOh ho.\nI look forward to it.
0x43161	0x1e4		聖騎士　ベルモント\n姫様、ここにおられましたか。\nカラトフの森の向った開拓民への支援物資の輸送、只今終りました。	Paladin Belmont\nMy lady, so here you were.\nThe supply transport to the\nsettlers beyond Caratov Forest\nis now complete.
0x43161	0x244	セシリア	御苦労様。\n貴方も今日は疲れたでしょう。\nもう休みなさい。	{CECILIA}\nWell done.\nYou must be weary today.\nGet some rest now.
0x43161	0x27a		聖騎士　ベルモント\nはっ。\nそれにしても夕日がキレイですなぁ。\nここ数ヶ月、夕日を見る暇なんてありませんでしたからね。	Paladin Belmont\nYes, my lady.\nStill, what a lovely sunset.\nI've had no time to watch one\nthese past few months.
0x43161	0x2cf	セシリア	ええ。\n心があらわれます。	{CECILIA}\nYes.\nIt washes the heart clean.
0x43161	0x2f0		聖騎士　ベルモント\n・・・姫様。\n姫様も早くお休み下さい。\nこの国は、まだ始まったばかりなのですから。	Paladin Belmont\n...My lady.\nYou should rest soon as well.\nThis kingdom has only\njust begun.
0x43161	0x33d	セシリア	・・・そうですね。	{CECILIA}\n...You're right.
0x43161	0x373	セシリア	・・・そうです。\n全ては、これから始まったばかり。	...That's right.\nIt all starts now.
0x43161	0x3c9	ダ　ン	ブージィィィッ。\nそろそろ暗くなってきたねぇ。	{DAN}\nBoooj.\nIt's starting to get dark out.
0x43161	0x3f6	ブージ	そうだな。\n今日はこの辺りにキャンプをしよう。	{BOOJ}\nYou're right.\nLet's make camp around here.
0x43161	0x41f	ダ　ン	じゃあ、薪を拾ってくるね。	{DAN}\nI'll go gather some firewood, then.
0x43161	0x464	ブージ	待て、ダ　ン。\n武器はちゃんと持っているな。\n森の魔物には十分気を付けるんだぞ。	{BOOJ}\nWait, {DAN}.\nYou've got your weapon, right?\nWatch out for forest monsters.
0x43161	0x4aa	ダ　ン	うん。\nわかってるって。\nダ　ン\nブージに戦い方教わってるんだ。\nもしデーモンが出て来ても、全然ヘッチャラさっ。	{DAN}\nYeah.\nI know, I know.\n{DAN}\n{BOOJ}'s been teaching me to fight.\nEven if a {DEMON} shows up, I'm\nnot scared one bit.
0x43161	0x538	ブージ	依頼は、アーク　デーモン。\n・・・長い狩りになりそうだ。	{BOOJ}\nThe job's an Arc {DEMON}.\n...This'll be a long hunt.
0x43161	0x5a2	パーシャ	もう日が落ちます。\nこの様な所にいては、お体にさわりますよ。	{PASHA}\nThe sun is setting.\nStaying out here will harm your\nhealth, my lord.
0x43161	0x5d9		グリーク王\n・・・ああっ。	{GREEK}\n...Aah.
0x43161	0x5f2	パーシャ	また、彼等の事を考えていたのですね。	{PASHA}\nThinking of them again, were you?
0x43161	0x617		グリーク王\n・・・そうだ。\nそれにしても、今日は風が軽い。	{GREEK}\n...Indeed.\nStill, the wind is gentle today.
0x43161	0x64a	パーシャ	・・・そうですね。\nこんなに大気が澄みわたっているなんて、珍しいですね。	{PASHA}\n...So it is.\nRare to see the air so clear\nas this.
0x43161	0x688		グリーク王\n世界は絶えず流れている。\n・・・この大陸も例外ではない。	{GREEK}\nThe world flows on without end.\n...This land is no exception.
0x43161	0x6c6	パーシャ	よい方に流れる事を祈りましょう。	{PASHA}\nLet us pray it flows toward good.
0x43161	0x6e9		グリーク王\n・・・そうだな。	{GREEK}\n...Indeed.
0x4365b	0x42	マージス	・・・わかるか、カル？\nあの馬鹿共が、ついにやったぞ。\nマージス\nしかし多くの神官竜が死んで、再び厳しい状況になったのは確かだ。\n所詮、勝ちのない戦いだったのか。\nマージス\n・・・何ぃ？\n最悪の状況は、避けられたではないかだと。そんな事を言っているのかぁ？\nお前は楽天的だな、カル。\nマージス\nまぁいい。\n今宵は２人で飲もう。\nもちろん、あの・・・守護騎士達の為にな。	...You see, Cal?\nThose fools have finally done it.\n\p{MARGIS}\nBut many priest dragons died, and\nthings are grim once more, no doubt.\nWas it a battle we could never win?\n\p{MARGIS}\n...What?\nThe worst was avoided, you say?\nIs that what you're telling me?\nYou're an optimist, Cal.\n\p{MARGIS}\nNo matter.\nTonight, let us drink, the two of us.\nFor those... guardian knights, of\ncourse.
