block_off	str_off	speaker	text
0x0	0x1f8		、、ほほ様でで
0x0	0x23e		ででイイ？？ザゴゴゴ
0x0	0x25e		ででイイ？？ザゴゴゴ
0x0	0x278		誓でで┬ででイイ！！ブブゴゴ
0x0	0x4fd9		スぢちザズや　レロワロロヮロヰヱヱヱヱッヂヂッツヅ地の法皇よ。ヅテテカーネル
0x0	0x5130		だだレイナすだワイバーンィョ？
0x0	0x5292		肪あ！セセー８９ぁ　　　　　　　　　　　　　　　　　　　　指輪だすィづなャはョぅい
0x0	0x5441		みエャャで？ぽぽ
0x0	0x55fd		なエャエで？ら
0x0	0x5605		るャャで？
0x0	0x56e0		だだしたせだしだだだそそししだしだしだナッツ？
0x0	0x59d9		ぱべァがべ松？
0x0	0x5a47		？おぃおが
0x0	0x5ac6		？おけえうぎ
0x0	0x5c11		？ろなびどぴりに
0x0	0x5c9c		？？ベビビビヒヒヒヒヒヒヒヒヒヒヒヒヒヒすすナッツみと´？ョ
0x0	0x5ccf		えこ７？
0x0	0x5d45		ぇざ７？ユくぎ？
0x0	0x5d56		せだせだだだすドビビヒビヒニニニヒヒヒヒヒヒヒヒヒヒナッツゎろなャャで？いれむア
0x0	0x5d80		ぽごむめ？
0x32ce	0x2cfe		フケーヅ⟨1b⟩ヒピじゲニフ⟨1b⟩ニミ！つぢカ
0x32ce	0x355d		ゐパヱぷフネケぷネヱワポパビクヒ！ンク
0x32ce	0x3b89		むネヌはむネヌばはばやばはばやみソは？みソは？みヌむやみヌむやみチ・ソみチ・ソぷ
0x32ce	0x3ce7		・マやむフモ！ゅ
0x32ce	0x4a1c		でわでででででゎででれでれでろでのぬはね、５
0x32ce	0x4a56		イゥゾてォゾヮトヌルブスフサさ。。
0x59c4	0x4c28		、ぽ、ぽ
0x7de8	0x551a		のかヮワワワワワ祁祁ワワワ　デデデ
0x7de8	0x5cfc		ア⟨17⟩⟨17⟩。デデデデデままで杷杷杷杷杷杷ぱそぷあへぞひ　　　　　　．デデデ
0x7de8	0x5f99		魔導の法たる我に力を与えたまえ。ドデデデデデデデデデデデデデデデデデツツ
0xa1d8	0x1a20		ヅ。ヅえナき！えき。きオえきえげ
0xa1d8	0x1ded		ヅ！。モモモパマモモパモママヒゑマゑヒゑゑゑノゑゑゑノよゑゑノ
0xa1d8	0x389c		パパヒヒきえき。パパヒパえききえパメパメ
0xa1d8	0x3943		！メモメモモマモマゑゑゑゑ
0xc2a9	0x5216		く１１１１１１１１１いぃ１１１！
0xc2a9	0x54a0		ぅ１０ぅ１！
0xc2a9	0x55b8		や！バッバ？１０ぅ１１１１０ぅ１う！バ
0xc2a9	0x59c8		、ザぞぞぞぞぞぞぬず
0xc2a9	0x5bc8		５ぃギ１ギぢギンギ！
0xc2a9	0x5d08		ぅ１いぃ１１１１１！
0xc2a9	0x5ed6		く０ぅ１！
0xc2a9	0x60aa		！。補がか
0xc2a9	0x6170		陪ごかおぎくれじ・！
0xc2a9	0x617e		陪ごかおぎくキね・！
0xc2a9	0x618b		Ｇきさかおぎくパじ・！
0xe88d	0x10ec		ょー！き
0xe88d	0x606f		’きごかおぎくキっ・！
0xe88d	0x6084		！いな・
0xe88d	0x6092		！いな・
0xe88d	0x60ae		！かゐ・
0xe88d	0x60bc		！かゐ・
0x1132c	0x4602		ばははぷ、みは
0x1132c	0x4d07		ので\nづ？\nで！ぶつ
0x1132c	0x4d44		ぷで！ぶ醸
0x1132c	0x61a1		でまでまでま
0x1132c	0x61bb		でまでまでま
0x1132c	0x61cb		でまでまでま
0x13bc8	0x1f8		、、ほほ様でで
0x13bc8	0x25e		ででイイ？？ザゴゴゴ
0x13bc8	0x27e		でるょょ？？ブピゴゴ
0x13bc8	0x29e		ででょょ？？ゴゴゴゴ
0x13bc8	0x31e1		してぞしてヮ
0x13bc8	0x3257		ダしてて
0x16c3e	0x33e		ででイイ？？ザゴゴゴ
0x16c3e	0x35e		ででイイ？？ザゴゴゴ
0x16c3e	0x3b8		誓でで┬ででイイ！！ブブゴゴ
0x16c3e	0x422		！！ユユ電まま
0x16c3e	0x3c6f		ョで？ゴョで？ゴヤ
0x16c3e	0x5468		。ヒンッッヰヤヤヨヨヤレヤヨレヰヤュッッュヰュャヱピボペわよょザュッッュレッッ⟨1f⟩執
0x16c3e	0x569d		始っっつ、
0x1c491	0x607c		！ーぐモき
0x1ec74	0x2be		ででイイ？？ザゴゴゴ
0x1ec74	0x2de		ででイイ？？ザゴゴゴ
0x1ec74	0x338		誓でで┬ででイイ！！ブブゴゴ
0x1ec74	0x378		、、ほほ様でで
0x1ec74	0x3b0		３３ズズ犯⟨14⟩⟨14⟩！！ぽぽ犯ぉぉはは
0x1ec74	0x1dac		クあメ、でゼゼダでゼゼダでゼはダゴゼゼダ
0x218ca	0x4967		ひじゃ。
0x218ca	0x5394		庫。ひ惜２ゃゃゃペホゃゃや２誓孫
0x218ca	0x5dc6		誓析９には帽
0x27149	0x130		３３ズズ犯⟨14⟩⟨14⟩！！ぽぽ犯ぉぉはは
0x27149	0x27e		ででイイ？？ザゴゴゴ
0x27149	0x29e		ででイイ？？ザゴゴゴ
0x27149	0x2f8		誓でで┬ででイイ！！ブブゴゴ
0x27149	0x358		、、ほほ様でで
0x27149	0x2285		クあォが仲間から外れた。ォクイクォ５クオオげオがクあククククオォ５ククォククォ５クげあクククォクあク
0x27149	0x60d8		！ーと⟨14⟩き
0x2a217	0x4ad8		ケヌヌ４ネケ３ネパパパケパパパヒぷヂのぷいいいぅままままででめめネヂ３ネヒヒケヒピゥでフハワゆハザをボ２ルムボ２ゐゑヲラワわヰヲででダでワリリワクサザフぺゥでぺブユフモルヮワワフゥやヘヲォム２ルムボ２テ３デ４ワボボテれデゥれテるるサテデデテるよゴンサももゆゃゥでゃンレレワ
0x2cfd2	0x60d1		！一はぶ
0x2f8d9	0x51b0		んんんんむグキケぼんんん、
0x2f8d9	0x5347		んんん、
0x2f8d9	0x546f		んんんんんみェやウほんんんんんんんんんんんん、
0x2f8d9	0x5493		んんんんん、
0x2f8d9	0x568a		んんんんん、
0x2f8d9	0x570c		んんんんん、
0x2f8d9	0x578e		んんんんん、
0x2f8d9	0x581f		んんんんん。
0x2f8d9	0x585c		んんんんんんん、翁ク
0x2f8d9	0x5989		んんんんん、
0x2f8d9	0x5a0c		んんんんん、
0x2f8d9	0x5b40		んんんんん、ー
0x2f8d9	0x5c52		んんんん、
0x2f8d9	0x5c60		んを、ー
0x2f8d9	0x5e2b		んんんんんんんんんみェやウほんんん、Η
0x2f8d9	0x5e43		んんんん！
0x2f8d9	0x5e5b		んんん、
0x2f8d9	0x5ea4		んんんんんんんんんんんんんんんんりゅよょらんんん、ー
0x2f8d9	0x6075		。″はぶび
0x2f8d9	0x6092		。すばぶ
0x2f8d9	0x60a0		。すばぶ
0x2f8d9	0x60f3		？藷ばぶ
0x322b8	0x10a6		は？でジ⟨18⟩\n戚⟨18⟩
0x322b8	0x1ac0		びびははびびにには４ガ鉾エォ乏
0x322b8	0x223d		ィ⟨1f⟩？ゑヤヮュゑヤヮ？
0x322b8	0x2260		と？ははフ？びび？びササ⟨1f⟩ッサはモモヤヮモモヤヮプア
0x322b8	0x2375		マ？ムょンダュょンサヲヮャャンヮャャンんヮヲ
0x322b8	0x2390		？⟨1f⟩ゆンフフゆン・ヲン
0x322b8	0x48e3	剣士	でででウォーリック　ズワナょミよワナぬポナねネネワニヌポマヮんャしァマじハハマしァヮャャじハマしハハャしじミマんァぎえぞたぇくぞたぎくしたぎくぞじ
0x322b8	0x5321		レイナレイナレイナ・品物を見せて。
0x322b8	0x5388		ほぜ⟨18⟩。
0x322b8	0x539c		？≧アレイナレイナレイナっはれ
0x322b8	0x5790		キつたたつお。
0x322b8	0x57d0		ガ見張りをオさ。
0x322b8	0x5b12		？！９ぁそゲ
0x322b8	0x5b93		９が\nか布。
0x5b6bd	0xd		そン！おン
0x5b6bd	0x22		・むン？おンーン・ねン・ぱン
0x5b6bd	0x5a	ゼロ船長	ここは、砂の城のちょうど真下にあたる。\n奥の扉から、砂の城に入城出来るはずだ。
0x5b6bd	0x9d	ウォーリック	ありがとう、ゼロ船長。
0x5b6bd	0xb0	ゼロ船長	旅の成功を祈る。
0x5b6bd	0xf8	ファーニス	この扉、鍵が掛かってるよ。\nマジックロックみたいだけど？
0x5b6bd	0x135	レイナ	パーシャ様から、ペンダントを預かっていたわよねぇ。\nこれを使うのかしら？
0x5b6bd	0x16d	ファーニス	扉にくぼみがあるよ。\nそこにはめるんじゃない？
0x5b6bd	0x1a1		パーシャのペンダントを扉にはめ込んだ。
0x5b6bd	0x1d3	レイナ	・・・扉の魔力が失せたわ。\n入れるみたい。
0x5b6bd	0x20f	ライド	・・・なぁ。\nここの城主って、バンパイアだって聞いた事あるぜ。\n本当に大丈夫なのか？
0x5b6bd	0x265	ウォーリック	バンパイアって、吸血鬼の事か？
0x5b6bd	0x28d	ライド	ああ。\n・・・それも、真祖だって言うぜ。
0x5b6bd	0x2c4	ウォーリック	真祖？\n何だ、それ。
0x5b6bd	0x2ed	レイナ	真祖って言うのは、自らの魔法により吸血鬼化した者の事を言うの。\n高い知識と魔力を持っていなければなれないわ。\nレイナ\nもし敵に回したら、私達なんか１発でアウトよ。
0x5b6bd	0x377		、ンウォーリック\nそんなにヤバイ相手なのか。\nなんか、帰りたくなってきたな。
0x5b6bd	0x3ab	レイナ	大丈夫よ。\n私達、戦いに来たんじゃないんだし。さぁ、行きましょう。
0x5b6bd	0x441	ファーニス	ああっ！\n見て、見てぇ。\n天井に、いっぱい書いてあるよ。
0x5b6bd	0x47c	レイナ	・・・私には、何にも見えないわよ、ファーニス。\n上に、何かあるの？
0x5b6bd	0x4b1	ファーニス	うんっ。\n天井一面に、絵が書いてあるじゃん。
0x5b6bd	0x4de	レイナ	・・・魔より生まれり光の子等よ。\n我が杖に宿りて闇を照らせ。\nラ　イ　ト。
0x5b6bd	0x539	レイナ	早く行きましょう。\nカル伯爵が、待ってるわ。
0x5b6bd	0x569	レイナ	どこ行くの、ウォーリック？\nそっちは出口だって、ナッツさんが言ってたわよ。
0x5b6bd	0x5a7	ファーニス	でもさぁ。\nナッツちゃんが、女の子なんてビックリだね。
0x5b6bd	0x5da	ライド	あの毛むくじゃらが、こんな可愛いく変身するなんてなぁ。\n街で見たら、思わずナンパしちゃいそうだぜ。
0x5b6bd	0x631	ナッツ	ありがとう。\nライドさんって、口がうまいのね。
0x5b6bd	0x65b	レイナ	そうそう。\nカル伯爵が言っていた『使い』って、何？
0x5b6bd	0x686	ナッツ	・・・たいした用件ではありません。私、よく伯爵様の使いで城とかに行って、世界の状況や国政なんかについて聞いて来るんです。
0x5b6bd	0x6ef	ライド	執事ってのも、大変なんだなぁ。
0x5b6bd	0x70c	ナッツ	そんな事ないですよ。\n使いのついでに、街によって買物したりするのが好きなんです。\n買物って、ワクワクしますよねぇ。
0x5bc34	0x1a	ファーニス	んんっ！？\n奥の方から、誰か来るよ。
0x5bc34	0x66	ファーニス	げげっ！\nワータイガーだよ、ウォーリック。
0x5bc34	0x8f		ワータイガー\nお待ちしておりました。\n私は、執事のナッツと申します。\n皆様方が来られる事は、パーシャ様から聞いておりました。
0x5bc34	0xe4	ファーニス	スーツ着てる。\nなんか、礼儀正しいワータイガーだね。・・・でも、ちょっと恐いよ。
0x5bc34	0x139	ナッツ	城中には護衛の魔物が放してありますので、気を付けて下さい。\nさぁ、伯爵様がお待ちです。\n案内いたしますので、こちらにどうぞ。
0x5bc34	0x1bb	ファーニス	ワータイガーが執事とは・・・。\nやっぱり伯爵って吸血鬼だね。\n行くの、ウォーリック？
0x5bc34	0x211	ウォーリック	・・・行くしかないだろう。\n大丈夫だよ、ファーニス。\n何とかなるって。
0x5bc34	0x24f		ゆンー　ンナッツ\n左の回廊は、外に通じております。\n間違えぬ様、お願いします。
0x5bc34	0x294		ウォーリックはい。
0x5bc34	0x2cb	ナッツ	警備の魔物達は、適当にあしらって下さい。さあ、こちらです。
0x5bc34	0x31f	ライド	『あしらって』って、言われてもなぁ。
0x5bc34	0x344		つン⟨1b⟩３だンー　ンナッツ\n伯爵様は、貴方達の訪問を楽しみにしておられます。
0x5bc34	0x3a8	ファーニス	あのワータイガーさん、強いのかな？
0x5bc34	0x3cf	ライド	・・・ああ。\nあのゴッツイ体から見て、かなりの腕前だろう。
0x5bc34	0x405		づン⟨1b⟩じフンー　ンナッツ\n・・・何ですか、ファーニスさん。\n私の顔に何か付いてますか？
0x5bc34	0x446	ファーニス	ワータイガーって、攻撃的な魔物だと思っていたけど、全然違うんだね。
0x5bc34	0x47f	ナッツ	私を他のワータイガーと一緒にしないでいただきたい。\n私はワータイガーの中でも、最上級種にあたります。\nナッツ\n・・・さぁ、先を急ぎます。
0x5bc34	0x515		てン⟨1b⟩ヅぱンー　ンナッツ\n伯爵様のお部屋は、この先です。\nさぁ、どうぞ。
0x5bc34	0x550	ウォーリック	待ってくれ、ナッツさん。\nカル伯爵って、どんな人なんだ？
0x5bc34	0x578		？ンナッツ\n伯爵様は・・・立派な方です。
0x5c02d	0x42	カル伯爵	・・・待っていたぞ。\n来る事は、パーシャから聞いていた。
0x5c02d	0x7b	レイナ	パーシャ様とは、お知合いなのですか？
0x5c02d	0x99	カル伯爵	パーシャは週に１〜２回、城に魔法の勉強をしに来る、いわば私の生徒だ。今では城の書斎の魔導書を見て、自分で研究している。\nカル伯爵\n先日、パーシャがお前達の事を知らせに来た。\nさぁ、聞きたい事があるのであろう。
0x5c02d	0x14b	レイナ	何を聞こうかしら。
0x5c02d	0x162		・ン・黄金のナイフの事。\n・パディッシュの事。\n・守護騎士の事。
0x5c02d	0x193	レイナ	このナイフを御存知でしょうか？
0x5c02d	0x1b8	カル伯爵	・・・知っている。\nこれは、神器だ。
0x5c02d	0x1fd	カル伯爵	このナイフは生命活動をしている。\n・・・つまり、生きて思考していると言う事だ。
0x5c02d	0x24a	レイナ	・・・生きている！？
0x5c02d	0x267	カル伯爵	偉大な者の生命が封じられている。\n・・・それ以上は、説明出来んなぁ。
0x5c02d	0x2c9	ウォーリック	パディッシュと言う名の者を御存知でしょうか？
0x5c02d	0x2f5	カル伯爵	パディッシュ様は、神官竜だ。
0x5c02d	0x30e	ウォーリック	神官竜！？\nパディッシュって、神官竜の事だったのか。
0x5c02d	0x338	カル伯爵	パディッシュ様、と呼んだ方がいいな。神官竜は偉大な存在だ。\n我等の世界を守っている。
0x5c02d	0x37a		、ンウォーリック\n・・・守っている？
0x5c02d	0x398		。ンカル伯爵\n・・・うむ。\n神官竜について、少し話さなければならないな。
0x5c02d	0x3e0	カル伯爵	私の知るのは、これまでだ。
0x5c02d	0x405	カル伯爵	神官竜達のおかげで、北の精霊達は既に統制を取り戻した。\nそんな地が、次々を出るであろう矢先にこの事件とは・・・。
0x5c02d	0x476	ファーニス	守護騎士って何なの？\nみんな、変な３鎧７を着てるし、全然わかんないよ。
0x5c02d	0x4b1	カル伯爵	・・・その前に、パディッシュ様について話さなければならないな。
0x5c02d	0x4e8	カル伯爵	全てを知りたければ、神官竜に直接、聞いた方がいい。\nこの城から一番近い位置におられる神官竜は、フォーゲル様だ。\nカル伯爵\nフォーゲル様は、ライランド城の地下宮殿におられる。
0x5c02d	0x55d	ファーニス	ライランドの地下？\n何で、そんな所にいるの。
0x5c02d	0x583	カル伯爵	元々、ライランドはフォーゲルを祭った民により出来た国。\nしかし、今、その事を覚えている者は、王族や近衛など一部の者しかいない。
0x5c02d	0x5e8	ウォーリック	ありがとうございます、伯爵。\nパディッシュ様の事がわかっただけでも、大収穫です。\nすぐにでもライランドに向かいます。
0x5c02d	0x630	カル伯爵	・・・待ちなさい。\nこの先、魔物との戦いが激しくなりそうだ。\nお前達に護衛を付けよう。
0x5c02d	0x67c	ウォーリック	護衛？\n俺達には・・・。
0x5c02d	0x6a2	カル伯爵	ちょっと、使いがあるのでな。\n・・・・・ナッツ、急いで旅の支度をして来なさい。\nもちろん、その姿ではいかんぞ。
0x5c02d	0x6fd		・ぱンー　ンナッツ\nはい、伯爵様。
0x5c569	0x13	ナッツ	用意が出来ました、伯爵様。\nこんな衣装で、よろしいでしょうか？
0x5c569	0x53	カル伯爵	・・・まぁ・・・いいだろう。\nでは頼んだぞ、ナッツ。
0x5c569	0x8a	ナッツ	はい、伯爵様。
0x5c569	0xd0	ナッツ	よろしくね、皆さん。\nこれからはナッツと呼んで下さい。
0x5c569	0x10e		ナッツが仲間に加わった。
0x5c569	0x12a	カル伯爵	みんな、頑張るんだぞ。
0x5c569	0x14b		、⟨18⟩ン・めン・ゆン
0x5c569	0x15c	カル伯爵	フォーゲル様に会えば、きっと全てがわかるであろう。\n気を付けて行きなさい。
0x5c569	0x197	カル伯爵	旅は、どうなっている。\nうまくいっているのか？
0x5c569	0x1c5	カル伯爵	・・・いましがた、ブラフォードが来ていたぞ。\nお前達が来たかどうか聞くと、また、どこかに行ってしまった。
0x5c569	0x216	ファーニス	お兄ちゃん、何か言ってました？
0x5c569	0x22e	カル伯爵	いいや。\n聞くだけ聞いて、あっと言う間に行ってしまった。
0x5c569	0x267	カル伯爵	マージスとは、お互い人間だった頃からの付き合いだ。\nあれでなかなか、お茶目な奴だっだろう。
0x5c569	0x2ae	カル伯爵	ドワーフ族は、マージスの事を誤解している様だ。\n・・・まぁ、あの風貌では仕方がないがな。
0x5c569	0x301	カル伯爵	セスか。\n久しぶりだな。\nその後、何か情報はつかめたのか？
0x5c569	0x33d	セス	いいえ。\n・・・まだ、何も。
0x5c569	0x361	カル伯爵	焦ってはいけない。\n慎重に行動し、ブラフォードの連絡を待つのだ。
0x5c569	0x39a	カル伯爵	旅の話は、ナッツから聞いたぞ。\n皆、頑張っている様だな。
0x5c569	0x3d5	ファーニス	ナッツちゃん、久しぶりぃ。\n元気だった？
0x5c569	0x403	ナッツ	ええ、もちろん。\nあれから、私・・・出来るだけ人間の姿でいる様にしているのよ。
0x5c569	0x451	ライド	うんうん。\nその姿が、１番いい。
0x5c569	0x47b	ナッツ	久しぶり、ウォーリック。\n・・・みんな、元気だった？
0x5c569	0x4b5	ウォーリック	ああ。\n皆、死なずに元気でいるよ。\nナッツも、何か忙しそうだなぁ。
0x5c569	0x4ec	ナッツ	ええ。\n居ない間に、けっこう仕事が溜っちゃってね。\n・・・でも、何とかやってるわ。
0x5c569	0x536	ウォーリック	頑張れよ、ナッツ。
0x5c569	0x572	ライド	おおっ！？\nそこにいるのは、マージスの親父さんじゃないか。
0x5c569	0x5a7	マージス	・・・お前達か。\n以外と早かったな。\nマージス\nカル。\n話の続きは、また後にしよう。\n私は、下がっていた方が良さそうだからな。
0x5c569	0x645	マージス	・・・おい。\n威勢のいいの。\nその大剣に恥じぬ様、頑張るんだぞ。
0x5c569	0x690	ライド	ああ。\nわかってらい。
0x5c569	0x6d5	カル伯爵	よく来たな、ウォーリックよ。\nお前が金竜の守護騎士なったと聞いて、心待ちにしていたぞ。
0x5c569	0x717	ウォーリック	カル伯爵。\nブラフォードが、クーレイアに向かったと聞きました。\nどうなっているのでしょう？
0x5ca5b	0x18	レイナ	どうしたのです、パーシャ様？
0x5ca5b	0x39	パーシャ	・・・ちょっと、気になる事があったの。\n強い霊体が、この近くを通過したのを感じたのよ。
0x5ca5b	0x83	レイナ	霊体？\nレイスか何かですか。
0x5ca5b	0xad	パーシャ	レイスなんかより、もっと強力なモノだったわ。\n今はまったく感じないけど、確かにこの街か城内に侵入したはずよ。
0x5ca5b	0x102	レイナ	・・・城内に？\n危険ですね。
0x5ca5b	0x12c	パーシャ	今は完全に気配を消しているから、発見は不可能ね。\nこの事は伏せておいて。\nさぁ、宴に行きましょう。
0x5ca5b	0x1c9	レイナ	・・・うぅぅぅぅぅぅん。
0x5ca5b	0x1ee	ウォーリック	どうした、レイナ。\n何かいたか？
0x5ca5b	0x20f	レイナ	・・・ううん。\n魔法探知で、街中と城に感覚を張り巡らしたけど、何にも感じなかったわ。
0x5ca5b	0x265	ファーニス	風の精霊も、何も知らないってさ。
0x5ca5b	0x28c	ライド	宴会まで、まだ時間がありそうだ。\n部屋に戻って、一休みしようぜ。
0x5ca5b	0x2cc	ウォーリック	ああ、ちょっと城内を調べてからな。
0x5ca5b	0x2f6		水の剣\n武器の事なら、\n⟨14⟩⟨14⟩このラーシェルにおまかせ。
0x5ca5b	0x33e		魔導品店\n⟨14⟩⟨14⟩ウォーターシャドウ\nミスリル製魔導具、武器、防具、各種取り揃えております。
0x5ca5b	0x3c6		猿人殺法\n⟨14⟩⟨14⟩究極を極めた料理の数々。\n宿泊施設完備。
0x5ca5b	0x3f6		べ、ン騎兵　カスター\nお久しぶりです、ウォーリック殿！\nセルーシュ戦を参加した者なら、貴方達の事は知ってますよ。
0x5ca5b	0x43b		騎兵　カスター\nまた、旅に出るんですね。\n頑張ってください。
0x5ca5b	0x464		騎兵　アドルフ\nライランドにようこそ。\n今日はいい天気ですなぁ。\nこんな日は、街中の警備が１番ですな。
0x5ca5b	0x4ad		騎兵　アドルフ\nああっ、ファーニスさん。\nお会い出来て光栄です。
0x5ca5b	0x4f0		騎兵　アドルフ\nセルーシュ戦に行った騎兵の中で、ファーニスさんは人気者だったんですよ。
0x5ca5b	0x525		べ⟨1b⟩ン騎兵　アンドレ\nレイナさんですね。\nお噂は、パーシャ様から聞いております。謁見室は、城内入ってすぐ正面の階段を上がった所ですよ。
0x5ca5b	0x57f		騎兵　アンドレ\nまた旅に行くのですね。\n・・・・・さみしくなります。
0x5ca5b	0x5ae		！ン騎兵　オスカル\n今日は、ポカポカ良い天気。
0x5ca5b	0x5d1		騎兵　オスカル\n今日みたいな日に、暑い室内で練習なんて嫌だろうなぁ。\n門の当番で良かった。
0x5ca5b	0x617		マキシム\n街中の警備が１番楽でいいや。\nでも、仕事はしっかりやってるぜ。
0x5ca5b	0x648		マキシム\n重装騎兵団は子供達の人気の的だからな。恥じない行動を取らなくては。
0x5ca5b	0x67d		フィウ\n私、子供達の面倒をみてるの。\nみんな元気に育ってほしいわ。
0x5ca5b	0x6ac		フィウ\n重装騎兵さん達のおかげで、子供達ものびのび遊べるわ。
0x5ca5b	0x6d3		チョム\n今、かくれんぼの最中なんだよ。\n見つかっちゃうから、あっち行ってよお兄ちゃん。
0x5ca5b	0x707		チョム\n重装騎兵団は強いんだぞ。\n俺も大きくなったら、重装騎兵団に入るんだっ。
0x5ca5b	0x736		ナーム\nお兄ちゃん。\nチョムや、フィフィカ見なかった？
0x5ca5b	0x75c		ナーム\n今、かくれんぼで鬼になっちゃったんだ。すぐに、見つけてやるぞ。
0x5ca5b	0x78a		フィフィカ\nわたち、重装騎兵のお嫁さんになってあげるんだよ。\nいいでしょう。
0x5ca5b	0x7b6		フィフィカ\n今、かくれんぼの最中だから、また後でねぇ。
0x5d066	0xe		ラーシェル\nいらっしゃいませ。
0x5d066	0x23		・ぴンー\nン何を、お求めでしょう？
0x5d066	0x40	・品物を見せて。	・話をしよう。\n・持物を売ります。\n・お店を出よう。
0x5d066	0x73	レイナ	買物は、また後にするわ。
0x5d066	0x96	レイナ	ああっ！\nお金が、足りない。
0x5d066	0xbb		ラーシェル\nあらっ！\nナッツさん、いらっしゃい。\n今日も、カル伯爵のお使い？\nそうそう、すっごくいいハルバートが入荷したのよ。\nどお、買って行かない？
0x5d066	0x11c		ラーシェル\nどんどん買て行ってね。\nこの店の武器は、タリアトフ大陸じゃ最高よ。\n南の森に探検に行きたいのなら、ここでしっかり装備を整えなきゃね。
0x5d066	0x17c		ラーシェル\nこのお店では、６割で引取らせていただいています。
0x5d066	0x1ba	レイナ	今回はやめておくわ。
0x5d066	0x1d2		ラーシェル\nありがとうございました。
0x5d066	0x1e5		ラーシェル\nこれは、両手持ちの武器よ。\n長い柄の先に、３槍７と、３斧７と、ピックを組み合せた武器で、ポールウエポンの中では最も完成された物といえるの。凄い破壊力を持っていて、重装騎兵で使っている人も多いわよ。
0x5d066	0x287	レイナ	凄い迫力ね。\nこんなに大きな武器、初めて見たわ。
0x5d066	0x2bf	ファーニス	こんな武器、振り回せたら気持ちいいだろうなぁ。
0x5d066	0x2eb		ラーシェル\nグレートアックスって言うと、響きが凄いけど、これはバトルアックスの強化版って感じね。\nこれは元々、重装騎兵用に造られた物で、普通のアックスより刃も大きくて重くなってるの。
0x5d066	0x376	レイナ	この国は、重そうな武器が多いわね。さすが、重装騎兵の本場だわ。
0x5d066	0x3b2	ファーニス	凄い、凄い、凄いじゃん。
0x5d066	0x3d0		。ン\nラーシェル\nこれは、３メートルもある３槍７で、主に密集方陣で使われるの。\n密集方陣って言うのは、大盾と長槍で武装した重装騎兵達が、固まって攻撃を仕掛ける戦法よ。\n演習を見たけど、凄い迫力だったわぁ。
0x5d066	0x47f	レイナ	密集方陣の攻撃威力は、兵法の本で読んだ事があるわ。\n私も１度、見てみたいなぁ。
0x5d066	0x4d2	レイナ	重装騎兵団の密集方陣かぁ。\n槍山と装甲の塊ね。
0x5d066	0x50b	ファーニス	重装騎兵団の人達って、凄いんだね。サインでも貰おうかなぁ。
0x5d066	0x53e		ラーシェル\n柄の先に、鳥のクチバシみたいな固い刃を付けた、突き刺すための武器よ。そうね・・・鉱夫が使うツルハシを戦闘用にした物ね。\nこれなら固いプレートメイルだって、簡単に貫通出来ちゃうわ。
0x5d066	0x5e8	レイナ	カッコ良くないし、いまいち冴えない武器ねぇ。
0x5d066	0x618	ファーニス	ピック　ピック、チャップ　チャップ、ラン　ラン、ラァァァァァン。\n・・・・・ごめん、みんな。
0x5d066	0x670		ラーシェル\nシミターは、又の名を新月刀と言って、刀身が三日月みたいな形をしているのが特徴で、切り裂く能力が高くて、少ない力で扱えるのが利点です。\nただ、固い３鎧７を着てる者や甲殻類には、威力は期待出来ません。
0x5d066	0x721	レイナ	山賊とか、海賊ってイメージがあるのは私だけかしら？
0x5d066	0x75b	ファーニス	面白い形だね。
0x5d5ba	0xe		ハーガン\nいらっしゃい。\n３鎧７の事ならまかせな。
0x5d5ba	0x2f		・ぴンー\nンまず、何がいい？
0x5d5ba	0x48	・品物を見せて。	・話をしよう。\n・持物を売ります。\n・お店を出よう。
0x5d5ba	0x7b	レイナ	買物は、もういいわ。
0x5d5ba	0x9b	レイナ	ちょっと、財布がさみしいくなったわ。節約、節約っと。
0x5d5ba	0xd3		ハーガン\nここの防具は、タリアトフ１だぜ。\nまあ、ドワーフの造った物と比べられちゃあ、どうしょうもないがなぁ。\nたまに、ドワーフの職人が３鎧７を売りにくるが、どれを取っても、凄い出来だぜ。
0x5d5ba	0x154		ハーガン\n以前はよく、ドワーフの職人が３鎧７や武器を売りに来てたんだが、この頃、来なくなっちまったなぁ。\nドワーフの造る３鎧７は強度があるし、軽くてキレイで、人気があるんだよ。いったい、どうしちまったんだろ？
0x5d5ba	0x1de		ハーガン\nこのお店では、４割で引取るよ。
0x5d5ba	0x212	レイナ	まだ、売らない。
0x5d5ba	0x227		ハーガン\n毎度、ありがとよ。\nまた、いつでも来いや。
0x5d5ba	0x252		ハーガン\nタワーシールドは、長方形をした大型の３盾７で、カイトシールドよりデカくて、身体を屈めればスッポリ３盾７の影に隠れる事が出来るんだ。\nまあ、デカすぎて馬上向きと言うより歩兵向きだなこりゃ。
0x5d5ba	0x2f1	レイナ	大きな３盾７ね。\nタワーって、どんな意味かしら？
0x5d5ba	0x327	レイナ	ウォーリックの持っている３盾７って、これと同じ物でしょ。
0x5d5ba	0x357	ファーニス	私だったら、２人ぐらい入れるよ。
0x5d5ba	0x379		ハーガン\nこれは、重装騎兵用の３盾７を中古で買い取って、修理して売ってるんだ。\n中古と言っても効果抜群だぜ。\nタワーシールドより防御力は高いが、なんせ重い。\n重装騎兵達の体力って凄いよなぁ。
0x5d5ba	0x410	レイナ	凄い装甲！\n私じゃ、持ち上がらないわ。
0x5d5ba	0x441	ファーニス	重装騎兵の人達、よくこんなの持てるねぇ。
0x5d5ba	0x465		ハーガン\nこれは、大きめの金属製リングを、鎖状に編み合わせて造った３鎧７だ。\n魔法の鎧は別として、下に着れる３鎧７の中じゃあ最高の品だぜ。\nプレートメイルとコンビで着れば、最高の防御力になるはずだぜ。
0x5d5ba	0x506	レイナ	これは、買いましょうよ。\n３鎧７の下に着れるし、いいんじゃない。
0x5d5ba	0x540	ファーニス	チェインメイルかぁ。\n知恵の輪が欲しくなっちゃった。
0x5d5ba	0x576		ハーガン\nまあ、プレートメイルって言えば、大きな防具屋なら必ず置いてある、板金技術の結晶だな。\n関節加工技術がいいから運動性も高いし、中にチェインメイルを着込めば、致命傷は受けないな。
0x5d5ba	0x613	レイナ	プレートメイルって、いつ見てもキレイね。
0x5d5ba	0x641	ファーニス	カッコいいねぇ。\n私もこんな３鎧７、着てみたいなぁ。
0x5d5ba	0x66d		ハーガン\n超大型の肩当てが特徴のこの３鎧７！\nこれは、重装騎兵の３鎧７の払い下げだ。青い塗装を剥して、ちょっとした装飾を付けてある。\nプレートメイル以上の防御力だが、やっぱり重いんだよコイツが・・・。
0x5d5ba	0x70c	レイナ	もう、装甲の塊ね。
0x5d5ba	0x72e	ファーニス	凄い装甲。\nほとんど、人間の姿じゃないよ。
0x5dac4	0xe		ロベルト\nいらしゃいませ。
0x5dac4	0x25		・ぴンー\nンいかがいたします？
0x5dac4	0x3f	・品物を見せて。	・話をしよう。\n・持物を売ります。\n・瞬間移動したい。\n・お店を出よう。
0x5dac4	0x79	レイナ	買物は、また後にするわ。
0x5dac4	0x9c	レイナ	持ち合わせがないわ。
0x5dac4	0xb8		ロベルト\n魔導製品なら、おまかせ下さい。\n魔法の剣から、３鎧７まで、各種取り揃えております。
0x5dac4	0x104		ロベルト\n修行が足りなくてすいません。
0x5dac4	0x126		ロベルト\n当店では、４割で引取っています。
0x5dac4	0x15c	レイナ	やっぱり、もうちょっと使ってからにする。
0x5dac4	0x180		ロベルト\n私は、まだ修行が足りないので、テレポートの呪文は出来ません。\nごめんなさい。
0x5dac4	0x1be		ロベルト\nありがとうございました。
0x5dac4	0x1ce		ロベルト\n杖の先に付いた紅玉の中に、魔法の炎が宿っています。\nこの炎が、所有者の魔力を増幅してくれる事でしょう。\n値段も手ごろですし、買い換えを考えてはいかがですか？
0x5dac4	0x26b	レイナ	炎の魔法が使えるわけじゃないんだ。
0x5dac4	0x29a	ファーニス	燃える炎の杖だね。
0x5dac4	0x2bd		ロベルト\nこれは、魔法のバスタードソードです。バスタードソードは、剣士達に最も人気のある３剣７ですね。\nそれをミスリル銀を使い、呪紋処理したこの３剣７は最高の逸品ですよ。\nいかがです？
0x5dac4	0x353	レイナ	凄い魔力を感じるわ。
0x5dac4	0x37b	ファーニス	キラキラ光ってキレイだね。
0x5dac4	0x398		ロベルト\nこれは、魔法のグレートソードです。グレートソードは他の３剣７に比べ、かなり刀身に負担が掛かります。\nしかし、この魔法の剣なら安心です。刃こぼれもしないし、斬れ味も抜群です。
0x5dac4	0x431	レイナ	凄い迫力ね。\n魔法の剣って、いいわぁ。
0x5dac4	0x466	ファーニス	ライドは、３剣７の手入れが趣味です。
0x5dac4	0x488		ロベルト\nこれはミスリル製のヒーターシールドで、普通の物より重さは３分の１と大変軽くなっており、強度も上がっています。\n体力のない戦士には、もってこいの品だと思います。
0x5dac4	0x512	ファーニス	カッコいいぃぃぃ。\n装飾が、凄くキレイねぇ。
0x5dac4	0x53c		ロベルト\nこれは、魔法の掛かったブレストアーマーです。\nこれも他の魔導製品と同じく、硬度強化と軽量化された物で、装着感が良く、女性の方もよくお求めになります。\nもちろん男性にもピッタリですよ。
0x5dac4	0x5da	レイナ	ここまで来たら、後は自己修復能力付きかしら？
0x5dac4	0x608		ロベルト\nこれは、ローブの一種で、布を織る際に特殊な技法を用いて、魔力を一緒に織り込んでいます。\n着用者の魔力集中によって生地自体に硬化作用が働き、最高時には金属と同等の防御力になります。
0x5dac4	0x6ad	ファーニス	名前がいいよね。\nなんか、そそるモノがあるよ。
0x5dac4	0x6d7		ロベルト\nこの指輪に付いている紅玉が、大気中の魔力を吸収増幅して、使用者の生命力を引出します。\n指輪の素材自体いい品を使っていますから、寿命も長いし使用者への負担も有りません。
0x5dac4	0x775	ファーニス	カワイイね、この指輪。\n欲っしいなぁぁぁ。
0x5dff6	0xe		ミリカ\nいらっしゃいませ。\n何でも揃う、ミリカの道具屋でぇぇす。
0x5dff6	0x3a		・ぴンー\nン何を、お求めでしょう？
0x5dff6	0x57	・品物を見せて。	・話をしよう。\n・持物を売ります。\n・お店を出よう。
0x5dff6	0x8a	レイナ	欲しい物は、だいたい揃ったわ。\n買物は、また後にします。
0x5dff6	0xc2	レイナ	うぅぅぅん！\nお金が足りないわ。\n今週はちょっと、切り詰めるなくちゃ。
0x5dff6	0x101		ミリカ\n南の森には、ドワーフの国があるの。もう、ここから先は人間の領域じゃないから、行くのなら気を付けなきゃね。そう言えば、よくこの街に来ていたドワーフの職人さん達、この頃、見かけないわねぇ。
0x5dff6	0x186		ミリカ\nこの前、南の方で煙が上がっていたけど、火事かしら？\n私も火の元には注意しなくちゃ。\nでも、この国にいるかぎり安心よ。\n水路設備が整っているし、重装騎兵さん達が見守ってくれるんですもの。
0x5dff6	0x213		ミリカ\nこのお店では、５割で引取らせていただいています。
0x5dff6	0x24f	レイナ	また、今度の機会にするわ。
0x5dff6	0x26c		ミリカ\nありがとうございました。\nまた、買いに来て下さいねぇ。\nお待ちしておりまぁぁぁす。
0x5dff6	0x2a2		ミリカ\nこの薬草袋の内容は、標準的な物で、別に特殊ブレンドじゃないけど、効き目は保証付きよ。\nそれに他の店の物より多めに入っていて、お値段が同じだから、とってもお得でしょ。
0x5dff6	0x32d	レイナ	主婦は、お得な物に目がないのよねぇ。
0x5dff6	0x35a	ファーニス	美味しい薬草が欲しいなぁ。
0x5dff6	0x379		ミリカ\nこのポーションは、ちょっと出来が違うわよ。\nライランドは水に恵まれた国でしょう。その中でも選りすぐりの水を使ったから、口当りもいいし、美味しいの。\n美味しいポーションなんて最高でしょ。
0x5dff6	0x409	レイナ	美味しいポーションってのも、問題がある様な・・・・・。
0x5dff6	0x43d	ファーニス	ゴクゴク飲んじゃいそう。
0x5dff6	0x459		ミリカ\nこの辺には、あんまり生えてないのよ、このキノコ。\nでもこれって、あんまり使い道がないと思わない？\nだって速すぎて、魔物の真っ只中に突っ込む可能性があるんですもの。
0x5dff6	0x4dd	レイナ	確かにあるわ。
0x5dff6	0x4fb	ファーニス	料理して食べてみたいなぁ、このキノコ。
0x5dff6	0x524		ミリカ\nこれは、クロスボウと山羊脚レバーをセットにした物です。\n言っておくけど山羊脚レバーって、食べ物じゃなくて、弦を引く装置の事よ。これで固いクロスボウでも連射が出来きて、実戦的になったでしょ。
0x5dff6	0x5c9	レイナ	クロスボウを連射なんて、凄いわね。
0x5dff6	0x5fd	ファーニス	山羊脚って、ネーミングがカワイイねぇ。\n欲しいっ、欲しいっ、欲しいなぁぁぁっ。
0x5dff6	0x646	ファーニス	私、持ってるよ。\nカッコいいでしょう。
0x5dff6	0x66c		ミリカ\nこのブーツは、別に装甲が付いているわけじゃなくて、重い装甲を付けても自由に動ける様に仕掛がしてあるの。中に特殊ギプスが入っていて、丈夫で、履きやすいのが特徴よ。\n元々、重装騎兵用なのよねぇ。
0x5dff6	0x707	レイナ	素材も良さそうね。
0x5dff6	0x729	ファーニス	私に合うサイズあるかしら？
0x5e51c	0xe		エッチョン\n猿人殺法へ、ようこそね。\nごゆっくりあるね。
0x5e51c	0x3c		・ぴンー\nンどうするあるか？
0x5e51c	0x57		・宿泊します。\n・食事をとろう。\n・話をしよう。\n・テミスを換金します。\n・お店を出よう。
0x5e51c	0x89	レイナ	お金が足りないわ。
0x5e51c	0xa1		エッチョン\nお泊りあるね。\n一泊　３００ダインなるよ。
0x5e51c	0xcc		・泊まる。\n・やめておく。
0x5e51c	0xe7	レイナ	今日は、まだ明るいし\nそんなに疲れてないわ。
0x5e51c	0x14a	ウォーリック	レイナ・・・・・ちぇっ、寝ちゃったのか。
0x5e51c	0x192		Ｆっは　ダ　メ　ヨ。
0x5e51c	0x1ad	ファーニス	・・・・・お兄ちゃん・・・ムニャ、ムニャ。
0x5e51c	0x1d4		エッチョン\n食事するか？\nえっと・・・人数分、ちょうど１００ダインなるあるよ。
0x5e51c	0x214		・食事にする。\n・やめておく。
0x5e51c	0x231	レイナ	まだ、昼時じゃないわよ。
0x5e51c	0x292		エッチョン\n今日の料理は、コカトリスの眼球唐揚げ入り、特製激熱チャーハンあるね。サービスするから、いっぱい食べるよろし。
0x5e51c	0x2fd	ファーニス	・・・・・ねえ。\nこれ、凄い色してるけど、本当に食べ物なの？\n勇気を出して、いただきまぁす。
0x5e51c	0x345	ファーニス	・・・ぐえぇっ！\n私、死ぬかもしれない。
0x5e51c	0x374		エッチョン\n今日の料理は、グリフォンの兜ダシを使った、特製激辛ラーメンあるね。\nサービスするから、いっぱい食べるよろし。
0x5e51c	0x3dc	レイナ	・・・食べるのに、勇気がいるわね。でも、もしかしたら美味しいかもしれないから、いただきまぁぁぁす。
0x5e51c	0x423	レイナ	・・・・・ぐふっ！\n久々に、大ダメージを受けたわ。
0x5e51c	0x464		エッチョン\nこの店を持つのに、苦労したあるよ。でも、全然繁盛しないのは、どうしてあるかな。
0x5e51c	0x4a7		エッチョン\n私、未亡人あるね。\n夫は魔物に殺されてしまったあるよ。死んだ夫のためにも、力強く生きていくつもりね。
0x5e51c	0x4fa		エッチョン\n・・・私の料理、まずいって知ってるあるね。\n食べてくれて感謝あるよ。\nこれ、私が修行に使った包丁あるから、使ってくれるよろし。
0x5e51c	0x572		岩斬中華包丁をもらった。
0x5e51c	0x5da		エッチョン\n換金は、１００テミスからね。\nこの店での今の換金率は、
0x5e51c	0x607		テミス１０に対してダイン１５ね。
0x5e51c	0x620		テミス１０に対してダイン１７ね。
0x5e51c	0x639		テミス１０に対してダイン２０ね。
0x5e51c	0x652		どうするあるか？
0x5e51c	0x661		握ン・換金する。\n・まだしない。
0x5e51c	0x675		荻ン・換金する。\n・まだしない。
0x5e51c	0x689		堪ン・換金する。\n・まだしない。
0x5e51c	0x6a6	レイナ	もっと、換金率のいい時にするわ。
0x5e51c	0x6c5		エッチョン\n換金は１００テミス以上ないと出来ないね。
0x5e51c	0x73a		エッチョン\n換金終ったよ。
0x5e51c	0x755		エッチョン\nまた、来るあるね。
0x5e51c	0x76d		エッチョン\n頑張るよろし。\n旅の成功を祈るあるよ。
0x5ea46	0xc		祭司　ミエール\nこの世に生を受けた者、全てに意味があります。\n貴方達も祈る神をお持ちならその神に、恥じぬ行動をしなさい。
0x5ea46	0x61		ぜン祭司　ミエール\nあそこにいるベーホさんは、魔物に襲われて家族を失って以来、ずっとこの寺院で祈っているんです。
0x5ea46	0xab		ぜンベーホ\n俺の力が足りなかったばかりに・・・。
0x5ea46	0xce		少女　ミカ\nわたしの兄は、ハンターの仕事をしてるの。とっても心配だわぁ。
0x5ea46	0x100		旅人　バーナス\n旅の途中に亡くなった仲間達の冥福を祈りたい。
0x5ea46	0x12d		旅人　バーナス\nあんた達、冒険者だね。\n仲間は大切にしろよ。\n仲間の大切さってのは、失ってから気付くものだぜ。
0x5ea46	0x180		旅人　バーナス\nこの国は、いい国だね。\n俺も、ここに腰を落ち着けようかな。
0x5ea46	0x1b5		エレノア\nあぶないから、城門の外に出でちゃいけないって、お母さんが言うんだ。\nつまんないのっ。
0x5ea46	0x1f1		エレノア\nお父ちゃんは、重装騎兵なんだょ。\nお仕事で、遠くに行ってるんだ。\n早く帰って、来ないかなぁ。
0x5ea46	0x236		エレナ\n私の夫は、セルーシュ戦で戦死しました。エレノアが成長する頃には、平和な世界になっているといいですねぇ。
0x5ea46	0x27f		エレナ\n娘のエレノアには、父親の戦死を話していないのです。\n城の援助で、生活は困らないのですが・・・。
0x5ea46	0x2cc		マキーナ\n私たちはちょっと前まで、旅をしてたのよ。今は、この街が気に入ってここに住んでいます。
0x5ea46	0x308		マキーナ\n重装騎兵は、毎日、城で特訓をしているよ。一度は、見学したら良いでしょう。
0x5ea46	0x341		マーカー\n若いころは、俺と彼女とジャニーって奴と、３人で他の大陸を旅してたんだ。\nジャニーの奴、今頃どうしてるかな。
0x5ea46	0x395		マーカー\n来年の春に、マキーナと結婚します。\nこの国で幸せに暮らすんだっ。
0x5ea46	0x3cb		アルム\nライランドの重装騎兵団ったら、男の憧れだよなぁ。\n今度、重装騎兵の入団試験、受けてみようかな。
0x5ea46	0x404		アルム\nこの国には、重装騎兵のみなさんがいるから安心だ。
0x5ea46	0x427		マリン\nあなたたちは、この街の人じゃないね。\nということは、砂の海を渡ってきたんでしょう。
0x5ea46	0x45b		マリン\n最近の魔物は、頭が良くなったと思わない。活動が活発になってきたわよねぇ。
0x5ea46	0x492		。、ンアラン\n魔物と戦かって、大怪我さ。\nメディカに、楽させようと思ったのに。
0x5ea46	0x4d0		そンー　ンアラン\n・・・・・あんた、レイナさんだね。
0x5ea46	0x4f9	レイナ	えっ！？\nどこかで、お会いしましたっけ？
0x5ea46	0x51d		アラン\n・・・その指輪。\n俺が手掛けた物では、最高の品だ。\nそれだけいい品物だと、簡単には忘れないよ。
0x5ea46	0x56b		・ンレイナ\n貴方、ミールが言ってた魔導具職人ね。
0x5ea46	0x59b		アラン\nそれ、結婚指輪だったのか。\n旦那さん、相当奮発したね。\n・・・・・大事にしなよ。
0x5ea46	0x5e4		アラン\n魔物と戦って、大怪我さ。\nメディカに楽させようと思ったのに、ガッカリだよ。
0x5ea46	0x61f		アラン\nこう見えても５年前まで、冒険者だったんだよ。\nたまに魔物を倒そうと頑張ったらこれだよ。
0x5ea46	0x660		メディカ\nアランったら、お金欲しさに魔物と戦って怪我をしたんです。\n貴方達も、気を付けてね。
0x5ea46	0x6e1	ライド	食用のニワトリかな？
0x5ea46	0x6f9		ディンドン\n隣のニワトリ、どうにかしてくれよぉ。\n夜中に鳴くんだぜぇ。
0x5ea46	0x72b		タクタク\nうぅぅぅぅぅん。\nエッチョンさんって、ええなぁ。
0x5ea46	0x751		メビー\n貴方達、冒険者でしょう。\n・・・ねぇ。\n旅の話・・・聞かせてよ。
0x5ea46	0x793		マッキー\n今日も平和で結構、結構。\nこの国にいる限り、魔物の心配はいらないからね。
0x5f05a	0x1a		グリーク王\n・・・行くのか？
0x5f05a	0x3e	ウォーリック	・・・はい。\n南に行きます。\nフォーゲル様は、南に向かえと言ってました。
0x5f05a	0x83		グリーク王\n・・・そうか。\nここから南は、もはや人間の領域ではない。\n油断するな。\nグリーク王\nこれは、私からの手向けだ。\n受け取ってくれ。
0x5f05a	0xfb		６０００ダイン受け取った。
0x5f05a	0x11e		３０００テミス受け取った。
0x5f05a	0x144	ウォーリック	ありがうございます、グリーク王。
0x5f05a	0x167		グリーク王\n・・・がんばれよ、お前達。
0x5f05a	0x18a	ウォーリック	・・・はいっ。
0x5f05a	0x1ac	パーシャ	南には、ドワーフ族の国があるけど、友好的な種族だから安心して。\n・・・旅の成功を祈ります。
0x5f05a	0x202	ウォーリック	・・・では、出発します。
0x5f05a	0x229		グリーク王\n南の森には強い魔物が多い。\nこの国で、装備を整えてから行くがいい。
0x5f05a	0x26a	パーシャ	ドワーフ族は人間の言葉を理解しているから安心して。
0x5f05a	0x2a0		グリーク王\nドワーフ族とは、会えた様だな。\n無茶はするなよ。
0x5f05a	0x2ce	パーシャ	あれからフォーゲル様は、また眠りに付かれた様です。\n旅の方は、うまくいっているの？
0x5f05a	0x30d		グリーク王\nウォーリック。\n随分見なかったが、成長した様だな。旅は、順調にいっているのか？
0x5f05a	0x34e	パーシャ	・・・レイナ。\n随分、魔力を上げたわね。\nここからでも、凄い魔力を感じるわ。そろそろ、古代魔術も覚えたら。
0x5f05a	0x3b3		グリーク王\n久ぶりだなぁ、お前達。\nその顔では、まだまだ旅は続きそうだな。
0x5f05a	0x3eb	パーシャ	探していた者には、会えた様ね。\n今日は、ライランドでゆっくり疲れを癒しなさい。\n無理はいけませんよ。
0x5f05a	0x438		まンー　ンカイル\n・・・お久しぶりです、ライドさん。私の事・・・覚えてますか？
0x5f05a	0x49a		カイル\n今日は、ちょうど非番で休みなんです。\n皆さんも元気そうですね。\nいつか、ライランドに来ると思ってました。
0x5f05a	0x4e6	ライド	あの子供達は・・・みんな、お前の兄弟か？
0x5f05a	0x516		・ンカイル\nはいっ、そうです。\nダイガーンあんちゃんのためにも、この弟達は強い人間に育ててみせます。
0x5f05a	0x550	ライド	・・・・・そうか。\n頑張れよ、カイル！
0x5f05a	0x576		カイル\nライドさん。\nダイガーンあんちゃんの分まで、頑張って下さい。
0x5f05a	0x597		プチガーン\nあんちゃんは、重装騎兵なんだぞ。
0x5f05a	0x5ab		ミルル\nカイルあんちゃん、今日お休みでうれしいな。
0x5f05a	0x5d7		グリーク王\n頑張れよ、ウォーリック。\n・・・達者でな。
0x5f05a	0x608	パーシャ	レイナ。\n貴方の冷静な判断と、確実な行動が、パーティーの生死を分けるわ。\nパーシャ\nこれからは、絶えず全方向に感覚を張り巡らせなさい。\nそれが、魔導士の役目よ。
0x5f05a	0x685		グリーク王\n・・・エリオットが、信じた道。\nエリオットが何を考え、この城を後にしたのか。\n・・・今、やっとわかった気がする。
0x5f05a	0x6e4	パーシャ	今、何が起ろうとしているのか。\n守護騎士と神官竜が、何をしようとしているのか。\n・・・敢えて聞きません。\nパーシャ\n頑張って下さい。\n世界がどうなろうと・・・貴方達の信じた事を、やり遂げて下さい。
0x5f568	0x23	ファーニス	・・・あれぇっ？\nこの扉、開かないよ。\n鍵が掛かっている訳でもないのにねぇ。
0x5f568	0x6a	レイナ	あら、この扉開かないわ。\nマジックロックでもないし、変ねぇ。まぁ、勝手に入っちゃうのも、失礼な事だけどね。
0x5f568	0xc3	ファーニス	ここが地下への入口だね。\nパーシャ様は、一緒に来てくれないのかなぁ？
0x5f568	0xff		グリーク王\n安心しろ。\nフォーゲル様は、気性のおとなしい神官竜だ。\nさぁ、早く行きなさい。
0x5f568	0x143	ライド	ちぇっ。\n宴会は、無しだな。
0x5f568	0x16f	ウォーリック	こんなデカイ地震まで起されてるんだ。宴会どころじゃないだろう。
0x5f568	0x1b2	パーシャ	フォーゲル様が、自らこの門を開けるなんて、よほどの事よ。\n貴方達の持っているナイフが、どれほど重要な物かがわかるわ。\nパーシャ\n私は、ここまでしか見送れないけど、気を付けて行って。\n中には、護衛を兼ねた魔物が放してあるから。
0x5f568	0x250	ライド	その魔物にやられたら、冗談にもならないなぁ。
0x5f568	0x275	パーシャ	貴方達が出てくるまで、私はここにいます。\n護衛の魔物が出てきたら、大変ですからね。\nパーシャ\n貴方達の手で、しっかり真実を掴んで来なさい。\nさあ、フォーゲル様が待ってるわ。
0x5f568	0x2f6	ウォーリック	・・・じゃあ、行って来ます。
0x5f568	0x318	パーシャ	気を付けて行くのよ。
0x5f568	0x334	レイナ	・・・閉まってる。\n次の新月まで、開かないみたいね。
0x5f568	0x376	ウォーリック	グリーク王！？\nいったい、どうしたのです。
0x5f568	0x3a3		グリーク王\nお前達の事が、ちと気になってな。\nまぁ、フォーゲル様との会話の事は聞くまい。\n無事なら、それでいい。
0x5f568	0x432	パーシャ	次の目的地が決まった様ね。\n・・・すぐ、行くの？
0x5f568	0x470	ウォーリック	はい。\nまだ日が高いし、今日中に出発するつもりです。
0x5f568	0x49f	パーシャ	なら１度、謁見室に寄りなさい。\nグリーク王が貴方達に、お話があるそうよ。
0x5f568	0x4da		、ンウォーリック\nグリーク王には、何てお礼を言ったらいいか。\n俺達みたいな者に・・・。
0x5f568	0x517		。ンパーシャ\nグリーク王は、貴方達が好きなのよ。・・・死と信念を、常に天秤に掛けている。\nパーシャ\n貴方達は、目的の為に自分の全てを賭けられる。\nグリーク王は貴方達に、自分の成し得ない夢を映しているわ。
0x5f568	0x5c8	パーシャ	もし、グリーク王が王家に生まれなかったら、きっと貴方達の様な冒険者になっていたでしょうね。
0x5f568	0x62f	パーシャ	・・・おかしな事を言ってしまったわね、私。\nさぁ、グリーク王が待ってるわ。\n・・・じゃあ、謁見室で。
0x5f568	0x6ac		グリーク王王\n宴の用意には、もうちょっと時間がかかりそうだ。\n部屋で休んでいなさい。
0x5fa7d	0x46		ばン！さざしすただぢン
0x5fa7d	0x100		グリーク王\nやはり来たな、お前達。\n今日は、ゆっくりと旅の疲れを取ってくれ。\n早速、部屋を用意しよう。
0x5fa7d	0x155	ウォーリック	有難うございます、グリーク王。
0x5fa7d	0x16f		グリーク王\nかしこまる事はない。\nこの城では、楽にふるまってくれ。
0x5fa7d	0x1a2		グリーク王\n部屋は、３階に用意した。\n私は、まだ仕事があるのでな、旅の話は後でゆっくり聞かせてもらおう。
0x5fa7d	0x1fb		グリーク王\nおお、来たか。\nそろそろ宴の準備が出来た頃だろう。・・・んんっ？
0x5fa7d	0x24f	ファーニス	・・・地の精霊が騒いでいる。\nヤバイよ、ウォーリック！
0x5fa7d	0x2fe		グリーク王\n地震か！？\n・・・かなり大きかったな。\nマードック、すぐに街と城の被害状況を調べ報告しろ。
0x5fa7d	0x365		・ぱン・のンー。ン近衛　マードック\nはっ！
0x5fa7d	0x3b6		近衛　マードック\n報告します。\n市街、城内、共に死傷者無し。\n被害は予想異常に少ないモノと思われます。
0x5fa7d	0x419		グリーク王\n・・・そうか。\nあの震動で、被害はその程度だったのか。\n・・・御苦労。
0x5fa7d	0x48c		？じンーン・ねン・ぱン・のン
0x5fa7d	0x4a5	レイナ	震源地は、近かったみたいですね。\nこの辺りは、こんな地震が多いのですか？
0x5fa7d	0x4e9	ファーニス	普通の地震じゃないね、コレ。\n・・・地の精霊の働きが、変だったよ。
0x5fa7d	0x534		グリーク王\nさすがだな、ファーニス。\nこの地は、地震などめったに起らない。
0x5fa7d	0x57c		グリーク王\n震源地は、この城の真下と思われる。
0x5fa7d	0x5a9	レイナ	・・・この城の地下。
0x5fa7d	0x5f0	パーシャ	・・・グリーク王。\n今の地震の事ですが・・・。
0x5fa7d	0x626		グリーク王\n・・・・・うむ。\n・・・・・そうか・・・ふんふん・・・・・・・・やはりな。\n・・・わかった。\nグリーク王\n・・・ウォーリック。\nフォーゲル様が、お前達をお呼びだそうだ。
0x5fa7d	0x6be	ウォーリック	俺達の事を！？\nでは、さっきの地震が。
0x5fa7d	0x6e7		グリーク王\nそうだ。\n・・・フォーゲル様が、目を覚ましたらしい。\nこんな事は、建国以来初めてだ。
0x5fa7d	0x73c	パーシャ	フォーゲル様が、待ってます。\n地下へは、１階、正面階段の裏から行けるわ。\nさぁ、行きましょう。
0x5ffce	0xa		べ近衛　マードック\nここは、ダイガーンの場所でした・・・。
0x5ffce	0x30		近衛　マードック\n王は、貴方達の事が大変気にいった様ですね。
0x5ffce	0x60		近衛　ジャカーナ\nがんばってますね、ウォーリック殿。\nここは、いい国でしょ。
0x5ffce	0x8b		近衛　ジャカーナ\nレイナさんがウォーリック殿の妻だったとは、知りませんでした。
0x5ffce	0xb9		近衛　ローランド\nナッツさんも御一緒でしたか。\nさあ、王がお待ちです。
0x5ffce	0xe5		近衛　ローランド\nナッツさんってカワイイですよねぇ。\nお友達になりたいなぁ。
0x5ffce	0x116		近衛　カージグ\nファーニスさん、いつ見てもカワイイなぁ。
0x5ffce	0x135		近衛　カージグ\nファーニスさん。\n暇があったら、いつでもこの城にいらして下さい。
0x5ffce	0x165		近衛　グランソス\nお久しぶりです、皆さん。\nみんな、元気ですか？
0x5ffce	0x18e		近衛　グランソス\n今日は良い天気ですなぁ。\nこんな日は、外の警備の方がいいですなぁ。
0x5ffce	0x1cc		近衛　ランクル\n奥にお進み下さい。
0x5ffce	0x1e2		近衛　ランクル\n近衛って、カッコいいでしょう。
0x5ffce	0x204		騎兵　ジョナサン\nようこそ、ライランド城へ。\n謁見室はこの上ですので、どうぞ、お進み下さい。
0x5ffce	0x23a		騎兵　ジョナサン\nまた、旅に出るんですね。\n旅の成功を祈ります。
0x5ffce	0x26b		騎兵　バータム\n皆さん、お元気そうでなによりです。
0x5ffce	0x28d		騎兵　バータム\nドワーフ族って一見恐いけど、みんな優しい人達ばかりせすよ。
0x5ffce	0x2be		近衛　マードック\nそんな所ではなく、王の正面に行って下さい。
0x5ffce	0x2e4		近衛　ジャカーナ\nウォーリックさん、グリーク王の正面にどうぞ。
0x5ffce	0x305		騎兵　マーダック\nさぁぁぁてと。\n今日の稽古は終ったし、街で１杯やるかぁ。
0x5ffce	0x338		騎兵　コウタン\n昨日は見張り台の当番だったんだ。\n寝かせてくれよぉぉぉ。
0x5ffce	0x368		騎兵　ガーマン\nおおぉぉぉす！\nあんた達、元気だったか？\nセルーシュの時にゃあ、世話になったなぁ。
0x5ffce	0x3a7		騎兵　ダービー\n城内の重装騎兵が少ないだろ。\nちょうど今頃なら稽古塔で練習してるか、街の見回りかな。
0x5ffce	0x3ef		騎兵　ケネディー\n俺、セルーシュ戦の時ちょうど、居残りでこの城にいたんだぜぇ。\n行きたかったなぁ、セルーシュ。
0x5ffce	0x42e		騎兵　ナウマン\n先日参られたエルフの戦士。\nどこか、ファーニス殿に似ている。
0x5ffce	0x462		騎兵　サムソン\nぐおおおおおっ！\n眠いよぉぉぉっ。
0x5ffce	0x483		騎兵　ジョグ\nここは厩舎だよ。\n重装騎兵にとって、馬は命だからねぇ。\n大切にしなきゃ。
0x5ffce	0x4bf		侍女　シャーリー\nまだ、半分かぁ。\nこの部屋、広いから掃除が大変なのよねぇ。もう、何にも役に立たないのに。
0x5ffce	0x509		侍女　マリラ\nこの城って、キレイでしょう。\n私、ここの床磨くの、とっても好きなの。
0x5ffce	0x53e		侍女　パール\nこの城に侍女達の中にも、セルーシュ戦で恋人を無くした人も多いんですよ。
0x5ffce	0x575		侍女　ダイアナ\nここは侍女の詰所よ。\n・・・私？\nちょほっと、休憩よんっ。
0x5ffce	0x5ad		侍女　パトリシア\nそこから、テラスに出られるわよ。\nライランドの街が一望出来て、キレイよぉ。
0x5ffce	0x5e9		騎兵　ジミー\nああっ、ウォーリックさん。\nここを入ると謁見室ですよ。
0x5ffce	0x612		侍女　セレナ\n３階は、お客様用だからあんまり汚れてないのよねぇ。\nでも、しっかり仕事しなきゃ。
0x5ffce	0x64f		騎兵　フレデリック\nパトリシアちゃんも、明日休みだったはず。勇気を出して、デートに誘おっと！
0x5ffce	0x693		侍女　セーシナ\n私の事、覚えてる？\nほらぁ、セルーシュのキャンプにいた看護兵じゃない。\n看護兵って、この城の侍女だったのよ。
0x6054e	0x2a		侍女　エイミー\nお久しぶりです、ウォーリックさん。\nじきに、王がいらっしゃるはずです。\nこの部屋は、御自由にお使い下さい。\nでは・・・。
0x6054e	0xbc	ウォーリック	みんな俺達の事知ってて、ちょっと安心したな。
0x6054e	0xec	ファーニス	『誰だお前？』とか言われたら、悲しくなってたねぇ。\nグリーク王も私達の事、覚えていてくれてたし。
0x6054e	0x13d	レイナ	それより、この城に地下に神官竜　フォーゲルがいるんでしょう。\n会わせてもらえるかしら？
0x6054e	0x17e	ライド	この時期なら休眠期でもないだろうし、大丈夫だろう。\nそれより、早く来ないかなぁ。
0x6054e	0x1ef		？さンーン・ねン・ぱン・のン
0x6054e	0x208	ウォーリック	お久しぶりです。\nグリーク王、パーシャ様。
0x6054e	0x231		グリーク王\nお前達も元気そうだな。\nナッツが一緒にいるという事は、カル伯爵に会えたのだな。\n探していた事はわかったのか？
0x6054e	0x281	ウォーリック	はい。\nその事で、この城の地下に住む神官竜フォーゲル様に会いたいのですが・・・。
0x6054e	0x2c2		グリーク王\nフォーゲル様の事は、カル伯爵に聞いたのか！？\nいったいカル伯爵は、お前達に何を話したのだ。
0x6054e	0x310		７⟨14⟩ウォーリックは、神官竜の事、守護騎士の事を話した。
0x6054e	0x340		グリーク王\n守護騎士！？\n・・・そうか。
0x6054e	0x36f	レイナ	・・・グリーク王。\n守護騎士について、何か思いあたる事があるのですか？
0x6054e	0x3a2		グリーク王\nああ・・・。
0x6054e	0x3c5	パーシャ	それについては、私が話しましょう。先日、守護騎士と名乗るエルフ族の剣士が来ました。\nエリオットの遺体と共に。
0x6054e	0x420	ファーニス	お兄ちゃんだよ。\nそう言えばあの黒い奴、エリオットって人を倒したとか言ってたね。
0x6054e	0x45f	パーシャ	エリオットは重装騎兵団の部隊長でしたが、２年前から姿を消していました。遺体は、例の３鎧７を着ていたわ。
0x6054e	0x4b2	レイナ	ブラフォードさん・・・いや、その守護騎士のその後は？
0x6054e	0x4db		・ンパーシャ\nエリオットの亡骸を私達に預けると、フォーゲル様に会って行ったわ。\nその後は、いつの間にか姿を消してしまって・・・。
0x6054e	0x539	ウォーリック	あの黒い奴を追って行ったのか。\nグリーク王、俺達は一刻も早くフォーゲル様に会いたいのですが。
0x6054e	0x588		グリーク王\nすまぬが、それは出来ない。\n宮殿に通じる扉は封印され、フォーゲル様自身か新月の夜でなくては開かないのだ。
0x6054e	0x5ec	ナッツ	・・・新月かぁ。\nでも新月って、この前終ったばかりじゃない？
0x6054e	0x62a		！ングリーク王\nちょうどその日が、その守護騎士が来た日だった。\n次の新月には数週間あるぞ。
0x6054e	0x676	ウォーリック	・・・どうするかなぁ。
0x6054e	0x691		グリーク王\n当てが無いのなら、次の新月までこの城で待つがいい。\nこういう場合、あまり動かぬ方がいいぞ。
0x6054e	0x6e7	レイナ	ここは言う通りにしましょうよ、ウォーリック？
0x6054e	0x70f	ウォーリック	・・・じゃあ、お言葉に甘えて、少し待たせてもらいます。
0x6054e	0x746		グリーク王\nでは、決まりだな。\n今晩、ささやかだが宴を開こう。\n宴と言っても重装騎兵や侍女達、城の者ばかりだから、気楽に来るがいい。
0x60ac6	0xa	ウォーリック	・・・はい。\n喜んで。
0x60ac6	0x2c		グリーク王\nお前達は、セルーシュ戦での英雄だからな。\n楽しい宴になりそうだ。\nでは、待っているぞ。
0x60ac6	0x80	パーシャ	王や私は、まだ仕事が残っているから行くわ。\nじゃあ、今晩、また会いましょう。
0x60ac6	0x102	ライド	さぁぁぁてと。\nこれから、何するか？
0x60ac6	0x128	ウォーリック	何もやる事はないが、ゆっくり休んで、城の中でも見学しよう。
0x60ac6	0x154		侍女　エイミー\nあら、ウォーリックさん。\nこの部屋に、お客様が来るそうなのよ。\n今、部屋の掃除で忙しいの。
0x60ac6	0x1ac	レイナ	今日はもう休みましょうか？
0x60ac6	0x1c9		・もう寝る。\n・まだ疲れてない。
0x60ac6	0x1e4	ファーニス	まだ、眠くないよぉぉぉ。
0x60ac6	0x20b	ライド	おぉぉぉっ！\n今日はもう、くたくただぜぇ。
0x60ac6	0x23a	ウォーリック	今日は、よく眠れそうだ。
0x60ac6	0x25f	ファーニス	お兄ちゃんも、ちゃんと寝てるかなぁ。
0x60ac6	0x27e	ファーニス	・・・ムニャニャ、もう食べられないよぉ。
0x60ac6	0x2b0	ファーニス	おやすみなさぁぁぁい。
0x60ac6	0x2d1		闇からの声\n・・・ようこそ。\n我が、夢の世界へ。
0x60ac6	0x2fe		、ンー。ンファーニス\nふにゃ？\n・・・うるしゃいよ。
0x60ac6	0x326		。ンー⟨18⟩ンウォーリック\nむにゃむにゃ。\n・・・もう食えないよ。
0x60ac6	0x356		・ンナッツ\nぶにゃぁぁぁん。
0x60ac6	0x374		闇からの声\n私の名は、ナイトメア。\nクーレイア魔神軍、第４軍、軍団長、・・・・・ナイトメア。
0x60ac6	0x3cb		・ンー。ンファーニス\n・・・わぁぁぁい。\nお花が、いっぱぁぁぁい。
0x60ac6	0x3fc	ウォーリック	・・・うぅぅぅん。\nレイナ、もう食べれないよ。
0x60ac6	0x428	ライド	・・・俺って、なんてナイスな男なんだろぉ。
0x60ac6	0x451		？ンー、ンレイナ\nはい、ウォーリック。\nちゃんと、食べなさい。
0x60ac6	0x47d	ナイトメア	・・・私の名は、ナイトメア。\nお前達は今、私の精神世界に招かれたのだ。
0x60ac6	0x4c3	ライド	・・・わかったわかった。
0x60ac6	0x4e2		。ンファーニス\n・・・わぁぁぁい。\nお兄ちゃん、こっちよぉぉぉ。
0x60ac6	0x512	ナイトメア	・・・夢とは、まったく無防備な精神状態の事。\n私の世界で、どこまで戦えるかな。
0x60ac6	0x55d		・ンナッツ\n・・・ごろごろごろ。
0x60ac6	0x57a		、ンレイナ\n・・・何か、様子が変ねぇ。
0x60ac6	0x5a2	ウォーリック	・・・はい。\nごちそうさま。
0x60ac6	0x5e9	ウォーリック	・・・なんか、悪い夢を見た様な。
0x60ac6	0x614	ライド	夢じゃないみたいだぜ。\nすんげぇ、頭、痛いんだけど・・・。
0x60ac6	0x64f	ナッツ	ライド、頭にコブが出来てるよ。\nなめてあげよっか。
0x60ac6	0x682	レイナ	ナイトメアとか言ってたわね。\nやはり、この黄金のナイフが狙いかしら。
0x60ac6	0x6b2	ウォーリック	やはり、早いとこフォーゲル様に会って、パディッシュ様の居場所を教えてもらわなくちゃなぁ。
0x60ac6	0x6f4	ウォーリック	こんな不気味な奴と戦ってる夢なんて、嫌だなぁ。
0x60ac6	0x728	ライド	くそぉぉぉっ！\n夢にしては、すっげぇぇぇ痛いぞぉ。こんな夢、早く醒めないかなぁ。
0x60ac6	0x76f	ナイトメア	・・・残念だが、これは夢であって夢ではない。\nお前達の精神の強さ・・・試させてもらうぞ。
0x60ac6	0x7cb	レイナ	みんな、寝惚けないで。\nこれは、ただの夢じゃないわ。\n敵よ、敵！
0x61079	0xf		ジュワイル師範\nここは稽古室ですよ。\n我等、重装騎兵は、どんな戦いにも対応出来る様、日夜、練習に励んでいます。
0x61079	0x6f		ジュワイル師範\n練習内容もたくさんあります。\n個人戦や団体戦、歩兵戦から馬上戦まで、重装騎兵は何でもやりますよ。\nそれに、密集方陣の練習なんかもやります。
0x61079	0xf2		ジュワイル師範\n本当なら、こんな練習がいらない世界が良いのですがねぇ。
0x61079	0x125		ジュワイル師範\n君はたしか、精霊使いのファーニスさんでしょ。\n私のセルーシュ戦には行ってまして、貴方達を見ましたよ。
0x61079	0x173		ジュワイル師範\n３剣７でも３斧７でも、使いこなせる様にならねばいけません。\n重装騎兵の働きで、この辺りの魔物の被害は少なくなってきています。
0x61079	0x1ca		ジュワイル師範\n貴方達と、手合わせ願いたい。\nどうです？
0x61079	0x1fc		・やりましょう。\n・遠慮する。
0x61079	0x21a	レイナ	遠慮しておきます。\n私達では、ボロボロにされてしまいますわ。
0x61079	0x248		ジュワイル師範\nいやぁぁぁっ、残念ですね。\n気が向いたら、いつでも練習しに来て下さい。
0x61079	0x28b	ウォーリック	やりましょう。\n団体戦では、どうですか？
0x61079	0x2b3		ジュワイル師範\nいいでしょう。\n魔法使いや精霊使いのいる、対パーティー用戦闘を想定して出来るなんて、願ってもないチャンスです。
0x61079	0x31b		ジュワイル師範\nフォーメイションはどうしますか？
0x61079	0x363		ジュワイル師範\nでは、戦闘開始！
0x61079	0x3ae		・ぱン・のンー　ンジュワイル師範\nいやぁぁぁっ。\nいい練習になりました。\nまた、暇があったら来てくださいね。
0x61079	0x3f1		騎兵　チュールマ\nうりゃ　うりゃ　うりゃ　うりゃ。\nうりぁぁぁぁぁっ！\n今日はやけに３鎧７が軽く感じるぜっ。
0x61079	0x435		騎兵　ドーカラン\n今、練習中だよ。\n危ないから、真中には来ない方がいい。
0x61079	0x46b		騎兵　グワウン\n今、練習中だ。\nそんな所にいると、とっても危険だぞ。
0x61079	0x49d		騎兵　ジマック\nオラ、オラ、オラ、オラ、オラァァァ！\n俺の魔剣が、火を吹くぜ。\n魔剣、１振りヒドラも倒すぅぅぅっ。
0x61079	0x4f8		騎兵　カンセン\nうひょぉぉぉう。\n混戦の練習が最高だぜぇ！
0x61079	0x524		騎兵　ビジェッグ\nこの練習で、大剣を選んだのは失敗だったかなぁ。\n全然、切り返しが効かない。\nはっきり言って、キツイぜぇ。
0x61079	0x57f		騎兵　ビカール\nそっ、装甲がきしむ！\n整備が、足りなかったのかぁぁぁっ。
0x61079	0x5b5		騎兵　スリーク\nこの練習、苦手なんだよなぁ。\nガンバんなきゃっ！
0x61079	0x5e2		騎兵　オビーキ\nこうやって、見ているだけだも修行になります。\nみんな、頑張れっ！
0x61079	0x618		騎兵　トリムス\nみんな、セルーシュ戦を体験しているだけに、剣の冴えが違ってきたなぁ。
0x61079	0x64a		騎兵　ビーマンム\nこの練習が終ったら、俺は街の巡回に行かなきゃならないんだ。
0x61079	0x67d		騎兵　ラーシム\n俺の順番の前に、ちょっとトイレに行きたくなってきたなぁ。
0x61079	0x6af		騎兵　カージ\nうおぉぉぉぉぉっ！\nそこだっ、回り込めっ、よけろっ、がんばれぇぇぇっ。
0x61079	0x6e4		騎兵　マリウス\nみんな、動きが良くなってきたなぁ。\n俺も、おちおちしてられんぞぉ。
0x615e0	0x26	ファーニス	わぁぁぁぁぁっ。\n涼しくて、気持ちいいねぇ。
0x615e0	0x57	レイナ	城の下に、こんな湖が広がっているなんて、凄いわぁ。\n・・・魔物の気配は、感じられないわよ。
0x615e0	0xa8	ウォーリック	ガードがいないとは、助かる。\n・・・さぁ。\nフォーゲル様に、早く会おう。
0x615e0	0x130		？っンーン・ねン・ぱン・のン
0x615e0	0x165		？つンーン・ねン・ぱン・のン
0x615e0	0x208	ウォーリック	はぐらかされた気もするが、一応、行き先は決まったな。
0x615e0	0x23c	レイナ	すぐ行くのでしょう、ウォーリック。
0x615e0	0x257	ウォーリック	ああ。\n出来るだけ、急いだ方がいいな。\n何か、とんでもない事になりそうだ。
0x615e0	0x29c	ライド	やっぱり、宴会は無しかぁ。\nちょっと、期待してたのになぁ。
0x615e0	0x2d7	ファーニス	宴会どころじゃないでしょ、ライド。上で、パーシャ様が待ってるんじゃない？\n早く戻ろっ。
0x615e0	0x335		グリーク王\nウォッ、ウォーリック！？\nお前、その３鎧７はどうしたのだ。\nそれに、その女性が着ている白い鎧。それも守護騎士の３鎧７なのか。
0x615e0	0x399	ウォーリック	お久しぶりです。\nグリーク王、パーシャ様。
0x615e0	0x3c2	パーシャ	・・・その３鎧７。\nカル伯爵に所にある、守護騎士の３鎧７と同じ物。\nそちらの女性も、守護騎士ね。
0x615e0	0x403	ウォーリック	長くは話せませんが、挨拶に参りました。\nこれから、砂の城に向かいます。
0x615e0	0x443		グリーク王\n・・・ウォーリック。\n私は、エリオットと言う優秀な部下を、守護騎士という形で失った。\nグリーク王\n守護騎士の存在を怨んでいるわけではないが、その得体の知れぬ力に、私は不安を感じている。\n・・・お前まで、失いたくない。
0x615e0	0x4e3	セス	エリオットは、勇敢な守護騎士でした。フォーゲル様の守護騎士として、立派な働きをしていました。\nセス\n彼には、重装騎兵の隊長という、名誉ある任をなげうってまで、守らなくてはならないモノがあったのです。
0x615e0	0x558		。ングリーク王\n・・・守らなくてはならぬ、モノ。
0x615e0	0x581	セス	エリオットだけではありません。\n志半ばに逝った、同胞の守護騎士。\n彼の意志に報いるためにも、ウォーリックの力が必要なのです。\nセス\n水の国の王よ。\n私を、信じて下さい。\n我等、守護騎士を・・・信じて下さい。
0x615e0	0x611		グリーク王\n・・・・・わかった。\n白の守護騎士よ。\nお前の言葉を、信じよう。\nグリーク王\n・・・信じた道。\nその道が、栄光の道であろうが、破滅の道であろうが、己の信じた道を歩むのは子気味よかろう。
0x615e0	0x6b4	ウォーリック	ありがとうございます、グリーク王。・・・それでは、行きます。
0x615e0	0x746		グリーク王\n人並の、手向けの言葉は思い付かん。生きて戻れたら・・・また会おう。
0x615e0	0x795	ウォーリック	ええ。\n・・・必ず。
0x61b5a	0x3b	ライド	・・・なんだ、この国は？\nボコボコじゃないか。\n本当にドワーフの国なのかぁ！？
0x61b5a	0x83	レイナ	破壊されたのは最近ね。\nかなり大がかりな攻撃みたいだけど、ドワーフ達はどうしたのかしら？
0x61b5a	0xcb	ウォーリック	ドワーフ達が心配だ。\nとにかく、よく調べてみよう。
0x61b5a	0x117	ファーニス	・・・ねぇ。\n本当に、ドワーフの国に入るの。\n引き返さない？
0x61b5a	0x154	ライド	何だ、ファーニス。\nドワーフが恐いのか？
0x61b5a	0x178	ファーニス	だってさっ。\nドワーフって、脳が石で出来てるって言うし、鉄を食べるって聞いてるよ。
0x61b5a	0x1c4	ライド	・・・そんなの生物じゃないぞ。\nファーニスは、ドワーフに会った事ないのか？
0x61b5a	0x1fc	ファーニス	・・・うん。\n話で聞いただけ。
0x61b5a	0x21c	ライド	ドワーフは気真面目な奴が多くて、友好的種族だよ。\nそれに、いざとなったら俺が助けてやるからな。
0x61b5a	0x28b		女の声\n・・・フフッ。\nあのアンデットを倒すとは、なかなかやるわね。\n女の声\n・・・さすがだわ。\nビアガンに手傷を負わせ、私のナイトメアが倒されるのも当然かしら。
0x61b5a	0x309	ライド	・・・私のナイトメアだと！？\n貴様、何者だ。\n隠れてないで出てこい。
0x61b5a	0x347		・女の声\n・・・私の名は、カーム。\n貴方達の事は、セルーシュ城からずっと見てたわ。\nカーム\nナイトメアは、ささやかなプレゼント。\nだけど、貴方達には気に入ってもらえなかった様ね。\n・・・残念だわぁ。\nカーム\nでも、安心して。\n今日も素敵なプレゼントを用意したの。\n受け取ってもらえるかしら。
0x61b5a	0x454	ナッツ	どっから来るかわからない。\nなんかヤバいよ、ウォーリック。
0x61b5a	0x486	ライド	くっそぉぉぉっ。\n来るなら来やがれっ。\nみんな俺が、叩っ斬ってやる。
0x61b5a	0x4cb	ウォーリック	落ち着くんだ。\nレイナ・・・魔法探知。
0x61b5a	0x506	レイナ	やってる。\n・・・正面の家に、動体反応増加中。相手は召喚師だわ。\n魔界の生物を召喚する気よ。
0x61b5a	0x598	ライド	もう、あんたのペットは品切れかい？俺達は、まだまだやれるぜ。
0x61b5a	0x5d8	ウォーリック	カームとか言ったな。\n素敵なレディに、プレゼントの御礼がしたい。\n・・・姿を現したらどうだ。
0x61b5a	0x62c		！ンーン・のンー　ンカーム\nなかなか頼もしいわね。\nでも、今日はこのへんにしておくわ。\nまた・・・近いうちに会いましょう。
0x61b5a	0x698	ライド	くそぉぉぉう。\n・・・逃したか。
0x61b5a	0x6cd	レイナ	正直言って、助かったわね。\nもっと多くのデーモンを召喚出来る力を持っていたはずよ。
0x61b5a	0x714	ウォーリック	・・・グレーター　デーモン。\n氷の洞窟にいたデーモンも、カームに召喚されたモノだな。\nウォーリック\n・・・カーム。\nフロスト様を襲った者に、こんな所で会えるとは。
0x62101	0x1d	ライド	何だ、こいつ？\n串刺しになってるぞ。\nまさか、こいつがこの国を攻撃したのか。
0x62101	0x61	レイナ	・・・ウォーリック。\nこの人、ランバートさんじゃない！？
0x62101	0x92	ウォーリック	・・・間違いない。\nランバートだ。\nしかし、ランバートの死体は、氷の洞窟にそのままにしてあるはず。
0x62101	0xd7	レイナ	それに、この鎧。\n守護騎士の鎧！？
0x62101	0xfe	ウォーリック	そうだ。\nランバートは、フロスト様の守護騎士だったんだ。\nそれより、なぜここにいるんだ？
0x62101	0x139		・ぱン・のンー　ン老人の声\nワシが教えてやろう。
0x62101	0x199	ライド	何だ、お前は！
0x62101	0x1b8		老人\nワシの名は、パチュンガ。\n魔神軍、第５軍の軍団長じゃ。\nどうじゃ、ワシの最高傑作の出来は？ドワーフの国など、６日で全滅じゃ。
0x62101	0x226	ウォーリック	最高傑作！？\nいったい何の事だ。
0x62101	0x251	パチュンガ	お前達の前にいる守護騎士の事じゃよ。ワシの造ったアンデットの中で、筋力、反応速度、剣技、格闘技術、ルックス、全てにおいてピカイチじゃ。
0x62101	0x2e7	パチュンガ	ランバート？\nカームに召喚してもらった、実験体の名前か？\n・・・世の中とは、狭いのぉ。
0x62101	0x334	ウォーリック	洞窟内には、神官竜もいたはずだ。\nフロスト様と、緑竜はどうした。
0x62101	0x368	パチュンガ	氷竜は氷漬けじゃったし、緑竜は背骨がバラバラで使い物にならん。\n神官竜など、めったに無い実験材料なのに、おしいのう。
0x62101	0x3ce	ライド	死者の眠り妨げるとは、許せん！\n降りて来い、ハゲ親父。\n俺が、たたっ斬ってやる。
0x62101	0x418	パチュンガ	ハゲ親父とは心外な！\nこれは、死人使いのトレードマーク、オカッパ頭じゃ。\n無知とは、嫌じゃのう。
0x62101	0x471	ライド	馬鹿野郎！\nそれはオカッパ頭じゃねぇ。\nカッパ頭だ。\nいいから、降りて来いっ。
0x62101	0x4bd		、ンパチュンガ\n・・・ふんっ。\n今日は、こいつの回収だけじゃ。\nこいつはもっと強くなる。\nお前達など、いつでも殺してやるわい。
0x62101	0x55b	パチュンガ	もうちょっと改良を加えて、最強のアンデットにしてやる。\nその時までの、お楽しみじゃて。\nぐぅっど、らぁぁぁぁぁく。
0x62101	0x603		、⟨18⟩ン・めン・ねン・のン
0x62101	0x637	ライド	くそっ、ハゲ親父め。\nドワーフ達は、みんな、あいつに殺されちまったのか？
0x62101	0x67a	レイナ	あの死人使いが、死体全部を処理したとも思えないわ。\n必ずどこかで生きているはずよ。\n探しましょう。
0x625f3	0x1a	ナッツ	・・・気を付けて。\n誰か、こっちを見ている。
0x625f3	0x4f	ファーニス	・・・確かにいるね。\n気配を感じるよ。\n・・・・・ああっ！
0x625f3	0xeb	ナッツ	見られてる。\n・・・・・数は・・・３人。\n・・・いや、４人ね。
0x625f3	0x145	ファーニス	・・・確かに。\n・・・・・ああっ！
0x625f3	0x1c6		？どンーン・ねン・ぱン・のンー。ン戦士　ウパリン\n貴様等、何者だっ！\n奴等の仲間か。
0x625f3	0x209		・ぱン・のンー⟨17⟩ン戦士　ドーチン\n怪しいぞっ！
0x625f3	0x22f		・ぱン・のンー、ン戦士　ボーカウン\n早く殺した方がいい。
0x625f3	0x25c		・ぱン・のンー⟨18⟩ン戦士　ザリジ\nこの場で殺すか！？\n王に知らせた方はいいぞ。
0x625f3	0x2a4	ファーニス	うわぁぁぁ、ドワーフだよっ。\nみんな石みたいな顔してるし、エルフの私はバリバリ食べられちゃうよ。\nどうしよう。
0x625f3	0x2f8	ライド	落ち着け、ファーニス。\nこんな時は、ニッコリ笑って友好心を示すんだ。\nほらっ、笑えファーニス。
0x625f3	0x341	ファーニス	へへっ・・・ニッコリ。\n・・・・・だめだよ、ライド。\nこの状態で、ドワーフ相手にニッコリなんか出来ないよぉ。
0x625f3	0x3ad		ドワーフの声\n引けい！\nその者達に危害を加えるな。\nワシの命令無しに、勝手な行動は許さん。
0x625f3	0x45f	クレイボーン	ワシはこの国の王、クレイボーン。\nお前達は何者だ。\n・・・その身なり。\n魔神軍の手先ではあるまいな！？
0x625f3	0x4bf	レイナ	貴方達に、危害を加えるつもりはありません。\n私達は、フローディーテの森へ行く方法を聞くために、この国に来ました。
0x625f3	0x50d	クレイボーン	・・・フローディーテの森！？\nお前達、竜に会って来たな。
0x625f3	0x544	ウォーリック	なぜその事を？
0x625f3	0x557		。ンクレイボーン\n興味や冒険心だけで、あの森へ行こうなどと考える馬鹿はおらん。\nここから、西に向かえ。\nそこに、我等の先祖の地がある。
0x625f3	0x5cf		く祖の地？
0x625f3	0x5de	クレイボーン	あのアンデットに国を破壊されたのでな、数百年前に先祖が生活していた迷宮に非難しておる。\nいつでも、来るがいい。
0x625f3	0x699	クレイボーン	そうそう。\nエルフの娘に、１つだけ言っておく。ドワーフは、エルフなんぞ食わんよ。
0x625f3	0x6fe	ファーニス	・・・おっちゃん、渋いっ。\nちょっと、ドキドキしちゃったけど、よかったね。\nみんな、助かったみたいだし。
0x625f3	0x753	ライド	ドワーフ達も無事だったし、その迷宮に早く行こうぜ。\nどっちみち、あのハゲ親父倒しに来るんだろ。
0x625f3	0x7a6	ウォーリック	・・・ああ。\nランバートをアンデットのままにしておけない。\n必ず助けてやる。
0x62b89	0x3e	ウォーリック	出て来い、パチュンガ！\nランバートを返してもらうぞ。
0x62b89	0x82		？ぱンーン・ねン・ぱン・のン
0x62b89	0x9b	パチュンガ	何じゃ、お前達か。\nわざわざ殺されに来たのか？\nまぁ、お前等なら、良い実験材料になりそうだな、うんうん。
0x62b89	0xf3	ライド	ざぁぁぁけんな、ハゲ親父！\n誰がアンデットなんかになるかよ。\n死者を冒涜しやがって。\nライド\nしかし、もうアンデットなんて造らせねぇ。\n俺がこの場で、叩っ斬ってやる！
0x62b89	0x17f	パチュンガ	なかなか威勢が良くて、よろしい。\nアンデットの良し悪しは、死んだ時の鮮度にも影響するからのぉ。
0x62b89	0x1d0	ライド	くっそぉぉぉっ！\n完全に、俺達をなめてるぜ。
0x62b89	0x206	ウォーリック	パチュンガ！\nランバートを・・・俺の友を返してもらう。
0x62b89	0x243	パチュンガ	・・・あいつが見たいか？\n機能平均が通常のアンデットを６８％も上回るパワフルなあいつが見たいか。\nパチュンガ\n見せてやろうぞ。\n最も美しき、死者の戦士を！\nカァモォォォォォン。\n私の可愛い、アンデットよぉぉぉっ！
0x62b89	0x323		？ひンーン・ねン・ぱン・のン
0x62b89	0x33c	パチュンガ	どうじゃ　どうじゃ　どうじゃ。\nこの神々しいほどの不死の肉体。\nこの芸術とも言える肉体を造ったワシって、とってもワンダフル。\nパチュンガ\nこいつの着てる、守護騎士の３鎧７の構造も、現在研究中じゃ。\nまぁ、この３鎧７はもう死んでいるみたいだがのぉ。
0x62b89	0x3e8	ウォーリック	ランバート。\n俺だっ、ウォーリックだ。\n俺がわかるか、ランバート！？
0x62b89	0x415	パチュンガ	無駄　無駄　無駄　無駄　無駄っ！\nワシの完壁なまでの手術と、魔法で、こいつはワシの操り人形じゃ。
0x62b89	0x492	パチュンガ	さぁ、ワシのプリティなアンデットよ。あの者達を、軽く殺して来るのだ。\nそれっ、行けぇぇぇい。
0x62b89	0x4f8	パチュンガ	・・・それっ、行けぇぇぇい。
0x62b89	0x52e	パチュンガ	・・・おろっ？\nどうした、お前。\nそれっ、さっさと行けぇぇぇい。
0x62b89	0x57f	パチュンガ	・・・おかしいのぉ。\n聴覚の機能が、うまく働いていないのかなぁ？\nほれ、ビシッと動かんかぁ。
0x62b89	0x635	ウォーリック	ランバート！？\n・・・俺が、わかるのか。
0x62b89	0x679		・・・ウォーリック・・・頼む。\n・・・頼む・・・・・ウォーリック・・・。
0x62b89	0x6bf	ウォーリック	ラッ・・・ランバートッ！\n待ってろよ。\n俺が、すぐに助けてやるからな。
0x63041	0x13	パチュンガ	・・・ほほおぅ。\nこれは驚いたのぉ。\n大脳処理の詰めが甘かったか。\nパチュンガ\nアンデットは誰でも、生前の記憶を肉体に刻み込んでいる。\nしかし、それを言葉に出すとは、凄い精神力じゃのう。\nパチュンガ\nだが、言葉を出すのが精一杯の抵抗の様じゃな。\nこんなのワシの魔力で、チョチョイのチョイじゃ。\nパチュンガ\n負の門を守護する者に、我は命ずる。この天の裁きを待つ者、その魂を空に戒め、死の訪れを嫌う者なれば、その五体を我に預けよ。\nパチュンガ\nクリエート　アンデットォォォォォ。
0x63041	0x1fb	パチュンガ	・・・はい、出来上り。\nしかし、まだ心配だからのぉ。\nワシも一緒に戦ってやるぞ。
0x63041	0x2a2		けむ、レイナ。
0x63041	0x2b5	レイナ	・・・わかったわ。\nレイナ\n・・・ファイア　ボールッ！
0x63041	0x317	ウォーリック	さよなら、ランバート。\n・・・やってくれ。
0x63041	0x352	レイナ	・・・虚空に舞いし聖なる光子達よ。汝等ここに集いて、我が闇を砕く鉾となれ。\n・・・さよなら、ランバートさん。\nレイナ\nエナジー　ボルトッ！
0x63041	0x3cb		・と\nン・ど\nン！てン・ねン・ぱン・ど\nン
0x63041	0x3ea		ランバートは、跡形も無く砕け散った。\nその肉体が、この世から完全に消滅する瞬間、彼は考え事をしていた。\n村に残した弟、ダ　ンの事。\n目の前にいる親友、ウォーリックの事やブージの事。\nそして、成し遂げる事が出来なかった、守護騎士としての自分の役目の事。\n全ての思惑と共に、ランバートはこの世から姿を消した。
0x63041	0x4c1		近衛　コムタン\nはぁぁぁぁぁっ。\nここ、俺の家だったんだぜ。\nもっといい家建てるから、いいけどさっ。
0x63041	0x504		近衛　ナシゴレン\n見てくれよぉ。\nキレイさっぱり、なくなってるだろぉ。
0x63041	0x531		戦士　プルコギ\n頑張れよ。\nあんた達なら、何でもうまくいきそうな気がするぜ。
0x63041	0x565		戦士　ユッケ\nよう、あんた達か。\n新しい物を造り出すって、気持ちいいよなぁ。
0x63041	0x59b		戦士　ジャンクッパ\nおおっ、久しぶりだなぁ。\nどうだい、元気にやってるかい？
0x63041	0x5cb		戦士　ウパリン\n旅の調子はどうだい？\n国が復興したら、招待するからな。
0x63041	0x5fd		戦士　ドーチン\nおおっ！？\nあんた達、生きて戻って来れたのかぁ。\nみんな、心配してたんだぜ。
0x63041	0x63c		戦士　ボーカウン\nおおっ、あんた達か。\nフローディーテの森には、行けたのかい？
0x63041	0x665		戦士　ザリジ\nどっこいしょっと。\nさて、石でも切り出して来るかなぁ。
0x63041	0x692		戦士　ボンビカン\nさぁぁぁぁてと。\n材料が、足りなくなってきたぞ。\n木でも切りに行くかなぁ。
0x63041	0x6d9	クレイボーン	お前達、無事に戻って来れたのか。\n一族の者、皆、お前達の安否を問うていたぞ。\nクレイボーン\nお前達は、天に好かれている様だ。\nお前達なら、何でも出来る。\n旅の成功を祈っているぞ。
0x63041	0x767	クレイボーン	見ての通りだ。\n国が元通りになるには、ワシ等と言えども数年はかかるであろう。\nクレイボーン\nしかし、必ずや前以上の国を築いてみせる。\nドワーフ族最高の国を築いてみせるぞ。
0x63623	0x8		［ファーニス］\nうぁぁぁぁぁっ！\nねえねえ、みんな上を見てぇ。\nなんかいっぱい書いてあるよ。
0x63623	0x4a		［ウォーリック］\n天井が、全部壁画になっている。\n［レイナ］\n９００年前の魔神と神竜との話ね。
0x63623	0x9b		［ファーニス］\nその話なら、私も知ってるよ。
0x63623	0xbf		［ファーニス］\n呪われし王国クーレイア。\n永劫讃われしその王国に終演の時来たる。\n［ファーニス］\n其の日、呪われし民、死と絶望の迷宮へ誘う者、その地に降り立つ。\n［ファーニス］\n混沌と闇に生まれしその者、大気焼き切り大地を沸かし大海を引き裂く、生きる者の魂を糧とする闇の女神なり。\n［ファーニス］\n其の日、光りと共に二頭の魔竜天より降り立つ。二頭の魔竜、闇の女神と闘う事そうぜつを極め、数百日の闘い雷の雨降り地脈揺るがすものなり。\n［ファーニス］\n其の日、闇の魔神⟨14⟩二頭の魔竜の下に滅びん。\n一節の呪祖と共に・・・だったかしら。
0x63623	0x26c		［ライド］\nその最後の呪祖って何だ？
0x63623	0x28e		［ファーニス］\n・・・さあ？\n知らない。
0x63623	0x2b4		［フォーゲル］\n・・・来たか。\n私は、この地を治める神官竜　フォーゲル。\n［フォーゲル］\nパディッシュの居所が知りたいのであろう。\n［フォーゲル］\n南だ。\n南へ向え。\n［フォーゲル］\nパディッシュに会いたくば、フローディーテの森へ向うのだ。\n［フォーゲル］\n後はナイフが導いてくれる。
0x63623	0x393		［ウォーリック］\nこのナイフが？
0x63623	0x3ae		［ウォーリック］\nフォーゲル様。\nこのナイフの事を教えてもらいたい。
0x63623	0x3e2		［フォーゲル］\nそのナイフ。\nそれは、メーフィス様の封印を解く鍵だ。\n［ウォーリック］\n・・・メーフィス様。\nその人は、いったい？\n［フォーゲル］\n９００年前、闇の魔神と闘った２頭の神竜。\nその２頭の神竜こそ、我ら神官竜の祖。\n金竜メーフィス様と、銀竜アスタルト様だ。
0x63623	0x4b5		［フォーゲル］\nしかし、そのメーフィス様は今や封印の中で長い眠りについておられる。\n［フォーゲル］\nそして、その黄金のナイフこそ、封印されしメーフィス様を解き放つ鍵なのだ。\n［ウォーリック］\n・・・封印？\nなぜ、そんな事に。\n［フォーゲル］\n・・・・・・・・。
0x63623	0x57d		［フォーゲル］\nセルーシュに進攻した、クーレイアの魔物達の行動。\n［フォーゲル］\n手遅れにならぬうちに、メーフィス様を復活させなければならない。\n［フォーゲル］\n一刻も早くそのナイフをパディッシュに届けて欲しい。\n［フォーゲル］\nそしてメーフィス様を復活させるのだ。\n［フォーゲル］\n南へ。\n南へ向え、ウォーリック。
0x63623	0x66b		［ウォーリック］\nまっ、待ってくれっ！\nまだ聞きたい事が、たくさんあるんだ。
0x63623	0x6a3		［ファーニス］\n・・・・・いっちゃったね。
0x63a4b	0x8		［カル伯爵］\n魔神と２頭の神竜の伝説は知っていよう。\n［カル伯爵］\nもっぱら伝説の中では、『神竜』ではなく『魔竜』とされているがな。\nその２頭の竜こそ、神界に住む竜なのだ。
0x63a4b	0x93		［ファーニス］\nじゃあ、神様なの？
0x63a4b	0xb1		［カル伯爵］\nそうだ。\nだからこそ、神である魔神を倒せたのだ。
0x63a4b	0xe3		［カル伯爵］\n魔神と神竜との長き闘いに終止符が打たれ、世界は平静を取り戻したかに見えた。\n［カル伯爵］\nしかし、闘いは予想もしない傷跡を残していった。\n精霊界の崩壊だ。\n［カル伯爵］\n・・・激しい闘いは精霊達の秩序を奪い、世界の自然形態を混乱の渦に陥れた。
0x63a4b	0x1be		［カル伯爵］\nそこに現れたのが、『白竜パディッシュ』を頭にする１０８頭の神官竜達だ。\n［カル伯爵］\n神官竜は神竜に仕える信者的存在で、神竜の命令で各地に散り、精霊達を総統し調和を図り数百年かけて世界を復興してきた。
0x63a4b	0x271		［カル伯爵］\nエルフの娘なら、知っておったろう。
0x63a4b	0x298		［ファーニス］\n・・・知らなかった。
0x63a4b	0x2ba		［カル伯爵］\nしょうのない奴だの。
0x63a4b	0x2d9		［カル伯爵］\nそして、神官竜の補佐として存在しているのが守護騎士だ。\n［カル伯爵］\n守護騎士は、神官竜の手足として大地の意志を世に伝えるのが役目。\n［カル伯爵］\n神官竜１頭につき守護騎士１人が選ばれ、その証として守護騎士の鎧が与えられてきた。
0x63a4b	0x3a6		［カル伯爵］\nこれが、その守護騎士の鎧だ。
0x63a4b	0x3cd		［ウォーリック］\n胸に水晶球のついた鎧。\n・・・ランバートの着ていた鎧と同じだ。\nしかし、なぜその鎧がここに？
0x63a4b	0x426		［カル伯爵］\nこの城はもともと、神官竜である炎竜ブレイ様がおられた城だった。\n・・・あの日までは。
0x63a4b	0x490		［カル伯爵］\n３００年ほど前の事だった。\n魔導竜と名乗る高い知能と魔力を持った竜の一族が、世界を荒し始めた。\n［カル伯爵］\n強力な魔力を持つ魔導竜であったが、人間の竜狩りに次々と倒され、ついには滅んでしまった。
0x63a4b	0x53a		［カル伯爵］\n魔導竜は滅びたものの人間の竜狩りの手は止まらなかった。\n［カル伯爵］\nそして、ついに神官竜までもその標的になった。\n知らない事とはいえ、大地の守護者である神官竜を。\n［カル伯爵］\nこの愚かな行為を悲しく思った神官竜達は、何の抵抗もなく死んでいった。\n［カル伯爵］\nブレイ様も、その守護騎士も・・・共にその時死んだ。
0x63a4b	0x64a		［カル伯爵］\n神官竜ブレイ様が死んで、再びこの地の精霊達は荒れ始めた。\n［カル伯爵］\nそして、１００年後には精霊も住まぬ砂の海と化してしまったのだ。\n［カル伯爵］\n私はパディッシュ様に頼まれ、代りにこの地を治めている。\n［カル伯爵］\nしかし、バンパイアロードの私の力を持ってしても、今の状態を維持するのがやっと。\n・・・情けない話だな。
0x63ecd	0x7c		よン！ねのぴふン
0x63ecd	0xb5	クレイボーン	外見に因われるな。\n思いきり戦って来い。
0x63ecd	0xe5	クレイボーン	・・・やったか。
0x63ecd	0x106	ウォーリック	・・・はい。
0x63ecd	0x11c	クレイボーン	・・・多くは語るまい。\nお前達・・・竜の所に行きたいのだったな。
0x63ecd	0x168	ウォーリック	はい。\nどうしても、行かなくてはなりません。
0x63ecd	0x190	クレイボーン	この鍵を持って行け。\n迷宮への扉は、これで開く。\nクレイボーン\n迷宮は、フローディーテの森に続いている。\n森の奥の神殿に竜はいるはずだ。
0x63ecd	0x211		迷宮の鍵を受け取った。
0x63ecd	0x23b	クレイボーン	迷宮に入る前に、言っておく事がある。あの迷宮も、かつては我等ドワーフの安住の地であった。\nしかし、今は違う。\nクレイボーン\n中は朽ち果て、凶悪なトラップが獲物を待ち焦がれる死の迷宮になっているのだ。
0x63ecd	0x2d8	レイナ	何で、トラップなんか仕掛けたんですか？
0x63ecd	0x2fd	クレイボーン	仕掛けたのは、リッチのマージスだ。
0x63ecd	0x31c	レイナ	リッ、リッチ！？\nあのリッチが、迷宮に住み付いているんですか。
0x63ecd	0x354	クレイボーン	そうだ。\n何でも、我等の祖先との契約とか言って、３００年ほど前から住んでいるらしい。\nクレイボーン\n今では、間違ってリッチを刺激しない様、鍵をしている。\nとは言っても、リッチが住んでいるのは迷宮のずっと奥だ。\nクレイボーン\nしかし、フローディーテの森に行くには、通らなければならないがな。\n・・・行くか？\n相手がリッチでは、勝ち目は無いぞ。
0x63ecd	0x448	ウォーリック	・・・行きます。\n絶対、行きます。
0x63ecd	0x471	クレイボーン	・・・だろうな。\nお前達に、１つだけ忠告したい。\nクレイボーン\nリッチに会ったら、攻撃はするな。\nお前達でも、絶対に勝ち目は無い。\nもし怒らせたら、必ず逃げろ。\n・・・いいな。
0x63ecd	0x500	ウォーリック	・・・わかってます。\n俺達は、リッチと戦いに行くんじゃないですから。
0x63ecd	0x53b	クレイボーン	気を付けて行くんだぞ。\n危険と思ったら、すぐここに逃げて来い。
0x63ecd	0x57a	クレイボーン	んんっ？\n迷宮の奥の鍵だと。\nワシは、知らんぞ。
0x63ecd	0x5a9		チッキン\n男達は国造りのために、森に戻ったわよ。貴方達、暇だったら顔出してあげてちょうだい。
0x63ecd	0x5e8		チュチュリ\n早く、お家に帰りたいなぁ。\n新しいお家って、どんなのかなぁ。
0x63ecd	0x616		ドボジテ\nここの遊び場もいいけど、やっぱり外の方がいいや。\n早くお家、なおんないかなぁ。
0x63ecd	0x64f		ワンダフゥ\nみんな、お家をなおしに森に行ったよ。\n僕も手伝いに行こうかなぁ。
0x63ecd	0x683		チチリカおばさん\n皆、森で仕事してるよ。\n後で、お弁当届けに行かなくちゃねぇ。
0x643af	0xe		戦士　ウパリン\nおおっ、あんた達か。\nクレイボーン王は寛大な御方だが、決して無礼な真似なするなよ。
0x643af	0x4f		戦士　ウパリン\nさっきは脅かしちまって、悪かったな。\nみんな、家をやられて気が立ってたんだ。
0x643af	0x90		戦士　ドーチン\nお前達は、好運だ。\n王が来なかったら、俺達に殺されていたぞ。
0x643af	0xc8		戦士　ドーチン\nあの死人使いが、ここを見つけるのも時間の問題だ。
0x643af	0xfb		戦士　ウパリン\nあの死人使いを倒してくれたんだってな。お前等、凄いなぁ。
0x643af	0x131		戦士　ドーチン\n先祖の地も住み慣れちまったなぁ。\nでも、早く国を再興させなくては。
0x643af	0x176		チチリカおばさん\nわたしぁ、水を汲んでるんだよ。\n３鎧７が濡れちゃうと大変だから、気を付けな。
0x643af	0x1ae		チチリカおばさん\nこの水がなかったら、私等はとっくに死んでたよ。\n間違っても、水路にオシッコなんかしちゃ、いけないよ。
0x643af	0x1fb		ドボジテ\n外に行けないなんて、つまんないのっ。\nいつまで、ここに居るのかなぁ。
0x643af	0x22c		ドボジテ\nああっ、エルフだ。\n僕、エルフって初めて見た。\nなんか、カッコイイねぇ。
0x643af	0x265		ワンダフゥ\nこの広場は、僕達の遊び場だよ。\n奥にあるから、安心して遊べるね。
0x643af	0x29c		ワンダフゥ\nソウルンったら、この頃、俺達と遊ばないんだぜ。\n凄い頭にしちゃうしさっ。
0x643af	0x2d8		チュチュリ\nあのアンデットが来た時、とっても恐かったの。\nでも、みんな勇敢に戦ったのよ。
0x643af	0x313		チュチュリ\nこんな暗い所、嫌だなぁ。\n早く外のお家に戻りたい。
0x643af	0x342		戦士　ズドーン\nあ、い、う、え、おぉぉぉ。\nどうだっ。\n俺、人間の言葉・・・うまいだろう。
0x643af	0x383		ざ士　ズドーン\n・・・・・頑張れ。
0x643af	0x3a0		戦士　ボンビカン\nあのアンデッドの戦いは凄かったぜ。\n崖に串刺しになって動けなくなるまで、３剣７を振り回してたんだ。
0x643af	0x3ec		戦士　ボンビカン\nドワーフの戦士に、恐い者なんて無い・・・・・とは言えない。
0x643af	0x425		、ンチッキン\n・・・・・ソウルンちゃん。\nこの前の戦いで、両親を亡くしてから、元気ないのよ。
0x643af	0x460		チッキン\n・・・ソウルンちゃん、たまにいなくなるのよ。\nどこ行ってるのかしら。
0x643af	0x49f		わ⟨18⟩ン戦士　ユッケ\n突然、アンデットが襲って来たんだ。\n他にもスケルトンなんかいたけど、戦ってたのはあの３鎧７のアンデットだけだった。
0x643af	0x4fa		戦士　ユッケ\nアンデット達って、かわいそうだよなぁ。眠っているの無理矢理起されちゃうんだもんなぁ。\nあいつ等、悲しそうな顔してるんだよな。
0x643af	0x55b		ろ⟨1a⟩ン戦士　ジャンクッパ\nあのアンデット、生前、ただ者じゃないぜ。サシの勝負じゃ、勝てなかったぜ。
0x643af	0x59d		戦士　ジャンクッパ\n話は聞いたぜ。\n俺達の分まで頑張ってくれよ。
0x643af	0x5cb		戦士　ジャンクッパ\nまた、新しい国造りだ。\n先祖様に笑われない様に、もっともっと、凄い国にしてみせるぜ。
0x643af	0x618		！ン戦士　プルコギ\n奥にある扉にゃあ、近づかない方がいいぜ。その奥は妖魔の巣だ。\nまぁ、鍵が掛かってるけどな。
0x643af	0x66e		戦士　プルコギ\nあの３鎧７のアンデット。\n・・・生前は、どんな奴だったんだろう。
0x643af	0x6a8		戦士　プルコギ\n・・・・・そうか。\nあのアンデット達も天に逝ったか。\n冥福を祈りたいね。
0x643af	0x6e8		戦士　ウパリン\n話は聞いたぜっ。\n頑張れよ。
0x643af	0x709		戦士　ドーチン\n奴は手強いぞっ！
0x643af	0x723		戦士　ボーカウン\n頑張れよ。\nあんたなら、絶対負けないよ。
0x643af	0x74c		戦士　ザリジ\nあの死人使いだけは、絶対に逃すなっ。
0x6491d	0x12		ウィズバスキー\nこの３鎧７は、いい出来になるぞ。\n３鎧７はドワーフの心の鏡という言葉があるくらいなんだぞ。
0x6491d	0x5c		ウィズバスキー\nむむっ。\nここが難しいんだ。\nこの肩の装飾が成功すれば、最高の３鎧７が出来るんだがなぁ。
0x6491d	0xa7		・ゆンー\nンウィズバスキー\n銀製品に興味があるのかい？
0x6491d	0xd0		，ン・売ってほしい。\n・いらないよ。\n・物を買い取ってほしい。\n・おじさんと話がしたい。
0x6491d	0x103		ウィズバスキー\nそうか、そりゃ残念だな。\nまぁ、いいのが出来たら売ってやるから、いつでも来な。
0x6491d	0x163	レイナ	買物は、また後にします。\nどうもありがとう。
0x6491d	0x18c	レイナ	ごめんなさい。\nお金が、足りないの。
0x6491d	0x1b1		ウィズバスキー\nこいつは、ミスリル銀製のタワーシールドだ。\n聖獣　ユニコーンの装飾がバッチリ決まって、なかなかいい出来だろう。\nこれ以上の３盾７は、そう無いぜ。
0x6491d	0x235	レイナ	ミスリル銀の加工って、難しいんですってね。
0x6491d	0x262	ファーニス	ユニコーンって、あまり見れないのよね。\n私も１回しか見た事ないよ。
0x6491d	0x29d		ウィズバスキー\nミスリル銀のおかげで、スケイルメイルの弱点でもあった重さを克服。\n高い防御力に合わせて、着心地も大幅にアップだ。\n見た目もキレイだろぉ。\n商売じゃなかったら、売らないぜ。
0x6491d	0x335	レイナ	以外と安いのね。\n卸し値価格なのかしら。
0x6491d	0x368	ファーニス	普通の鉄とは、輝きが違うね。\nミスリルって軽いから、私にも着れるよ。
0x6491d	0x3a1		ウィズバスキー\nこいつは、ミスリル銀製のラメラーアーマーだ。\n人間の魔導士や錬金術が造った、紛い物の銀とは違うぜ。\n純粋なミスリルの板片を使ってんだ。どうだい、買うかい。
0x6491d	0x432	レイナ	魔法が掛かってるわけじゃないのに、凄い防御力ね。
0x6491d	0x467	ファーニス	でも、ここの商品って、他の店と比べると安いね。\n赤字にならないの？
0x6491d	0x4a1		ウィズバスキー\n下に着られる３鎧７の中じゃ、これ以上の物は無いんじゃないか。\nこいつは保証付きだぜ。\n一着造るのに、かなりの時間と銀を使っているから、ちょっと値は張るよ。
0x6491d	0x52d	レイナ	私やファーニスも着れるわね。\nマントの下にこれ着たらいいだろな。
0x6491d	0x569	レイナ	私が今、着ている物ね。\nほらっ、とっても素敵でしょ。
0x6491d	0x5a1	ファーニス	この３鎧７１つ造るのに、どのくらいの銀を使ってるの？
0x6491d	0x5ce		？ン\nウィズバスキー\nこいつは、俺の傑作だよ。\n装甲配分も関節加工も装飾も完壁な仕上がりだ。\nどうだ・・・胸に輝くグリフォンが神々しいだろ。
0x6491d	0x653	レイナ	こんなキレイな３鎧７、初めて見たわ。\n床の間にでも飾っておきたいわ。
0x6491d	0x697	ライド	凄ぇな、この３鎧７は。\nどんな攻撃でも跳ね返しそうだぜ。
0x6491d	0x6cf	ライド	こいつはいい。\n全く重さを感じさせないぜ。
0x6491d	0x6ff	ファーニス	カッコいいねぇ。\n私もこんな３鎧７、着てみたぁぁぁぁぁい。
0x6491d	0x72e		ウィズバスキー\nしょうがねぇなぁ。\nその代り、お前さん達が使っている金とは違うぜ。
0x6491d	0x77b	レイナ	ごめんなさい。\nまた今度の機会にお願いします。
0x64e53	0x24	クレイボーン	お前達、来たか。\nこの奥の迷宮を抜ければ、竜がいるはずだ。
0x64e53	0x63	ウォーリック	その前に、貴方の国が襲われた時の事を教えて下さい。\nあのアンデット・・・俺の知合いなんです。
0x64e53	0xb5	クレイボーン	何と・・・貴奴と会ったのか！\n・・・まぁ、いいだろう。\nクレイボーン\n数日前、いきなりあの男が現れた。\nアンデットを引き連れてな。\n青白い顔をした、薄汚れた黒いローブを羽織った小柄の男だ。
0x64e53	0x165	ライド	あのハゲ親父の事だな。
0x64e53	0x186	クレイボーン	貴奴は、１人のアンデットを自慢気に見せると、『実験に参加せよ』などとぬかしおってな。\nクレイボーン\nその時既に、ゾンビやスケルトンが国を囲んでいた。\n戦士達は、女子供を守りながら必死で戦い、ここまで逃げて来たんだ。\nクレイボーン\nワシを含めた数十人の戦士が、あのアンデットに向かったが、崖に串刺しにして食い止めるのが精一杯だった。\nクレイボーン\n日に何度か偵察を出して、奴の行動を警戒しているが、貴奴がここを見つければ、また襲って来るに違いない。
0x64e53	0x2e1	クレイボーン	あんたには悪いが、今度、貴奴が現れたら必ず倒してみせる。
0x64e53	0x314	ウォーリック	・・・俺にやらせて下さい。
0x64e53	0x347	ウォーリック	・・・ランバートは・・・俺が倒します。\nあいつは俺の手で倒します。\n俺が倒すまで、手を出さないで下さい。
0x64e53	0x3a4	クレイボーン	・・・いいだろう。\nお前が倒すと言うなら、手は出さん。しかし、失敗した場合は私達がやる。・・・いいな。
0x64e53	0x404	ウォーリック	・・・はい。
0x64e53	0x421	クレイボーン	貴奴が現れたら、護衛の者が知らせに来るはずだ。\nそれまで、ここにいた方がいい。\n外に出て発見されても困るからな。
0x64e53	0x47a	クレイボーン	この暗い迷宮の中で、みんなよく我慢している。\nまぁ、先祖の地と言って、喜んでる者もいるのが救いだな。
0x64e53	0x4db	クレイボーン	ウォーリックとか言ったな。\nお前に、あのアンデットが倒せるか？友だとしても、その者にはもう感情は無いのだぞ。
0x64e53	0x531	ウォーリック	・・・大丈夫です。\n必ず、俺の手で・・・。
0x64e53	0x564	クレイボーン	・・・人間にしては、強いな。\nだだし、これだけは忘れるな。\n情に流されれば、お前は必ず負ける。\nクレイボーン\n自分に勝てぬ様では、貴奴には勝てないぞ。\n・・・お前が勝つ事を、貴奴も望んでいるであろう。\nクレイボーン\nんんっ！？\n・・・・・何事だ、騒がしいぞっ。
0x64e53	0x637		・ぱン・のンー⟨18⟩ン戦士　ボーカウン\n王は、どこにいる。
0x64e53	0x65d		、ンーン・ぱン・のンー⟨1b⟩ン戦士　ザリジ\n早く、報告するんだ。\n急げ、急げっ！
0x64e53	0x6c6		戦士　ザリジ\n国内に例の死人使いが現れました。\nあのアンデットも一緒です。\nまだ、ここは気付かれていません。
0x64e53	0x725	クレイボーン	そうか、やはり来たか。\nお前達は正門を固めろ。\nそれから、決して手は出さぬ様、全員に伝えるんだ。
0x64e53	0x7aa	クレイボーン	・・・行って来い。\nそして、気が済むまで戦って来い。
0x64e53	0x7e2	ウォーリック	・・・はいっ。
0x65408	0x2e	ウォーリック	ここが、奥へ続く扉だな。
0x65408	0x5d	ファーニス	・・・・・んんっ？\nこんな所に、おっきいキノコが生えてるよ。\nそれに、ちょっと動いてるみたい。
0x65408	0xb0	ライド	しかし、不気味なほどにデカいな。\n猛毒のキノコの可能性がある。\nちょっと、３剣７でつっついてみるか。
0x65408	0x11d		。ン男の子の声\nギャッ、痛いっ。
0x65408	0x168		ドワーフの子供\nうぅぅぅぅぅぅ。\n何するのぉ、痛いよぉ。
0x65408	0x19b	ライド	おおっ！\nキノコかと思ったら、ドワーフの子供じゃんか。\nライド\nいやぁぁぁ、悪ぃ悪ぃ。\n大丈夫か、坊主。
0x65408	0x1f2		ドワーフの子供\n坊主じゃないもん。\n・・・僕、ソウルン。
0x65408	0x229	レイナ	ソウルンちゃんって言うんだ。\nカワイイ名前ね。\nでも、こんな所で何してるの？
0x65408	0x267	ソウルン	あのね、おじちゃんと秘密の遊びをしてるんだ。\nでも、秘密の遊びだから、教えちゃいけないんだよ。
0x65408	0x2ba	ライド	ふぅぅぅぅぅん。\n・・・なぁ、ソウルン。\nお前、なかなかイッてる頭してるじゃんか。
0x65408	0x303	ソウルン	うん・・・カッコいいでしょ。\nこれ、アフロ頭って言うんだって。\nおじちゃんにやってもらったんだよ。
0x65408	0x351	ライド	また、秘密のおじちゃんか？\nしかし、凄い趣味してるドワーフだな・・・その、おじちゃんって。
0x65408	0x399	ソウルン	違うの。\nおじちゃんは、ドワーフじゃないよ。
0x65408	0x3bc	ライド	ドワーフじゃない？\nじゃあ、何者なんだ。
0x65408	0x3e1	ソウルン	秘密だよ。\nおじちゃんと、僕との、秘密だよぉぉぉん。
0x65408	0x446	ライド	おおっ！\n待て、ソウルン。\nライド\n・・・・・行っちゃったぜ。
0x65408	0x488	ファーニス	へへっ・・・ソウルンちゃんか。\n頭が歩いてるみたいで、カワイイねぇ。
0x65408	0x4c2	ライド	・・・・・フッ。\n頭のデカい奴見ると、ダイガーンを思い出すぜ。
0x65408	0x4f5		ョ・ンー　ンソウルン\nお守りは、ちゃんと持ってるしね。\nおじちゃんの所に、遊びに行こうかな。
0x65408	0x52f	ソウルン	クスン、クスン。\nおじちゃん・・・いなくなっちゃったの。僕を置いて、いなくなっちゃったの。
0x65408	0x575		近衛　コムタン\nここが、我らドワーフ族の先祖の地です。
0x65408	0x59b		近衛　コムタン\n奥に続く迷宮は、我らドワーフでも行けないんだ。\n多くのトラップがあるからな。
0x65408	0x5da		！ン近衛　ナシゴレン\n我がドワーフ族は、どんな苦境でも耐えられます。
0x65408	0x604		近衛　ナシゴレン\n奥の迷宮は気を付けて下さい。
0x65408	0x640	ウォーリック	この先にフローディーテの森があるのか？
0x65408	0x661	レイナ	鍵が掛かってるわ。\nクレイボーンさんに、開け方を教えてもらいましょう。
0x65408	0x698	ウォーリック	その前に、やらなきゃいけない事がある。
0x65408	0x6bc	レイナ	・・・ランバートさんの事ね。
0x65408	0x6d7	ウォーリック	そうだ。\n出来るものなら、俺の手で楽にしてやりたい。
0x65408	0x709	レイナ	それにしても、大きな鍵が付いてるわね。\n中は、どうなっているのかしら。
0x65408	0x745	レイナ	さぁ。\nクレイボーンさんに、ここを開けてもらいましょう。
0x65408	0x775	レイナ	・・・さてと。
0x65408	0x794		鍵を開けた。
0x65408	0x7b7	ウォーリック	さあっ。\n行くぞ！
0x65956	0x35	ファーニス	ああっ！\n私、今なんか踏んだよ。
0x65956	0x76	レイナ	テレポート　トラップね。\n飛び先が、針山とか水中とか、悪質なモノじゃなくて助かったわ。\nこれからは、慎重に行かなくちゃね。
0x65956	0xe4	ファーニス	ごめんなさぁぁぁぁぁい。\nこれからは、足元に注意します。
0x65956	0x136	ファーニス	ゴメン。\nまた何か踏んじゃった。
0x65956	0x1aa	ライド	こんな太い矢が飛んで来たぜ。\nかわせなかったら、ヤバかったなぁ。
0x65956	0x1e9	ファーニス	・・・ごめんなしゃい。\n今後、気を付けます。
0x65956	0x238	ファーニス	ごめんなさぁぁぁい。\nまた私だよ。
0x65956	0x2f2	ライド	ふぅぅぅっ。\n今のはマジでヤバかったぜ。
0x65956	0x31e	ファーニス	・・・面目にゃい。
0x65956	0x347	ファーニス	わぁ、キレイなお水。\n・・・・・ふむふむ。\nこの水飲めるよ、ウォーリック。
0x65956	0x39b	ファーニス	ここにも水が湧いてる。\nへへっ・・・冷たくて気持ちいいね。
0x65956	0x3e5	ファーニス	お水、美味しそうだね。\n・・・ねぇ、ちょっと休憩しよぉ。
0x65956	0x42c	ライド	ノドが渇いたな。\nちょっと休もうぜ。
0x65956	0x457	レイナ	少し休んで行きましょうか。
0x65956	0x471		・\nン・休んで行こう。\n・先を急ごう。
0x65956	0x49f	ファーニス	涼しくて気持ちいいねぇ。\n魔物がいなければ、いい所なのになぁ。
0x65956	0x4dd	ライド	迷宮って、ジメジメしたイメージがあるが、ここは湿気が少ないし、涼しくていいなぁ。
0x65956	0x528	レイナ	数百年前には、たくさんのドワーフ達が、ここで生活してたんでしょうね。
0x65956	0x56c	ライド	・・・うぐぐぐぐぐっ。\n水が、腹にきた様だぜ。
0x65956	0x5b5	ファーニス	・・・カラッポだよ。
0x65956	0x5d6	ファーニス	ああっ、宝箱だ。\n早く開けてみようよ。
0x65956	0x610		深海の弓を手に入れた。
0x65956	0x637	ライド	ラッキー、宝箱だぜ。
0x65956	0x657	ファーニス	待って、ライド。\nワナが仕掛けてありそうだよ。\n・・・・・私が開けてみる。
0x65956	0x6e1	レイナ	また、テレポート　トラップね。
0x65956	0x705	ファーニス	ゴメン。\n失敗しちゃった。
0x65956	0x72c	ファーニス	ああっ！\n宝箱みっけ。
0x65956	0x75c		ヒールポーションを手に入れた。
0x65956	0x781	ファーニス	へへっ。\n宝箱、見つけちゃった。
0x65956	0x7b4		ヒールポーションを手に入れた。
0x65e1c	0x3e	ライド	おおっ、ラッキー。\nこんなに宝箱があるぜ。
0x65e1c	0x6b	ナッツ	・・・待って、ライド。\n何か、おかしい。\n宝箱の中から、気配を感じる。
0x65e1c	0xb4	ウォーリック	・・・気配？\n中に誰かいるのか、ナッツ。
0x65e1c	0xdf	ナッツ	・・・・・確かに・・・何かいる。
0x65e1c	0x11f	ライド	隠れている事は、わかってるんだ。\nとっとと、出てこい。
0x65e1c	0x165	ライド	・・・フッ。\nいい度胸だ。\nライド\nウォーリック、ナッツ。\n端から、叩っ斬ってやろうぜ。
0x65e1c	0x1b6	ナッツ	オッケー、ライド。\nナッツ\n・・・・・んんっ！？
0x65e1c	0x1ff		、ン宝箱\n１つ。\n人喰い宝箱。
0x65e1c	0x21d	宝箱	２つ。\n不死身の大復活。
0x65e1c	0x23d		。ン宝箱\n３つ。\n見てくれこの雄姿。
0x65e1c	0x25f	宝箱	４つ。\n陽気な４人衆。
0x65e1c	0x28c	ウォーリック	・・・まっ、まさか。
0x65e1c	0x344		ぴ使い、ラキューイ。
0x65e1c	0x367		れ使い、パインチャ。
0x65e1c	0x3a9		おなじみ特戦隊全員\n・・・我ら、最強。
0x65e1c	0x485		おなじみ特戦隊全員\nダークエルフ　特　戦　隊！
0x65e1c	0x4e4	ライド	・・・なぁぁぁんだ。\nまた、お前達かよ。
0x65e1c	0x52e		特戦隊の隊長　ジーナス\n５対４なんて、ズルイぞぉぉぉっ。\n・・・今度、会う時は必ず勝つ。\nさらばだ、はっはっはっは・・・・・。
0x65e1c	0x596	ファーニス	・・・・・んんっ？\n宝箱のすみに、何かあるよ。
0x65e1c	0x5ce		白銀の鍵を手に入れた。
0x65e1c	0x609	ファーニス	出口かな？\n・・・この扉、鍵が掛かってるよ。
0x65e1c	0x64a	レイナ	うぅぅぅん。\n・・・開きそうにないわね。
0x65e1c	0x679	レイナ	鍵でもあるのかしら。\nクレイボーンさんは、何も言ってなかったわよねぇ。
0x65e1c	0x6b9	レイナ	この鍵で開きそうね。
0x65e1c	0x6e1		白銀の鍵を使った。
0x65e1c	0x709	レイナ	・・・鍵穴もピッタリ。\n開いたわよ。
0x662be	0x1e	ファーニス	石が積んである。\nリッチ対策で、ドワーフさん達が封印したのかな。
0x662be	0x64	ライド	かなり昔に閉じた様だな。\n・・・石、崩せそうか？
0x662be	0x9d	ファーニス	ねぇ、私にやらせて。
0x662be	0xb9	ライド	何するつもりだ、ファーニス？\n腕が折れちまうぞ。
0x662be	0xe2	ファーニス	へへっ、大丈夫だよ。\nナッツちゃんから、拳法教えてもらったんだ。\nはいっ、下がって、下がって。
0x662be	0x16d	ファーニス	必殺海老反り、開脚大回転、熱帯竜巻、３回半ひねり、プリティ、ファーニス、ヘッド　ブァァァァァット！
0x662be	0x244	ライド	・・・・・はい、御苦労。
0x662be	0x260		！よンーン・ねン・めン・なでン
0x662be	0x27a	ウォーリック	・・・３剣７で崩せそうだな。\nライド、ナッツ、手を貸してくれ。
0x662be	0x2b4	ライド	おおぅ。\n鉄の扉に気を付けろ。\nまともに斬り付けたら、刃こぼれしちまうぞ。
0x662be	0x2fd	ウォーリック	じゃあ、やるぞ。
0x662be	0x320	ウォーリック	・・・・・であっ！
0x662be	0x397	ウォーリック	行けるぞ。\n鍵は掛かっていない。
0x662be	0x3c1	レイナ	かなり寂れているみたいね。\n気を引き締めて入りましょう。
0x662be	0x3f8	ファーニス	・・・何もないよ。
0x662be	0x418	ファーニス	・・・カラッポだよ。
0x662be	0x436	ファーニス	・・・ここのは、もう取ったよ。
0x662be	0x4b1	ナッツ	・・・んんっ？\n今、誰かいなかった。
0x662be	0x4f3	ナッツ	わからない。\nでも、誰かいたのよ。
0x662be	0x521	レイナ	つけられてる可能性はあるわね。\n特戦隊かしら。
0x662be	0x557	ウォーリック	・・・カームかもな。\nまぁ、考えても仕方ない。\n先に進もう。
0x662be	0x5c0	ナッツ	・・・まただわ。\n今、誰かいなかった？
0x662be	0x5f0	ファーニス	んんっ？\n・・・何も感じないよ。
0x662be	0x619	ナッツ	気のせいかしら？\n誰か、いたと思ったんだけどなぁ。
0x662be	0x662	レイナ	この中にいるわね。\n扉越しでも、魔力が伝わってくるわ。
0x662be	0x6a1	ファーニス	・・・ウォーリック。\n無理して会わなくても、いいんでしょ。早く、ここ出ようよぉ。
0x662be	0x6e4	ウォーリック	あえて、危険を冒す事もないだろう。出口を探そう。
0x66784	0x1a	ファーニス	・・・・・大丈夫。\nここの水も、飲めるよ。
0x66784	0x55	ファーニス	ちょっと疲れたね。\n休もうよ、ウォーリック。
0x66784	0x7e	ライド	ちょっと、休憩しないか？\n休める時に、休んでおこうぜ。
0x66784	0xb7	レイナ	ねぇ、ウォーリック。\nちょっと、休んで行きましょうよ。
0x66784	0xdf		・休んで行こう。\n・先を急ごう。
0x66784	0x109	ファーニス	へへっ。\n冷たくて、気持ちいいねぇ。
0x66784	0x13c	ライド	うぃぃぃぃぃっ。\nこいつぁ、生き返るぜぇ。
0x66784	0x170	レイナ	湿度も低いし、良いところね。\n魔物がいなければ、最高なのに。
0x66784	0x1ae	ファーニス	へへっ。\nこんな所に隠してあるよ。
0x66784	0x1ea		エレメンタル　ガードを手に入れた。
0x66784	0x21c	ファーニス	ラッキー。\n精霊の鎧だよ。\nこれって、風の精霊を召喚して、身に纏えるんだ。
0x66784	0x269	ファーニス	こんな所に、宝箱がある。\n・・・何か、ワクワクするね。
0x66784	0x2b4		飛鳥剣を手に入れた。
0x66784	0x2dc	ファーニス	宝箱だよ。\n何が入っているのか、楽しみ。
0x66784	0x318		何も入っていない。
0x66784	0x33d	ファーニス	・・・何か、とっても腹が立つね。
0x66784	0x367	ファーニス	へへっ。\n宝箱があるよ。
0x66784	0x39c		ヒールポーションを手に入れた。
0x66784	0x3c8	ファーニス	・・・・・このポーション。\n賞味期限、大丈夫？
0x66784	0x3fa	ファーニス	宝箱、みっけ。\nファーニス、ラッキー。
0x66784	0x42f		金の魔導弾を手に入れた。
0x66784	0x454	ファーニス	宝箱だよ、ウォーリック。\n・・・私が開けていい？
0x66784	0x4f0	ファーニス	お恥ずかしい。
0x66784	0x52a	ファーニス	おろっ。\n何か、嫌な予感。
0x66784	0x586	ライド	・・・今の、魔法の矢だったぞ。\n直撃ならイチコロだぞ、イチコロ。
0x66784	0x5d0	ファーニス	ふぇぇぇん。\nごめんなしゃぁぁぁい。
0x66784	0x618	ファーニス	また、やっちゃったよ。\nすいましぇん。
0x66784	0x68c	ライド	・・・ふぅぅぅぅぅっ。\nファーニス・・・トラップの見分け方、勉強しろよ。
0x66784	0x6d7	ファーニス	はい。\n努力します。
0x66784	0x6fa	ファーニス	わぁぁぁぁぁっ、凄い落し穴。\n底が、見えないくらい深いよ。
0x66784	0x735	レイナ	ふぅぅぅぅぅ。\n一時は、どうなるかと思ったわ。
0x66784	0x767	ライド	しかし、ソウルンの言うおじちゃんが、マージスだったとは、驚きだな。\nでっ、先へ進むんだろう。
0x66784	0x7a8	ウォーリック	ああっ、もちろん。\nわけを話してでも、通してもらう。
0x66784	0x7d0	ライド	・・・それがいい。\n奴と戦うのは、利口じゃないからな。
0x66c7d	0x1e	ライド	待て、ファーニス。\n・・・足元を見るんだ。
0x66c7d	0x55	ファーニス	ええっ、何？
0x66c7d	0x6b	ライド	ちょっと、色の変わった石畳があるだろう。\nそれが、トラップのスイッチだ。\nライド\nそれを踏むと、作動する仕組みになっている。
0x66c7d	0xd7	ファーニス	ああっ、本当だ。\nライド、すごぉぉぉぉぉい。
0x66c7d	0x11a	ライド	この場合、この石畳をサッと避ける。・・・それっ。
0x66c7d	0x16b		！ライド\nあっ！
0x66c7d	0x232	ファーニス	今までの中で、１番ヤバそうだよ。
0x66c7d	0x259	ライド	・・・面目ない。
0x66c7d	0x27c	ウォーリック	それより、脱出の事を考えよう。\n思ったより、幅はあるなぁ。
0x66c7d	0x2bb	ナッツ	んん！？\nまた、気配を感じる。\n・・・正面の物陰よ。
0x66c7d	0x328	ライド	あの頭、ソウルンじゃないか？・・・お前、ソウルンだろ。\n出て来いよ。
0x66c7d	0x38e	ライド	やっぱり、ソウルンだぜ。\nなぁ、ソウルン。\n誰でもいいから、助けを呼んで来てくれないか？
0x66c7d	0x3d2	ソウルン	・・・うん。
0x66c7d	0x416	レイナ	それにしても、変ねぇ。\n何でソウルンちゃんが、ここにいるの。魔物だっているのに、１人でここまで来たのかしら？
0x66c7d	0x466	ウォーリック	そう言えば、そうだな。\nそれに、ソウルンが来た方向は、迷宮の奥だ。\n誰を呼んで来るつもりだ？\nウォーリック\n・・・まっ、まさか！
0x66c7d	0x510	マージス	・・・ソウルン。\n君は、お友達の所に帰りなさい。\n私があげた護符は、ちゃんと持っているね。
0x66c7d	0x55c		・ンー　ンソウルン\nうん、持ってる。\nおじちゃんに教えてもらった、抜け道を通って帰るね。
0x66c7d	0x597	マージス	んん、いい子だ。
0x66c7d	0x5db	マージス	・・・愚かな冒険者達よ。\n私の首でも、取りに来たのか？\n今回は見逃そう。\n早々に立ち去るがよい。
0x66c7d	0x63f	ライド	あんたが、リッチのマージスかい？\n立ち去れって言われても、この状態じゃ、何も出来ないぜ。
0x66c7d	0x67f	マージス	・・・フッ。\nなかなか、威勢がいいな。\nマージス\nトラップは解除してやろう。\n命が惜しいなら、この迷宮を早く出る事だ。\n・・・わかったな。
0x6719b	0x26	マージス	・・・愚かな。\n私を倒しに来たか。\nいいだろう・・・相手になろうぞ。
0x6719b	0x76	ウォーリック	ちょっと待った。\n俺達は、戦いに来たんじゃないんです。\nウォーリック\n俺達は、フローディーテの森に行きたいんです。\nそのために、ここまで来ました。
0x6719b	0xd5	マージス	フローディーテの森？\n竜に会いに行くのなら、通せんな。\nマージス\n今は、大事な時期だ。\n得体の知れぬ者を、通すわけにはいかん。\n・・・んんっ？\nマージス\nおい、威勢のいいお前。\nお前の持っているその３剣７、どこで手に入れた！？
0x6719b	0x18c	ライド	こっ、この３剣７の事か。\n・・・この３剣７は、ある人からもらったんだ。\n何か、文句あんのかよ。
0x6719b	0x1da	マージス	もらった！？\n・・・・・フッ。\nそうか・・・もらったのか。
0x6719b	0x223	ナッツ	マージス様。\n私を覚えていますか。
0x6719b	0x245	マージス	・・・・・んんっ？\n姿は人間の女だが・・・貴様、獣人だな。\nワータイガーか、ワーウルフか？
0x6719b	0x2a7	ナッツ	ワータイガーです。\n以前、砂の城で１度だけお会いいたしました。\n執事のナッツです。
0x6719b	0x2ef	マージス	ナッツ！？\n・・・おぉぉぉっ、記憶にあるぞ。\nでは、お前達はカルの知合いか？
0x6719b	0x33e	ナッツ	はい。\n伯爵様より、マージス様に当てた手紙を預かっています。
0x6719b	0x387		７⟨14⟩ナッツは懐から手紙を出すと、マージスに手渡した。
0x6719b	0x3c1	マージス	読ませてもらおう。\n・・・・・・・・・・・・・・・・・・・・・・・・・・・・・・。\nうぅぅぅぅぅむ。\nマージス\n・・・・・カルめ。\nとんでもない事を考えおる。\nマージス\nお前達が、カルの知合いなら話は別だ。森への扉を開けるがいい。
0x6719b	0x47c		マージスの鍵を受け取った。
0x6719b	0x4be	レイナ	・・・鍵が掛かってるわ。\n開ける鍵は、マージスの所かしら？
0x6719b	0x4ff	ファーニス	ねぇ。\nやっぱり、行くのぉ？
0x6719b	0x526	ウォーリック	むこうの方が、ずっと頭はいいんだ。無益な戦いは、仕掛けて来ないだろう。
0x6719b	0x568	ナッツ	そうそう。\nニコニコ笑ってれば、うまくいくよ。
0x6719b	0x591	レイナ	・・・鍵が掛かってるわよ。
0x6719b	0x5bc	ファーニス	カル伯爵の言ってた『使い』って、この事だったんだ。\nファーニス\nそれにしても、人が悪いよ。\nマージスさんの事、知ってるなら知ってるって、言ってくれればいいのに。
0x6719b	0x62b	ナッツ	フフッ。\n黙っていて、ゴメンなさい。\nでも、うまくいくって言ったでしょ。\nナッツ\n伯爵様とマージス様は、昔からの友だそうよ。\nナッツ\nそれより、ライド。\nマージス様は、貴方の３剣７に興味があったみたいだけど。\n・・・どうして？
0x6719b	0x6d0	ライド	さぁぁぁな。\n俺の３剣７に、恐れをなしたんだろう。\n斬れ味いいからな、コイツ。\nハハッ。\nライド\n・・・それより、ほら。\n早く開けようぜ。
0x6719b	0x744		マージスの鍵を開けた。
0x676b1	0x28	ウォーリック	これが、フローディーテの森か。\n・・・かなり深そうだな。
0x676b1	0x5d	レイナ	・・・遠見の水晶は使えるわよ。\nでも、大丈夫かしら？\nこんな森、入った事ないから不安ね。
0x676b1	0xab	ファーニス	私と、ナッツちゃんがいれば、どんな森だって迷わないよ。\nさっ、行こ行こっ。
0x676b1	0xef	ファーニス	こんな所に塔があるよ。\nいったい、何だろうね。
0x676b1	0x133	ファーニス	ここ、前に通った気がしない？\n何か、おかしいなぁ。
0x676b1	0x165	ナッツ	そう言われれば・・・そうね。\n一回、森の入口にもどった方がいいわ。
0x676b1	0x1b1	レイナ	何か、不安になってきたわ。\n迷わない様に、遠見の水晶をこまめに見ましょう。
0x676b1	0x1f5	ライド	何か、迷ってないか？\nファーニス、ナッツ、頼むぞ。
0x676b1	0x222	ファーニス	ちょっと、不安になってきた。\n一回、マージスのおっちゃんの所に戻ろうよ。
0x676b1	0x269	ファーニス	おかしい・・・絶対に、おかしいよ。森から、抜けられない。
0x676b1	0x2a9	レイナ	ファーニスや、ナッツでも方向を見失うなんて。
0x676b1	0x2d2	ライド	このままじゃ、森の中で野垂死だぜ。何とか、脱出せねばなぁ。
0x676b1	0x314	ナッツ	完全に迷ったわ。\n・・・ちょっと、ヤバいわね。
0x676b1	0x359		ニジンー　ンカーム\n・・・お久しぶりね、皆さん。\n私の事、覚えていて？
0x676b1	0x398	ウォーリック	その声・・・・・カームだな。\n出て来い、カーム。
0x676b1	0x41b	カーム	どう、ウォーリック。\n初めて私を見た感想は。\n思ったより、美人だったかしら？
0x676b1	0x45f	ウォーリック	・・・・・お前が、カームか。\nなぜ、俺達の邪魔をする。
0x676b1	0x492	カーム	・・・そのナイフの存在が、私には邪魔なのよ。\nそのナイフ、私に渡してもらえるかしら？
0x676b1	0x4d7	ウォーリック	・・・断る。\n魔神軍には、渡せん。
0x676b1	0x505		・ンカーム\n・・・・・魔神軍ねぇ。\nところで、貴方達・・・魔神の存在は、信じているのかしら？
0x676b1	0x559	ウォーリック	・・・魔神の存在だと？
0x676b1	0x57a	カーム	貴方達は好運なのよ。\n９００年前に世界を滅ぼした、伝説の魔神。\nその力、体験出来るのだから。
0x676b1	0x5f2		！ンカーム\n・・・私の名は、カーム。\n異世界の扉を開く、召喚師。\n破壊の女神に魅入られた、女王。\nカーム\n闇と共に生まれし、異界の住人よ。\n我は、汝をこの地へ招かん。\n我が敵の血肉と交わし、召喚に答えよ。
0x676b1	0x6ca	カーム	・・・貴方達、強いわね。\n私の想像を、遥かに上回っているわ。私では、モノ足りなかったかしら？\nカーム\nでも、楽しみが増えたと言うものね。私の肉体は、カームだけではないのだから。\n・・・また、会いましょう。
0x676b1	0x7a3		、⟨18⟩ン・めン・ゆン
0x676b1	0x7b7	ウォーリック	・・・・・カーム。\n一体、何者なんだ！？
0x67c56	0x34	ウォーリック	うぅぅぅぅぅん。\nここまで来たのはいいが、神官竜どころか誰もいないぞ。
0x67c56	0x6e	ライド	これだけの神殿があるんだ。\n何かあるだろう。\n・・・・・んんっ！
0x67c56	0xc7		？ウンーン・ねン・ぱン・のン
0x67c56	0xe0		白い鎧の女\n・・・・・貴方達ね。\nブラフォードが、ナイフを預けた人達って。
0x67c56	0x11d	ライド	あんた、誰だい？
0x67c56	0x133		白い鎧の女\n・・・私の名前は、セス。\n白竜の守護騎士よ。\n貴方達が来るのを、ずっと待っていたの。
0x67c56	0x17f	ライド	待ってた！？\n俺達が来るのを、知ってたのか。
0x67c56	0x1ab	セス	ええ。\n貴方達の事は、ブラフォードから聞いていたわ。\n白竜の神殿に、ようこそ。
0x67c56	0x1f3	ナッツ	お久しぶりです、セスさん。
0x67c56	0x210	セス	あらっ、ナッツちゃん。\n貴方が付いていたのなら、心配する必要なかったわね。
0x67c56	0x257	ライド	おい、ナッツ。\nこの人と、知合いなのか？
0x67c56	0x27e	セス	砂の城は、元々神官竜を祭った城よ。カル伯爵には、炎竜亡き後、あの地方の精霊達を治めてもらっているのですもの。\nセス\n私達守護騎士は、カル伯爵に大変な恩恵を受けているの。\n今でも色々な事で、相談にのってもらっているわ。\nセス\n・・・それにしても、安心したわ。\n貴方達が、ブラフォードが言ってた通りの人達で。\nセス\n彼は貴方達の事を、本当に楽しそうに話すのよ。
0x67c56	0x37d	ファーニス	かっ、彼ぇぇぇっ！\nブッ、ブラフォードお兄ちゃんとは、どんな関係なのぉ。\nお兄ちゃん、どこにいるのぉ？
0x67c56	0x3c2	セス	えっ？\n・・・貴方、ファーニスね。\n話はよく、彼から聞いていたわ。\nよろしくね。\nセス\nブラフォードは、ここにはいないの。クーレイアと言う国の、正確な位置を調査している頃よ。
0x67c56	0x449	ウォーリック	クーレイア！？\n魔神軍の本拠地だな。\nそれより、ここにパディッシュ様はいるのかい？
0x67c56	0x485	セス	ええ、おられます。\nその前にウォーリック。\n貴方に、持っていてもらいたい物があるの。
0x67c56	0x4d4		黄金のナイフを受け取った。
0x67c56	0x518	セス	そう。\nこれで、３本のナイフが貴方の手にある事になるわね。\nナイフはこれで全部よ。\nセス\nこのナイフ・・・貴方が持つのが１番ふさわしいと思うの。\n預かってもらえるかしら？
0x67c56	0x59c	ウォーリック	・・・ああ、いいよ。\nそれより、このナイフは一体何の意味があるんだ。\n封印とか言ってたが、何の事だ。\nウォーリック\nこのナイフをめぐって、友も死んだ。俺には、知る権利があるはずだ。
0x67c56	0x623		・ンセス\n友・・・ランバートの事ね。\n彼は勇敢な人だったわ。\nセス\nナイフの事、パディッシュ様に直接聞きなさい。\n・・・貴方も、その方が納得いくでしょう。\nセス\nさぁ、行きましょう。
0x67c56	0x6f6		？エずンーン・ねン・ぱン・のン
0x67c56	0x710	ナッツ	・・・・・私は、ここで帰るわ。
0x67c56	0x738	ファーニス	えぇぇぇっ！\nナッツちゃん、帰っちゃうのぉ。
0x67c56	0x75f		！ンナッツ\nもっと一緒にいたいけど、砂の城をこれ以上留守に出来ないわ。\n・・・私が一緒にいられるのは、パディッシュ様の所まで。\nナッツ\nそれに、セスさんがいるのなら、もう護衛の必要もないと思うの。
0x681ea	0x13	ウォーリック	・・・そうか。\nナッツの本職は、城の執事だし・・・仕方がないな。\nカル伯爵によろしくな、ナッツ。
0x681ea	0x6b	ナッツ	これまでの事は、カル伯爵にちゃんと伝えておくわ。\n・・・旅の成功を祈ります。
0x681ea	0xba	セス	待って、ナッツちゃん。\nカル伯爵に、こう伝えて。\n『貴方達の力、必ず必要になります』って。
0x681ea	0x10a	ナッツ	わかりました。\n伯爵様に、必ず伝えます。\nナッツ\n・・・では。
0x681ea	0x163		ナッツが仲間から外れた。
0x681ea	0x197	セス	・・・さぁ、行きましょう。\n神殿の入口は、ここよ。
0x681ea	0x1d7		セスが仲間に加わった。
0x681ea	0x1f7	セス	私達が付いて行けるのは、ここまでよ。ここからは、貴方１人で行くの。\nセス\n１度入ったら、３鎧７を取るまで出れないから、気を付けてね。\n守護騎士の３鎧７は、最上階にあるはずよ。
0x681ea	0x278	レイナ	・・・・・１人で、大丈夫？\nとても心配だわ、ウォーリック。
0x681ea	0x2b2	ライド	こんなの楽勝だよな、ウォーリック。『守護騎士の試練』とか、硬い事は考えるな。\n・・・まぁ、気楽に行って来いや。
0x681ea	0x317	ファーニス	御土産は、何がいいかなぁ。\n・・・そうだ。\n私に似合う、カワイイ３鎧７がいいなぁ。
0x681ea	0x369	ウォーリック	そんな物ないと思うぞ、ファーニス。
0x681ea	0x386	ファーニス	冗談だよ、冗談。\n・・・気を付けてね、ウォーリック。ウォーリックは、レイナがいないと、とんでもないドジ踏むんだから。
0x681ea	0x3dc	ウォーリック	大丈夫だって。\n３鎧７を取ったら、すぐ戻って来るよ。\nじゃあ、行って来ます。
0x681ea	0x42d		ウォーリックは、鎧の紋章を扉にかざした。
0x681ea	0x459		鎧神　アトォム\nウォーリックよ。\n私の後ろに、守護騎士の３鎧７達が待っているのが見えるだろう。\n鎧神　アトォム\n皆、お前の力になりたがっている。\n気にいった３鎧７が見つかったら、私の所に連れて来るのだ。
0x681ea	0x4e2		鎧神　アトォム\nこの３鎧７を選んだか。\nお前に選んでもらって、この３鎧７も喜んでいるぞ。\n鎧神　アトォム\nこの３鎧７がいた場所の奥に、兄弟ともいえる長剣と３盾７がいるはずだ。\nそれも連れてくるのだ。
0x681ea	0x56c		鎧神　アトォム\nんんっ！？\n３盾７が置いてきぼりだぞ。\n早く連れて来なさい。
0x681ea	0x5c6		鎧神　アトォム\n・・・どうだ、ウォーリック。\nこれが守護騎士の装備だ。
0x681ea	0x5fd	ウォーリック	凄い力を感じる。\nそれに、こんな無垢な３鎧７は初めて見た。
0x681ea	0x62d		・ン鎧神　アトォム\nその３鎧７達は、まるで世界を知らぬ。\nお前と共に成長し、必ずや力になってくれるでろう。\n鎧神　アトォム\nただ、これだけは忘れるな。\nいくら素晴らしい装備でも、それを使う者しだいで装備は曇る。\n鎧神　アトォム\nお前が曇れば、３鎧７や３剣７も曇る。\nさぁ、一刻も早くメーフィス様の所に連れて行け。
0x681ea	0x703	ウォーリック	この３鎧７達、すぐに使えないのかい？
0x681ea	0x725		鎧神　アトォム\nそうだ。\n今のままでは、神竜の力を発揮しない。メーフィス様に、魂のカケラを授かるのだ。
0x681ea	0x7b6		鎧神　アトォム\nさぁ。\n行くのだ、ウォーリック。\n己の力を信じて・・・。
0x6877d	0x1e	ライド	ふぅぅぅぅぅん。\n何だ、この竜の像は？\n・・・凄い迫力、出してんなぁ。
0x6877d	0x71	レイナ	・・・この像・・・魔力を感じる。\n生きてるのかしら？
0x6877d	0xc0	セス	・・・その通り。\nこれは、像じゃないわ。\nパンツァードラグーンって言う、魔導兵器よ。
0x6877d	0x12e	セス	太古の魔導技術の落し子ね。\n１０００年ぐらい前の、国家間戦争に使用されてた様よ。\nセス\n・・・まず、知能の低い小型の竜を生け捕りにするの。\nその後、魔法で脳や内臓を摘出して、防腐処理を施す。\nセス\n神経系と感覚器を調整した体に、３鎧７を融合させれば出来上り。\n体内に人が入り込んで、魔法で神経を融合すれば、自由に動かせるわ。\nセス\nドラグーンの感覚は、そのまま搭乗者の感覚になり、竜の力を思いのままに操れる。\n・・・・・文字通り、生きた３鎧７。
0x6877d	0x2d0	ファーニス	かわいそう。\n・・・じゃあ、１０００年たった今も、死ねないでいるの？
0x6877d	0x30d	セス	ええ。\n大気中の魔力を吸収して、永遠に生き続けるわ。\nその肉体が、破壊されるまで・・・。\nセス\nかわいそうな、ドラグーン達。\n彼等を哀れに思ったパディッシュ様が、世界中から回収したのよ。\nセス\n最初、破壊しようと思って、回収したらしいんだけどね。\n・・・結局、罪もないドラグーン達は、殺せなかったのよ。\nセス\nそれで、ここに祭る事にしたの。\n彼等の魂が癒えるまで・・・。
0x6877d	0x43e	ライド	・・・惨い話だな。\nじゃあ、こいつ等はまだ動かせるんだ。
0x6877d	0x472	セス	そうだけど・・・無理ね。\nドラグーンに入るには、並外れた体力とか、高い魔法知識とか、いろんな条件が必要なの。\nセス\n今の時代に、それだけの条件の揃った人間はいないと思うわ。\nさぁ、先を急ぎましょう。\nパディッシュ様が、待ってるわ。
0x6877d	0x53e	レイナ	・・・ドラグーンか。\nどこか、聞き覚えがあるわねぇ？
0x6877d	0x570	レイナ	・・・ドラグーンか。\n何か、聞いた覚えがあるんだけどなぁ。思い出せないわ。
0x6877d	0x5b1	レイナ	・・・パンツァードラグーン？\n以前、聞いた事があるような。
0x6877d	0x612	レイナ	ねぇ、ウォーリック。\n今、並んでた竜の像、見て行きましょうよ。\n・・・ちょっと、興味あるなぁ。
0x6877d	0x670	ライド	そうそう。\n俺も、ちょっと気になっていたんだ。
0x6877d	0x69f	ファーニス	いっぱい、像が並んでたね。\nあれって、『お地蔵さん』って言うんでしょう。\n前に、ちっちゃいの見たよ。
0x6877d	0x6f4	ライド	うぅぅぅぅぅん。\nそれは大きな間違いだぞ、ファーニス。
0x6877d	0x726	レイナ	ねぇ、ウォーリック。\nちょっと、見て行きましょうよぉ。
0x68c7a	0xbc	セス	そっちは、行っちゃダメよ。\nパディッシュ様の正面に回って。
0x68c7a	0xef		白竜　パディッシュ\nどうしたのだ？\nそんな所ではなく、私の正面に回りなさい。
0x68c7a	0x124		白竜　パディッシュ\n大型の神官竜を見るのは、初めてかね。私と黒竜　ルードは、神官竜の中でも、特に大きい部類に入る。
0x68c7a	0x16f		白竜　パディッシュ\n正面に回ってくれ。\nそんな所では、話も出来まい。
0x68c7a	0x1d9		白竜　パディッシュ\n鎧の塔は、フローディーテの森にある。迷わず行けるであろう。
0x68c7a	0x209	レイナ	遠見の水晶があるから安心ね。
0x68c7a	0x22e		白竜　パディッシュ\n神竜の守護騎士とは、初めての事だ。気を付けて行くのだぞ。
0x68c7a	0x266	ファーニス	何か、ドキドキするねぇ。
0x68c7a	0x28a		白竜　パディッシュ\nおおっ、ウォーリックよ。\n見事、３鎧７を手に入れた様だな。
0x68c7a	0x2c0	ウォーリック	はい。\n・・・この通り。
0x68c7a	0x2e5		白竜　パディッシュ\n実際、神竜の守護騎士など、形だけの存在であった。\n過去、神竜が守護騎士を作る事など、ありえなかったからだ。\n白竜　パディッシュ\nその３鎧７が、どれほどの力を持つのか、想像も付かない。\n果して、人間に着こなせる物なのかどうか・・・・・。
0x68c7a	0x380	ウォーリック	脅かさないで下さいよ。\n大丈夫です。\n３鎧７は、俺を守ってくれます。\nウォーリック\nでは、行って来ます。
0x68c7a	0x3d8		白竜　パディッシュ\n一刻も早く、魂のカケラを吹き込んでもらうのだ。\n魔神が動き出せば、９００年前の悲劇が繰り返されてしまう。
0x68c7a	0x445		白竜　パディッシュ\nよく似合うぞ、ウォーリック。\n守護騎士の名に恥じぬ様、努めるがよい。
0x68c7a	0x490		白竜　パディッシュ\n早速だが、ブラフォードがクーレイアの正確な位置を突き止めたと、連絡があった。
0x68c7a	0x4d2	ファーニス	ブラフォードお兄ちゃん！？\nパディッシュ様・・・お兄ちゃん、今どこにいるの？
0x68c7a	0x506		・ン白竜　パディッシュ\n・・・ブラフォードの妹か。\n案ずるな。\n現在、ブラフォードは、砂の城に行っている。\n白竜　パディッシュ\n魔導王国　クーレイアは、一定の場に留まらぬ移動都市。\n３年周期で移動している事が、やっとわかった。\n白竜　パディッシュ\nしかし、かなり強力な結界が張られており、結界突破には、カルの助力が必要なのだ。
0x68c7a	0x5e7	セス	・・・では、いよいよ。
0x68c7a	0x602		白竜　パディッシュ\n魔法が成功していれば、ブラフォードは斥候として、既に侵入しているはずだ。\n白竜　パディッシュ\nこちらの戦力も十分とは言えないが、魔神が本格的に動き出す前に、手を討たなくてはならない。
0x68c7a	0x68b	ウォーリック	ブラフォードがっ！\n敵地に、たった１人で乗り込むなんて、危険すぎる。\n俺達も、砂の城に急ぎます。
0x68c7a	0x6d3		！ン白竜　パディッシュ\n・・・行ってくれるか。\nアスタルト様を頼むぞ、ウォーリック。お前達だけが、頼みの綱なのだ。\n白竜　パディッシュ\nセスよ。\n皆を、導くのだ。
0x68c7a	0x741	セス	はい、マスター。\n・・・白い鎧の、名に賭けて。
0x68c7a	0x781		白竜　パディッシュ\nまず、ブラフォードと合流するのだ。アスタルト様を制する事が出来るのは、お前達しかいない。\n頼むぞ。
0x691dd	0x31	セス	マスター。\nウォーリック達を、連れて参りました。
0x691dd	0x5c		白竜　パディッシュ\n待っていたぞ。\n私は神官竜の長、パディッシュ。
0x691dd	0x8a	ウォーリック	俺の名は、ウォーリック。\nフロスト様の遺言で、このナイフを届けに来ました。
0x691dd	0xbe		白竜　パディッシュ\nよく、ここまで届けてくれた。\n感謝する。\n・・・そのナイフ、あらためさせてもらいたい。
0x691dd	0x11c		ウォーリックは、３本のナイフをかざした。
0x691dd	0x141		白竜　パディッシュ\n・・・・・確かに。
0x691dd	0x165	ウォーリック	パディッシュ様。\n俺は、このナイフの意味を教えてもらいたい。
0x691dd	0x192		白竜　パディッシュ\n当然、教えなくてはなるまい。\nいや・・・お前達は、知らなくてはならない。\n知る、義務がある。\n白竜　パディッシュ\n・・・魔神の伝説は、知っているだろう。
0x691dd	0x211	ウォーリック	はい、知ってます。\n９００年前に行われた召喚実験の失敗で、神の世界から、魔神を呼び出してしまった。
0x691dd	0x26d	レイナ	魔神は、世界を滅ぼそうと猛威を振るうが、天より舞降りた２頭の神竜の前に倒され、魔神は、神竜と共に自分の世界に帰った。
0x691dd	0x2cd	ファーニス	でも、戦いの爪痕は大きく、壮絶な戦いは精霊達の秩序を奪い、自然のバランスが狂っちゃったんでしょ。
0x691dd	0x31d	ライド	神竜の部下である１０８頭の竜が神官竜を名乗り、狂った精霊達を統治するため、世界中にバラ撒かれた。\n・・・そんな話だったよな。
0x691dd	0x38a		白竜　パディッシュ\n・・・・・そうだ。
0x691dd	0x3ab	ウォーリック	このナイフが、神竜の封印を解く鍵という事は、フォーゲル様から聞きました。\nウォーリック\nしかし、それが何を意味するのかは、教えてもらえませんでした。
0x691dd	0x412		白竜　パディッシュ\nそうか・・・では、この封印の力も知らないのだな。\n白竜　パディッシュ\n２頭の神竜・・・金竜　メーフィス様と、銀竜　アスタルト様。\n我等、神官竜の祖。\n白竜　パディッシュ\n９００年前、確かに魔神をこの世界から完全に滅した。\n・・・だが、それは相討ちによる勝利であった。
0x691dd	0x4eb		袷け討ち。
0x691dd	0x4f8		白竜　パディッシュ\n肉体が滅びようと、神に死はない。\n魂のある限り肉体は蘇生し、永遠に生き続ける。\n白竜　パディッシュ\n魔神は神の世界に帰ったが、メーフィス様とアスタルト様は、この世に残り、この世界で肉体の蘇生を始めた。\n白竜　パディッシュ\nその間、神官竜は精霊の統率に努め、私は、蘇生中のメーフィス様とアスタルト様を、守る任に付いていた。\n白竜　パディッシュ\n蘇生に入ってから、３００年ほどたった頃の事だ。\n銀竜　アスタルト様に、異変が生じた。
0x691dd	0x644		、ン白竜　パディッシュ\nアスタルト様が、突然、姿を消してしまわれた。\n当時、蘇生した体は３割・・・行動を起せる状態ではないはずなのに。
0x691dd	0x6a3		。ンファーニス\n・・・どっか、行っちゃったんだ。
0x691dd	0x6ca		白竜　パディッシュ\n魔神がこの世から去る際に、アスタルト様の魂に、自分の魂のカケラを植え付けたらしい。
0x691dd	0x71f	ウォーリック	魔神の魂が、アスタルト様の魂に・・・。
0x696e5	0xa		白竜　パディッシュ\n蘇生中、魂は最も無防備な状態にある。何の抵抗もない。\nそこを付け入られてしまった。\n白竜　パディッシュ\nアスタルト様は、魔神の魂に負けたのだ。\n魔神の魂はアスタルト様の中で成長し、その細胞を増殖させていった。
0x696e5	0xb0	ウォーリック	世界を救った神竜が、魔神に乗っ取られたのか。
0x696e5	0xdc		白竜　パディッシュ\n残ったメーフィス様は、自分が取り付かれる事と、もし、取り付かれた時の事を恐れ、自らを封印した。\n白竜　パディッシュ\n・・・もう、わかったろう。\nその封印を解く鍵が、その黄金のナイフだ。
0x696e5	0x16a	ウォーリック	・・・封印を解く鍵。
0x696e5	0x194		白竜　パディッシュ\n今、クーレイアを中心として、魔物達が異常に活性化している。\nそれは、お前達も気付いているだろう。\n白竜　パディッシュ\n魔神に乗っ取られたアスタルト様が、完全に復活したと考えられる。\n白竜　パディッシュ\n魔神として蘇れば、我等、神官竜には倒せない。\n神は、神でなければ倒せないのだ。
0x696e5	0x259	ウォーリック	それで、メーフィス様を復活させようと、守護騎士にナイフを集めさせた。
0x696e5	0x28a		白竜　パディッシュ\n・・・・・そうだ。\n白竜　パディッシュ\nしかし、失ったモノも大きかった。\nランバートやエリオット。\n・・・掛替えのない守護騎士達を失ってしまった。\n白竜　パディッシュ\nだが、お前達のおかげで、ナイフは揃った。\nメーフィス様を復活させられる。
0x696e5	0x32f	ファーニス	でもさ、メーフィス様も取り付かれている心配はないの？
0x696e5	0x358		白竜　パディッシュ\nその心配はない。\nそのナイフの輝き・・・魔神に侵されていれば、ナイフは死んだ様に曇る。\n白竜　パディッシュ\nメーフィス様は、この神殿のさらに地下におられる。\nお前達を、待っているのだ。\n白竜　パディッシュ\nさぁ、セスよ。\nウォーリック達を、メーフィス様の所へ・・・。
0x696e5	0x412	セス	はい、マスター。\n行きましょう、みんな。\nこの部屋の奥に、メーフィス様の所に行く道があるわ。
0x696e5	0x467		白竜　パディッシュ\n一刻も早く、メーフィス様を復活させねば。\nアスタルト様が、魔神となって蘇れば、我々では手の出しようがない。\n白竜　パディッシュ\nお前達がここまで来たのも、メーフィス様の御導きだ。\nお前達の手で、メーフィス様を復活させてくれ。
0x696e5	0x501	ウォーリック	わかりました。\n俺達に、任して下さい。
0x696e5	0x52b		白竜　パディッシュ\n現在、ブラフォードには、アスタルト様の所在を調べてもらっている。\n・・・見当は付いているがな。
0x696e5	0x57c	ファーニス	クーレイアだね。
0x696e5	0x58e		白竜　パディッシュ\nクーレイアは、外敵の侵入を防ぐため、強力な結界が張られている。\n困難な仕事だが、ブラフォードなら見つけられるであろう。
0x696e5	0x5e9	ファーニス	そうそう。\nだって、私のお兄ちゃんだもん。
0x696e5	0x61e		る。\n・・・メーフィス様が。
0x696e5	0x642		白竜　パディッシュ\n・・・わかっている。\nまだ、早かった様だな。\n白竜　パディッシュ\nしかし、心配はいらぬ。\nメーフィス様は、我々に大きな力を残して下さった。\nウォーリックと言う、大きな力を。\n白竜　パディッシュ\n守護騎士の力は、マスターたる竜の力。神竜の力が宿った３鎧７を着る守護騎士は、アスタルト様に対抗出来る、唯一の力なのだ。\n白竜　パディッシュ\nセスよ、急ぐのだ。\n一刻も早く、ウォーリックを鎧の塔に。
0x696e5	0x73f		。ンセス\nはい、マスター。
0x696e5	0x756		白竜　パディッシュ\n・・・ウォーリック。\n情けない事だが、今の私には、お前を応援する事しか出来ない。\n頼む・・・頑張ってくれよ。
0x69bdd	0x27	ライド	蒸し暑いなぁ。\n俺、苦手なんだよな、ジメジメした所って。
0x69bdd	0x61	ファーニス	ホント、湿度が高いねぇ。\n・・・床とか生きてるみたいで、気持ち悪ぅぅぅい。
0x69bdd	0xa8	ライド	やれやれ。\n３鎧７が錆びない様に、後で手入れしなくちゃな。
0x69bdd	0xde	セス	この洞窟自体、護衛機能があるのよ。外敵を排除するため、ガードが出るから気を付けてね。
0x69bdd	0x14e	ファーニス	わぁぁぁぁぁっ。\n大っきい湖があるよ。
0x69bdd	0x181	セス	この羊水の湖の底に、メーフィス様が眠っているの。\n間違っても落ちない様に、気を付けてね。
0x69bdd	0x1cd	ファーニス	この湖、どのぐらい深いの？
0x69bdd	0x1ef	セス	パディッシュ様の話では、１６００メートルぐらいあるそうよ。\nメーフィス様は、最も深い所にいるわ。\nセス\n黄金のナイフを湖に投げ込めば、封印が解けるはずよ。\nさぁ、ウォーリック。
0x69bdd	0x26b	ウォーリック	・・・ああ。\n黄金のナイフをめぐって始まったこの旅も・・・・・ここで、終りだ。
0x69bdd	0x2bb		１本目のナイフを投げ込んだ。
0x69bdd	0x315		２本目のナイフを投げ込んだ。
0x69bdd	0x36f		３本目のナイフを投げ込んだ。
0x69bdd	0x3cd	ファーニス	・・・・・何にも、起んないね。
0x69bdd	0x3fb	ライド	・・・金竜様は、お昼寝中かな？
0x69bdd	0x42b	レイナ	・・・・・ちょっと、不安ね。
0x69bdd	0x456	ウォーリック	・・・・・おおっ！？\n水面に、変化が。
0x69bdd	0x48e	ウォーリック	・・・鎧の塔って何の事だ、セス。
0x69bdd	0x4b6	セス	メーフィス様に限らず、神竜と神官竜は、それぞれ自分の鎧の塔を持っているの。\nセス\n塔の中には、自分が選んだ者に渡す、守護騎士の３鎧７がしまってあるんだけど・・・ただ、置いてあるだけじゃないのよ。\nセス\n鎧の塔は、別名『開眼の塔』とも呼ばれ、守護騎士になるための試練を与える場でもあるの。
0x69bdd	0x584	ライド	守護騎士になるのも、楽じゃねぇなぁ。
0x69bdd	0x5a2	セス	・・・そうね。\n神官竜の守護騎士なら、他の大陸にもたくさんいるけど、神竜の守護騎士では話は別よ。\nセス\n神竜の３鎧７・・・神の力が宿る３鎧７。\nその力は、無限に近いはず。\nそんな３鎧７、並大抵では着こなせないわ。\nセス\nでも、貴方なら大丈夫・・・神竜が選んだ人ですもの。\n頑張ってね、ウォーリック。
0x69bdd	0x69b	ウォーリック	・・・神竜の３鎧７かぁ。\nここまで来たんだ。\n何でもやってやるぜ。
0x69bdd	0x6d5		！ンセス\nじゃあ、貴方にこれを渡しておくわ。パディッシュ様から預かっていた物よ。
0x69bdd	0x718		鎧の紋章を受け取った。
0x69bdd	0x73f	ウォーリック	・・・何だ、これ？
0x69bdd	0x75f	セス	鎧の塔を開ける鍵よ。\nこんな事態を予想して、９００年前にメーフィス様が、パディッシュ様に渡したのを、私が預かって来たの。\nセス\nさぁ、早く行きましょう。\nメーフィス様の鎧の塔は、フローディーテの森の中腹にあるわ。
0x6a14b	0x1d	ウォーリック	・・・メーフィス様。\n３鎧７を取って参りました。
0x6a14b	0x6a		守護騎士の装備一式を置いた。
0x6a14b	0x9f	ウォーリック	こっ、これが神竜の３鎧７。\n・・・神竜の魂が、吹き込まれた３鎧７なのか。
0x6a14b	0xeb	セス	さぁ、ウォーリック。\n早く、装備してみましょう。
0x6a14b	0x143		７⟨14⟩⟨14⟩　ウォーリックは、守護騎士の装備を身に付けた。
0x6a14b	0x170	ファーニス	わぁぁぁっ、素敵。\nカッコいいよ、ウォーリック。\nキラキラ光ってて、顔が映りそうだね。
0x6a14b	0x1b8	ライド	ほぉぉぉぉぉっ。\nよく似合ってるぜ、ウォーリック。\n『黄金の守護騎士』ってとこかな。
0x6a14b	0x206	レイナ	・・・何か、素直に喜べない。\nウォーリックが、どんどん遠くに行ってしまう気がしちゃって・・・。
0x6a14b	0x253	ライド	そんな事ないよなぁ、セス。\n守護騎士って、そんなバケモノみたいな存在じゃないぜ。
0x6a14b	0x298	セス	そうそう。\n皆、普通の人間よ。\nまぁ、守護騎士って、人間だけに限定されてはいないけどね。\nセス\nそれよりどう、ウォーリック？\n守護騎士の３鎧７を着た感想は。
0x6a14b	0x30a	ウォーリック	・・・うぅぅぅん。\n着心地は最高だけど・・・ブッ飛んだ力とかは、感じないなぁ。
0x6a14b	0x35a	セス	それはそうよ。\n守護騎士の装備はね、本当に必要な時にだけ力を貸してくれるの。\nセス\n随時、竜の力が発動してたら、大変でしょう。\n普段は、普通の３鎧７と変わりないわ。
0x6a14b	0x3e5	ウォーリック	そうなのかぁ。
0x6a14b	0x3fd	セス	・・・これでやっと、戦力が互角になったわね。
0x6a14b	0x42b	ウォーリック	互角！？\n魔神軍の守護騎士の事か、セス。
0x6a14b	0x458	セス	こちら側の守護騎士は、３人。\n金竜の守護騎士の貴方。\n水晶竜の守護騎士のブラフォード。\nそれに・・・私。\nセス\n魔神軍の守護騎士も、３人と考えられるわ。\nまず、黒竜　ルードの守護騎士・・・シュタイナー。\nセス\nそれに、緑竜　バーダルの守護騎士。
0x6a14b	0x501		、ンウォーリック\nちょっ、ちょっと待ってくれ。\nバーダルって、氷の洞窟で死んでいたあの竜の事か！？
0x6a14b	0x542		。ンセス\n・・・そう。\n緑竜の守護騎士がいる事は確かなんだけど、誰も顔を知らないの。\nセス\nここに、来ていないし・・・魔神軍に付いた可能性が大きいわ。\nセス\n最後に、アスタルト様の守護騎士。\n魔神となっても、守護騎士を作る能力は残っているはずよ。\nセス\n・・・その戦闘力は、未知数。\n魔神の守護騎士なんて、まったく想像も付かないわ。
0x6a14b	0x63d	ウォーリック	なぁ、セス。\nシュタイナーって奴の事、教えてくれないか？
0x6a14b	0x669	セス	・・・シュタイナー。\nかなり強力な魔法剣士らしいわね。\nセス\nマスターのルード様は、神官竜の中でも、最高の知能を持っていて、神竜の近衛的存在だったそうよ。\nセス\nルード様は、アスタルト様と共にいなくなってしまったの。\nシュタイナーは、３年ほど前に守護騎士になったらしいわ。
0x6a14b	0x71c		・ンウォーリック\n・・・そうか。
0x6a14b	0x737	セス	シュタイナーが、どうかしたの？
0x6a14b	0x753	ウォーリック	・・・いやっ。\n何でもない。\nさて、これからどうするかな。
0x6a14b	0x788	セス	ブラフォードが、クーレイアの位置を突き止めるまで、ここの守りを固めた方がいいわね。\nセス\n１回、パディッシュ様の所に戻りましょう。
0x6a6ba	0xa2	レイナ	危なくなったら必ず逃げるのよ。\n無理しちゃ駄目だからね。
0x6a6ba	0xdb	レイナ	早く帰って来てね、ウォーリック。\n無理しちゃ駄目よ、わかった。
0x6a6ba	0x117	ファーニス	気を付けてね、ウォーリック。\n私達、ちゃんと待ってるから。
0x6a6ba	0x146	ファーニス	私も行ってみたいなぁ。\nねぇ、ウォーリック・・・中の様子、後で話してね。
0x6a6ba	0x18a	ライド	神竜の鎧の塔かぁ。\n・・・何か、面白そうだな。\n俺も入ってみたいぜ。
0x6a6ba	0x1cc	ライド	腕試しだと思えば、簡単なモンだぜ。俺たちは、ここで待ってるからな。\n・・・頑張れよ。
0x6a6ba	0x222	セス	鎧の塔には、トラップは無いから安心して。\n貴方の腕の見せ処よ。\n・・・思いっきりね。
0x6a6ba	0x274	セス	頑張ってね、ウォーリック。\n神竜の守護騎士になれるなんて、願ってもない事よ。
0x6a6ba	0x2b2	セス	どこ行くのウォーリック。\n入口は、そっちじゃないわ。
0x6a6ba	0x2ee	ウォーリック	・・・思ってたより、暗いなぁ。\nさぁぁぁて。\n３鎧７をもらって、早く帰るか。\nウォーリック\n・・・・・んっ！？\n奥で、何か動いたぞ。
0x6a6ba	0x367	ウォーリック	・・・・・開かない。\n３鎧７を取るまで、出れない仕掛なのか。
0x6a6ba	0x3ab	ウォーリック	これが、アトォムが言ってた鎧の紋章だな。\n俺の持ってる紋章と、同じデザインだ。・・・触ってみるか。
0x6a6ba	0x413	ウォーリック	この紋章を見ると、ホッとするなぁ。
0x6a6ba	0x43f	ウォーリック	助かるぜ。\nこの鎧の紋章がなかったら、とっくに倒されてるな。
0x6a6ba	0x47c	ウォーリック	ふぅぅぅぅぅっ。\n怪我を回復してくれるなんて、サービスいいなぁ。
0x6a6ba	0x678		ウォーリックは、鎧の紋章を扉にかざした。
0x6a6ba	0x69f	ウォーリック	・・・・・もう、開かないのか。
0x6a6ba	0x6bf	ファーニス	・・・もぉ開かないよ。\n私も、入りたかったなぁ。
0x6ab6c	0xf2		豪華なリビング　アーマー\nようこそ。\n若き、守護騎士候補よ。\n・・・我は、鎧神　アトォム。\nこの鎧の塔の、番人である。\n鎧神　アトォム\nメーフィス様より、神竜の３鎧７を預かって数百年。\n神竜の守護騎士となるべく、この塔に入ったのは、貴公が初めてだ。\n鎧神　アトォム\n・・・貴公の名を聞こう。
0x6ab6c	0x1d1	ウォーリック	・・・俺の名は、ウォーリック。
0x6ab6c	0x1f0		鎧神　アトォム\nウォーリック・・・良い名だ。\n鎧神　アトォム\n３鎧７は、この塔の最上階にある。\n各階のリビング　アーマーを倒し、最上階まで登って来い。\nそれが、守護騎士の試練だ。\n鎧神　アトォム\n各階にある鎧の紋章に触れれば、怪我は完治する。\n大切なのは、剣技ではなく、心。\n３剣７を振るう心、３鎧７を着る心だ。\n鎧神　アトォム\n３鎧７や３剣７は、人を選ぶ。\nそして、選ばれた者にだけ、真の力を貸してくれる。\n鎧神　アトォム\nリビング　アーマー達は、お前の心を見ているぞ。\n・・・今、お前を守っている３鎧７や３剣７に、恥じぬ行動をとる事だ。\n鎧神　アトォム\n若き剣士よ。\n己の力の全てを示せ。\n・・・私は、最上階で待っている。
0x6ab6c	0x4ca	ウォーリック	・・・さぁぁぁて。\n３鎧７をもらいに、行きましょうか。\n待ってろよ、鎧神。
0x6ab6c	0x515		！グンーン・ねン・ぱン・のン
0x6ab6c	0x595		！ケンーン・ねン・ぱン・のン
0x6ab6c	0x615		！ゲンーン・ねン・ぱン・のン
0x6ab6c	0x6a3	ウォーリック	ああっ！？\nラット　ジャイアントだ。
0x6ab6c	0x72c	ウォーリック	・・・そうだ。
0x6ab6c	0x769		・ンー　ンリビング　アーマー\n強そうな御方だ。\n・・・拙者と、一騎討ちを所望したい。
0x6ab6c	0x7b5	ウォーリック	・・・望むところだ。
0x6b026	0xd		・ンリビング　アーマー\nあいや、待たれよ。
0x6b026	0x86		、ンリビング　アーマー\n魔導具の名工、カーズ作。\n我が名は・・・風。
0x6b026	0xcf		リビング　アーマー\n同じく。\n・・・雨。
0x6b026	0xf9		・ンリビング　アーマー\n同じく。\n・・・雷。\nリビング　アーマー\nウォーリック殿。\n我等、嵐の三面剣と勝負だ。
0x6b026	0x1b0	ウォーリック	・・・んんっ！？\n何か、嫌な予感がするぞ。\nウォーリック\n・・・どわっ！
0x6b026	0x2a5		・ンリビング　アーマー\n拙者と勝負だ。
0x6b026	0x2c3		？ンリビング　アーマー\nウォーリック殿。\n参るぞ。
0x6b026	0x2e1		。ンリビング　アーマー\nいざ、いざ、いざっ。
0x6b026	0x300		リビング　アーマー\nただ今、見参。
0x6b026	0x31d		リビング　アーマー\n時間、いっぱい。
0x6b026	0x338		、ンリビング　アーマー\n参るぞ、ウォーリック殿。
0x6b026	0x357		リビング　アーマー\n待った無し。
0x6b026	0x394	ウォーリック	うぉぉぉぉぉぉぉぉぉっ！\n全員まとめて、かかって来ぉぉぉい。
0x6b026	0x3d5		！シンーン・ねン・のン
0x6b026	0x3e8		！ジンーン・ねン・のン
0x6b026	0x3fb		！スンーン・ねン・のン
0x6b026	0x40e		！ズンーン・ねン・のン
0x6b026	0x421		！センーン・ねン・のン
0x6b026	0x434		！ゼンーン・ねン・のン
0x6b026	0x447		！ソンーン・ねン・のン
0x6b026	0x48d		ブレスト　アーマーは、もう何も喋らない。\nウォーリックの目の前で、３鎧７はみるみる錆始め、既に赤黒く、以前の雄姿はカケラも感じられない。その思いを伝え、３鎧７の役目は終ったのだ。\nウォーリックが抱き上げようと手を伸ばしたが、３鎧７は錆となり崩れ、空にとけていった。\n暗い塔の中に、錆の粒子だけがキラキラと舞っている。
0x6b026	0x578	ウォーリック	ありがとう、ブレスト　アーマー。\nお前達の事は、決して忘れない。
0x6b026	0x5e3		鎧神　アトォム\n・・・・・フッ。\n人間とは、実に成長する生き物だな。１階で会った者とは、まるで別人の様だ。
0x6b026	0x63d	ウォーリック	・・・ああ。\n昔の仲間にも会えたし。\n御蔭様で、いい体験させてもらったぜ。
0x6b026	0x67f		鎧神　アトォム\n最後の試練だ。\n来い、ウォーリック。
0x6b026	0x6c3		鎧神　アトォム\nよくやったぞ、ウォーリック。\nさぁ、３鎧７がお前を待っている。\n好きな３鎧７を選ぶがいい。
0x6b026	0x73f		鎧神　アトォム\nどこへ行くのだ、ウォーリック。\n用は、まだ済んでないぞ。
0x6b51d	0x1f	ウォーリック	人の気配を感じる。\n・・・誰だ！
0x6b51d	0xb9		黒い鎧の男\n・・・これは驚いたな。\nまさか、貴様が金竜の守護騎士に選ばれるとは。
0x6b51d	0xfe	ウォーリック	お前・・・神殿遺跡で、ブラフォードと戦っていた・・・。\nなぜ、ここにいる！？
0x6b51d	0x145		黒い鎧の男\n簡単な事だ。\n金竜の守護騎士となる者を、この手で倒すために来た。\n黒い鎧の男\nアスタルト様の復活を知れば、１人でも多くの戦力が欲しいはずだ。\n守護騎士を作ろうとするのは、必定。\n黒い鎧の男\nその者は、マスターのメーフィス様と、同等の力を持つ事になる。\nアスタルト様には、この上なく邪魔な存在なのだ。
0x6b51d	0x21c	ウォーリック	銀竜　アスタルト。\n魔神に肉体を乗っ取っられた、神竜。・・・やはり、復活していたのか。\nウォーリック\n・・・貴様、なぜ魔神に荷担する。\nお前も、人間だろう。\nお前も、守護騎士だろう。
0x6b51d	0x2b8		黒い鎧の男\n・・・・・フンッ。\n黒い鎧の男\n貴様には、借りがあったな。\n・・・名を聞こう。
0x6b51d	0x32b		黒い鎧の男\n俺の名は、シュタイナー。\n黒竜　ルードをマスターに持つ、黒の守護騎士だ。\nシュタイナー\nウォーリック。\n・・・勝負だ！
0x6b51d	0x3aa	シュタイナー	・・・フッ。\n強いな、ウォーリック。\n金竜の守護騎士に、選ばれるだけの事はある。\nシュタイナー\n貴様が守護騎士としての道を歩むなら、いずれ、また会う事になるであろう。・・・その時こそ、勝負だ。
0x6b51d	0x48f	ウォーリック	・・・黒の守護騎士、シュタイナー。奴の３剣７に、邪念は感じない。
0x6b51d	0x4c9	ウォーリック	この３鎧７、キレイだなぁ。
0x6b51d	0x4e4	ウォーリック	・・・ちょっと、趣味じゃないかな。
0x6b51d	0x50b	ウォーリック	これは、サイズが合わない。
0x6b51d	0x528	ウォーリック	ふぅぅぅぅぅん。\nこれも、いいなぁ。
0x6b51d	0x54d	ウォーリック	レイナだったら、どれを選ぶかなぁ。
0x6b51d	0x56d	ウォーリック	うぅぅぅぅぅん。\nどれにするか、迷うなぁ。
0x6b51d	0x594	ウォーリック	やっぱり、着やすい３鎧７がいいよな。
0x6b51d	0x5b8	ウォーリック	こっ、この３鎧７だ。\n・・・俺の３鎧７は、絶対にこれだ。
0x6b51d	0x602		守護騎士の３鎧７を手に入れた。
0x6b51d	0x630	ウォーリック	・・・かっ、軽い。\nこの３鎧７・・・信じられないくらい軽いぞ。
0x6b51d	0x684	ウォーリック	・・・・・おおっ！？\nこれだな。
0x6b51d	0x6b9		守護騎士の長剣を手に入れた。
0x6b51d	0x6e7	ウォーリック	・・・うんっ。\nいい３剣７だ。\n刀身から、凄い力を感じるぞ。
0x6b51d	0x726	ウォーリック	今度は、３盾７だ。\n・・・かなり奥にあるなぁ。\n・・・・・・・・よしっ、掴んだ。
0x6b51d	0x786		守護騎士の３盾７を手に入れた。
0x6b51d	0x7ae	ウォーリック	・・・これも凄い。\nこれが守護騎士の装備なのか。
0x6b9d9	0x8		［セス］\nメーフィス様が、復活するわ。
0x6b9d9	0x66		［セス］\nお戻り下さい、メーフィス様！\nまだ、早すぎたのです。
0x6b9d9	0x98		［セス］\n体が崩れていく。\n蘇生しきれていないんだわ。
0x6b9d9	0xc6		［メーフィス］\n・・・心配は無用だ。\nアスタルトが復活した様だな。
0x6b9d9	0xff		［セス］\nはい。\nブラフォードが、正確な情報を調べています。
0x6b9d9	0x12f		［メーフィス］\nアスタルトは完全に復活した様だが、私の完全な再生はあと数百年かかりそうだ。\n［メーフィス］\n神官竜では、アスタルトを止められん。\n・・・守護騎士でもだ。\n［メーフィス］\nしかし、私以外でアスタルトと戦える者が一人いる。
0x6b9d9	0x1eb		［セス］\n・・・まさか。
0x6b9d9	0x206		［メーフィス］\n私の守護騎士。\n・・・神竜の守護騎士だ。\n［メーフィス］\nそして、その守護騎士にふさわしい者は、ウォーリック。\nお前だ。
0x6b9d9	0x29d		［メーフィス］\nお前の持っていた黄金のナイフは、私の魂を３つに分けた物。\n［メーフィス］\nお前と共に旅をし、私はいつもお前を見ていた。\n［メーフィス］\nそして、ウォーリック。\nお前は人間的な甘さはあれど、守護騎士の素質は十分。\n［メーフィス］\n・・・私の守護騎士になってくれるか！？
0x6b9d9	0x37e		［メーフィス］\nセス。\n・・・ウォーリックを鎧の塔へ。\n［メーフィス］\nアスタルトも、私が封印から出た事を感付いた筈だ。\n［メーフィス］\n一刻も早くウォーリックに鎧を取らせるのだ。
0x6b9d9	0x410		［セス］\nはい。
0x6b9d9	0x424		［メーフィス］\n鎧は手に入った様だな。
0x6b9d9	0x446		［メーフィス］\n皆、奥まで下がるのだ。\n我が魂その鎧に授け、その者と共に永久に生きる。
0x6b9d9	0x48a		［メーフィス］\nウォーリックよ。\nこれで私は、いつもお前と共にある。\nいつでもお前の力になろう。
0x6b9d9	0x4ce		［メーフィス］\nしかし、これだけは忘れるな。\n神竜の力を秘めているとしても、それは装備にすぎない。\n［メーフィス］\nすべては使う者の心しだい。\n・・・わかっているな、ウォーリック。
0x6b9d9	0x554		［メーフィス］\n・・・後は頼んだぞ。\n私はもう少し、休ませてもらおう。
0x6bd18	0xe		・ゆンー　ンウィズバスキー\n・・・それより、そこの兄ちゃん。\nいい剣を持ってるじゃないか。\nちょっと、俺に見せてもらえないか？
0x6bd18	0x70	ライド	えっ、俺のこの剣の事か！？\nダメだ、ダメだ。\n他の者に、この剣は触らせたくない。
0x6bd18	0xb6		ウィズバスキー\nもったいないのぉ。\nその大剣・・・よく手入れされているが、かなりガタがきておる。\n今なら、無料でなおしてやるぞ。
0x6bd18	0x116	ライド	うぅぅぅぅぅぅぅぅぅぅん。
0x6bd18	0x134		・なおしてもらう。\n・ことわる。
0x6bd18	0x147		ウィズバスキー\nそうか、そりゃ残念だな。\nまぁ、気が変わったらいつでも来いや。
0x6bd18	0x181		ウィズバスキー\n俺みたいな鍛冶屋は、凄い剣を目の前にするとドキドキしちゃうよ。\nどれどれ、見せてもらおうか。
0x6bd18	0x1d9		ライドの大剣を渡した。
0x6bd18	0x1f8		・ゆンー　ンウィズバスキー\nでは、御拝見っと。\n・・・・・こッ、これはッ！？\nまさか・・・これは・・・この剣はッ！！
0x6bd18	0x260	ライド	おじさん。\n悪いんだが、急いでもらいたいんだがなぁ。
0x6bd18	0x296		わッ・・・わかった。\nすぐに仕上げるから、ちょっと待ってくれないか。\nこんなの相手にするのは、始めてなんだ。\nウィズバスキー\n・・・・・・・・・・・・・・・・・・・・・・・・・・・・・・・・・・・・・・・・・・・・・・・・・・・・・・・・・・・・・・・・・・・・・・。\nウィズバスキー\nできたよ。\nこれで、攻撃力は上がったはずだ。
0x6bd18	0x344	ライド	サンキュー、おじさん。\n感謝するぜ。
0x6bd18	0x374		ライドの大剣を受け取った。
0x6bd18	0x38c		・ゆンー　ンウィズバスキー\n俺もいい経験させてもらったよ。\nありがとよ、兄ちゃん。\nあんたは剣の手入れがいいから、その剣も喜んでいたぜ。
0x6bd18	0x3e4		・ゆンー　ンウィズバスキー\nフローディーテの森には、木の妖精ドリアードが住んでいる。\n彼女達を怒らせると、えらい目にあいぞ。
